[
    {
        "model": "directory.bankingcontact",
        "pk": 1,
        "fields": {
            "status": "DRAFT",
            "primary": true,
            "location": "WORK",
            "edited": "2022-07-06T15:50:16.514Z",
            "entry": 11,
            "institute": "Bank of Iceland",
            "institute_additional": null,
            "iban": "IS56 0159 2600 7654 6258 7602 15",
            "swift_bic": "NBIIISREXXX",
            "currency": 1,
            "additional_information": null
        }
    },
    {
        "model": "directory.bankingcontact",
        "pk": 2,
        "fields": {
            "status": "APPROVED",
            "primary": true,
            "location": "WORK",
            "edited": "2022-07-06T15:50:16.514Z",
            "entry": 19,
            "institute": "LowCountry Bank",
            "institute_additional": null,
            "iban": "NL93 ABNA 9242 0623 71",
            "swift_bic": "LCBANL2A",
            "currency": 1,
            "additional_information": null
        }
    },
    {
        "model": "directory.bankingcontact",
        "pk": 3,
        "fields": {
            "status": "PENDING",
            "primary": true,
            "location": "WORK",
            "edited": "2022-07-06T15:50:16.514Z",
            "entry": 20,
            "institute": "A Swiss Bank",
            "institute_additional": null,
            "iban": "CH58 0483 5134 6778 2491 1",
            "swift_bic": "ASBSCHZZ80A",
            "currency": 4,
            "additional_information": null
        }
    },
    {
        "model": "directory.bankingcontact",
        "pk": 4,
        "fields": {
            "status": "DRAFT",
            "primary": true,
            "location": "WORK",
            "edited": "2022-07-06T15:50:16.514Z",
            "entry": 10,
            "institute": "COMMERZBANK Aktiengesellschaft, pobočka Praha",
            "institute_additional": null,
            "iban": "CZ66 6200 0000 1933 2277 1950",
            "swift_bic": "COBACZPX",
            "currency": 2,
            "additional_information": null
        }
    },
    {
        "model": "directory.bankingcontact",
        "pk": 5,
        "fields": {
            "status": "PENDING",
            "primary": true,
            "location": "WORK",
            "edited": "2022-07-06T15:50:16.514Z",
            "entry": 14,
            "institute": "Banca Popolare di Bergamo SpA",
            "institute_additional": null,
            "iban": "IT78 A054 2811 1010 6896 9563 839",
            "swift_bic": "BEPOIT21XXX",
            "currency": 16,
            "additional_information": null
        }
    },
    {
        "model": "directory.bankingcontact",
        "pk": 6,
        "fields": {
            "status": "DRAFT",
            "primary": true,
            "location": "WORK",
            "edited": "2022-07-06T15:50:16.514Z",
            "entry": 13,
            "institute": "NATIONAL BANK OF GREECE S.A.",
            "institute_additional": null,
            "iban": "GR44 0110 1250 0000 0006 7594 556",
            "swift_bic": "ETHNGRAA",
            "currency": 3,
            "additional_information": null
        }
    },
    {
        "model": "directory.bankingcontact",
        "pk": 7,
        "fields": {
            "status": "APPROVED",
            "primary": true,
            "location": "PRIVATE",
            "edited": "2022-07-06T15:50:16.514Z",
            "entry": 24,
            "institute": "UBS Switzerland",
            "institute_additional": null,
            "iban": "CH3589144163198225275",
            "swift_bic": "UBSWCHZH80A",
            "currency": 4,
            "additional_information": null
        }
    },
    {
        "model": "directory.bankingcontact",
        "pk": 8,
        "fields": {
            "status": "APPROVED",
            "primary": true,
            "location": "PRIVATE",
            "edited": "2022-07-06T15:50:16.514Z",
            "entry": 34,
            "institute": "Československá obchodní banka, a. s.",
            "institute_additional": null,
            "iban": "CZ7050513258424242394677",
            "swift_bic": "CEKOCZPP",
            "currency": 1,
            "additional_information": null
        }
    },
    {
        "model": "directory.bankingcontact",
        "pk": 9,
        "fields": {
            "status": "APPROVED",
            "primary": true,
            "location": "PRIVATE",
            "edited": "2022-07-06T15:50:16.514Z",
            "entry": 39,
            "institute": "JPMorgan Chase & Co.",
            "institute_additional": null,
            "iban": null,
            "swift_bic": "CHASUS33XXX",
            "currency": 2,
            "additional_information": "Routing Number: 933093838, Account Number: 34616519"
        }
    },
    {
        "model": "directory.addresscontact",
        "pk": 1,
        "fields": {
            "primary": true,
            "location": "WORK",
            "entry": 30,
            "street": "17/4-5 Soi Santhiparp Nares Road 2",
            "street_additional": null,
            "zip": "10500",
            "province": null,
            "geography_city": 1
        }
    },
    {
        "model": "directory.addresscontact",
        "pk": 2,
        "fields": {
            "primary": true,
            "location": "WORK",
            "entry": 34,
            "street": "Nezvalova 1566",
            "street_additional": null,
            "zip": "256 01",
            "province": null,
            "geography_city": 5
        }
    },
    {
        "model": "directory.addresscontact",
        "pk": 3,
        "fields": {
            "primary": true,
            "location": "WORK",
            "entry": 11,
            "street": "Laugarvegur 114",
            "street_additional": "",
            "zip": "154",
            "province": null,
            "geography_city": 11
        }
    },
    {
        "model": "directory.addresscontact",
        "pk": 4,
        "fields": {
            "primary": true,
            "location": "WORK",
            "entry": 39,
            "street": "2403 Farland Avenue",
            "street_additional": null,
            "zip": "78123",
            "province": null,
            "geography_city": 15
        }
    },
    {
        "model": "directory.addresscontact",
        "pk": 5,
        "fields": {
            "primary": true,
            "location": "WORK",
            "entry": 38,
            "street": "339 Colony Street",
            "street_additional": null,
            "zip": "06443",
            "province": null,
            "geography_city": 17
        }
    },
    {
        "model": "directory.addresscontact",
        "pk": 6,
        "fields": {
            "primary": true,
            "location": "WORK",
            "entry": 40,
            "street": "1918 Jett Lane",
            "street_additional": "Upper Palace",
            "zip": "90250",
            "province": null,
            "geography_city": 19
        }
    },
    {
        "model": "directory.addresscontact",
        "pk": 7,
        "fields": {
            "primary": true,
            "location": "WORK",
            "entry": 26,
            "street": "Wings Bldg",
            "street_additional": null,
            "zip": "n/a",
            "province": null,
            "geography_city": 22
        }
    },
    {
        "model": "directory.addresscontact",
        "pk": 8,
        "fields": {
            "primary": true,
            "location": "WORK",
            "entry": 28,
            "street": "Строителей, дом 2/А, кв. 110",
            "street_additional": null,
            "zip": null,
            "province": null,
            "geography_city": 25
        }
    },
    {
        "model": "directory.addresscontact",
        "pk": 9,
        "fields": {
            "primary": true,
            "location": "WORK",
            "entry": 42,
            "street": "Mittelweg 177",
            "street_additional": null,
            "zip": "20148",
            "province": null,
            "geography_city": 28
        }
    },
    {
        "model": "directory.addresscontact",
        "pk": 10,
        "fields": {
            "primary": true,
            "location": "WORK",
            "entry": 37,
            "street": "Hartstrone st Limerick",
            "street_additional": null,
            "zip": "n/A",
            "province": null,
            "geography_city": 31
        }
    },
    {
        "model": "directory.addresscontact",
        "pk": 11,
        "fields": {
            "primary": true,
            "location": "WORK",
            "entry": 35,
            "street": "Burgwal 149",
            "street_additional": null,
            "zip": "3931 HL",
            "province": null,
            "geography_city": 34
        }
    },
    {
        "model": "directory.addresscontact",
        "pk": 12,
        "fields": {
            "primary": false,
            "location": "WORK",
            "entry": 28,
            "street": "140 Western Main Rd",
            "street_additional": null,
            "zip": null,
            "province": null,
            "geography_city": 38
        }
    },
    {
        "model": "directory.addresscontact",
        "pk": 13,
        "fields": {
            "primary": true,
            "location": "WORK",
            "entry": 18,
            "street": "Warner Drive",
            "street_additional": null,
            "zip": "WD25 7LP",
            "province": null,
            "geography_city": 41
        }
    },
    {
        "model": "directory.addresscontact",
        "pk": 14,
        "fields": {
            "primary": true,
            "location": "PRIVATE",
            "entry": 22,
            "street": "Sundlaugavegur 101",
            "street_additional": null,
            "zip": "232",
            "province": null,
            "geography_city": 43
        }
    },
    {
        "model": "directory.addresscontact",
        "pk": 15,
        "fields": {
            "primary": true,
            "location": "PRIVATE",
            "entry": 24,
            "street": "Via Albarelle 74",
            "street_additional": null,
            "zip": "1071",
            "province": null,
            "geography_city": 46
        }
    },
    {
        "model": "directory.addresscontact",
        "pk": 16,
        "fields": {
            "primary": true,
            "location": "WORK",
            "entry": 17,
            "street": "Mittelweg 177",
            "street_additional": null,
            "zip": "20148",
            "province": null,
            "geography_city": 28
        }
    },
    {
        "model": "directory.addresscontact",
        "pk": 17,
        "fields": {
            "primary": true,
            "location": "WORK",
            "entry": 15,
            "street": "Wings Bldg",
            "street_additional": null,
            "zip": "n/a",
            "province": null,
            "geography_city": 22
        }
    },
    {
        "model": "directory.addresscontact",
        "pk": 18,
        "fields": {
            "primary": true,
            "location": "WORK",
            "entry": 9,
            "street": "17/4-5 Soi Santhiparp Nares Road 2",
            "street_additional": null,
            "zip": "10500",
            "province": null,
            "geography_city": 1
        }
    },
    {
        "model": "directory.addresscontact",
        "pk": 19,
        "fields": {
            "primary": true,
            "location": "WORK",
            "entry": 12,
            "street": "2403 Farland Avenue",
            "street_additional": null,
            "zip": "78123",
            "province": null,
            "geography_city": 15
        }
    },
    {
        "model": "directory.addresscontact",
        "pk": 20,
        "fields": {
            "primary": true,
            "location": "WORK",
            "entry": 10,
            "street": "Nezvalova 1566",
            "street_additional": null,
            "zip": "256 01",
            "province": null,
            "geography_city": 5
        }
    },
    {
        "model": "directory.addresscontact",
        "pk": 21,
        "fields": {
            "primary": true,
            "location": "WORK",
            "entry": 20,
            "street": "Kronwiesenweg 134",
            "street_additional": null,
            "zip": "5024",
            "province": null,
            "geography_city": 48
        }
    },
    {
        "model": "directory.addresscontact",
        "pk": 22,
        "fields": {
            "primary": true,
            "location": "WORK",
            "entry": 16,
            "street": "Строителей, дом 2/А, кв. 110",
            "street_additional": null,
            "zip": "Республика Кабардино-Балкария",
            "province": null,
            "geography_city": 25
        }
    },
    {
        "model": "directory.addresscontact",
        "pk": 23,
        "fields": {
            "primary": true,
            "location": "WORK",
            "entry": 21,
            "street": "140 Western Main Rd",
            "street_additional": null,
            "zip": null,
            "province": null,
            "geography_city": 38
        }
    },
    {
        "model": "directory.addresscontact",
        "pk": 24,
        "fields": {
            "primary": true,
            "location": "WORK",
            "entry": 14,
            "street": "1918 Jett Lane",
            "street_additional": "Upper Palace",
            "zip": "90250",
            "province": null,
            "geography_city": 19
        }
    },
    {
        "model": "directory.addresscontact",
        "pk": 25,
        "fields": {
            "primary": true,
            "location": "WORK",
            "entry": 13,
            "street": "339 Colony Street",
            "street_additional": null,
            "zip": "06443",
            "province": null,
            "geography_city": 17
        }
    },
    {
        "model": "directory.addresscontact",
        "pk": 26,
        "fields": {
            "primary": true,
            "location": "PRIVATE",
            "entry": 8,
            "street": "1600 Pennsylvania Avenue",
            "street_additional": null,
            "zip": "20500",
            "province": null,
            "geography_city": 50
        }
    },
    {
        "model": "directory.addresscontact",
        "pk": 27,
        "fields": {
            "primary": true,
            "location": "PRIVATE",
            "entry": 1,
            "street": "ул. Воздвиженка",
            "street_additional": null,
            "zip": null,
            "province": null,
            "geography_city": 52
        }
    },
    {
        "model": "directory.addresscontact",
        "pk": 28,
        "fields": {
            "primary": true,
            "location": "PRIVATE",
            "entry": 23,
            "street": "Röstavägen",
            "street_additional": null,
            "zip": "83043",
            "province": null,
            "geography_city": 55
        }
    },
    {
        "model": "directory.addresscontact",
        "pk": 29,
        "fields": {
            "primary": true,
            "location": "PRIVATE",
            "entry": 36,
            "street": "Hulkerweg",
            "street_additional": null,
            "zip": "1647",
            "province": null,
            "geography_city": 57
        }
    },
    {
        "model": "directory.addresscontact",
        "pk": 30,
        "fields": {
            "primary": true,
            "location": "PRIVATE",
            "entry": 44,
            "street": "Skidoo Road",
            "street_additional": null,
            "zip": null,
            "province": null,
            "geography_city": 58
        }
    },
    {
        "model": "directory.addresscontact",
        "pk": 31,
        "fields": {
            "primary": true,
            "location": "PRIVATE",
            "entry": 31,
            "street": null,
            "street_additional": null,
            "zip": null,
            "province": null,
            "geography_city": 60
        }
    },
    {
        "model": "directory.addresscontact",
        "pk": 32,
        "fields": {
            "primary": true,
            "location": "PRIVATE",
            "entry": 45,
            "street": "P. Bezruče",
            "street_additional": null,
            "zip": "47106",
            "province": null,
            "geography_city": 62
        }
    },
    {
        "model": "directory.addresscontact",
        "pk": 33,
        "fields": {
            "primary": true,
            "location": "PRIVATE",
            "entry": 33,
            "street": null,
            "street_additional": null,
            "zip": null,
            "province": null,
            "geography_city": 64
        }
    },
    {
        "model": "directory.addresscontact",
        "pk": 34,
        "fields": {
            "primary": true,
            "location": "PRIVATE",
            "entry": 41,
            "street": "ул. Торговая",
            "street_additional": null,
            "zip": null,
            "province": null,
            "geography_city": 66
        }
    },
    {
        "model": "directory.addresscontact",
        "pk": 35,
        "fields": {
            "primary": true,
            "location": "PRIVATE",
            "entry": 47,
            "street": "Красноармейская ул",
            "street_additional": null,
            "zip": null,
            "province": null,
            "geography_city": 68
        }
    },
    {
        "model": "directory.addresscontact",
        "pk": 36,
        "fields": {
            "primary": true,
            "location": "PRIVATE",
            "entry": 48,
            "street": null,
            "street_additional": null,
            "zip": null,
            "province": null,
            "geography_city": 70
        }
    },
    {
        "model": "directory.addresscontact",
        "pk": 37,
        "fields": {
            "primary": true,
            "location": "PRIVATE",
            "entry": 32,
            "street": null,
            "street_additional": null,
            "zip": null,
            "province": null,
            "geography_city": 72
        }
    },
    {
        "model": "directory.addresscontact",
        "pk": 38,
        "fields": {
            "primary": true,
            "location": "PRIVATE",
            "entry": 43,
            "street": "Žižkova",
            "street_additional": null,
            "zip": "50801",
            "province": null,
            "geography_city": 74
        }
    },
    {
        "model": "directory.addresscontact",
        "pk": 39,
        "fields": {
            "primary": true,
            "location": "PRIVATE",
            "entry": 25,
            "street": "Junction Road",
            "street_additional": null,
            "zip": null,
            "province": null,
            "geography_city": 76
        }
    },
    {
        "model": "directory.addresscontact",
        "pk": 40,
        "fields": {
            "primary": true,
            "location": "PRIVATE",
            "entry": 29,
            "street": "Заводской пер.",
            "street_additional": null,
            "zip": "676121",
            "province": null,
            "geography_city": 78
        }
    },
    {
        "model": "directory.telephonecontact",
        "pk": 1,
        "fields": {
            "primary": true,
            "location": "WORK",
            "entry": 9,
            "number": "+6622351692",
            "telephone_type": "FIX"
        }
    },
    {
        "model": "directory.telephonecontact",
        "pk": 2,
        "fields": {
            "primary": false,
            "location": "WORK",
            "entry": 9,
            "number": "+6622351338",
            "telephone_type": "FAX"
        }
    },
    {
        "model": "directory.telephonecontact",
        "pk": 3,
        "fields": {
            "primary": true,
            "location": "WORK",
            "entry": 10,
            "number": "+420325287449",
            "telephone_type": "FIX"
        }
    },
    {
        "model": "directory.telephonecontact",
        "pk": 4,
        "fields": {
            "primary": true,
            "location": "WORK",
            "entry": 11,
            "number": "+3544288734",
            "telephone_type": "FIX"
        }
    },
    {
        "model": "directory.telephonecontact",
        "pk": 5,
        "fields": {
            "primary": false,
            "location": "WORK",
            "entry": 11,
            "number": "+3544288700",
            "telephone_type": "FAX"
        }
    },
    {
        "model": "directory.telephonecontact",
        "pk": 6,
        "fields": {
            "primary": true,
            "location": "WORK",
            "entry": 12,
            "number": "+15129413600",
            "telephone_type": "CELL"
        }
    },
    {
        "model": "directory.telephonecontact",
        "pk": 7,
        "fields": {
            "primary": false,
            "location": "WORK",
            "entry": 12,
            "number": "+18305600451",
            "telephone_type": "FIX"
        }
    },
    {
        "model": "directory.telephonecontact",
        "pk": 8,
        "fields": {
            "primary": false,
            "location": "WORK",
            "entry": 38,
            "number": "+12032450376",
            "telephone_type": "FIX"
        }
    },
    {
        "model": "directory.telephonecontact",
        "pk": 9,
        "fields": {
            "primary": false,
            "location": "WORK",
            "entry": 13,
            "number": "+12032450375",
            "telephone_type": "FAX"
        }
    },
    {
        "model": "directory.telephonecontact",
        "pk": 10,
        "fields": {
            "primary": true,
            "location": "WORK",
            "entry": 13,
            "number": "+12032068419",
            "telephone_type": "CELL"
        }
    },
    {
        "model": "directory.telephonecontact",
        "pk": 11,
        "fields": {
            "primary": false,
            "location": "WORK",
            "entry": 40,
            "number": "+13106756514",
            "telephone_type": "FIX"
        }
    },
    {
        "model": "directory.telephonecontact",
        "pk": 12,
        "fields": {
            "primary": true,
            "location": "WORK",
            "entry": 15,
            "number": "+85228992234",
            "telephone_type": "FIX"
        }
    },
    {
        "model": "directory.telephonecontact",
        "pk": 13,
        "fields": {
            "primary": true,
            "location": "WORK",
            "entry": 28,
            "number": "+76629751632",
            "telephone_type": "FIX"
        }
    },
    {
        "model": "directory.telephonecontact",
        "pk": 14,
        "fields": {
            "primary": true,
            "location": "WORK",
            "entry": 17,
            "number": "+4940428380",
            "telephone_type": "FIX"
        }
    },
    {
        "model": "directory.telephonecontact",
        "pk": 15,
        "fields": {
            "primary": false,
            "location": "WORK",
            "entry": 17,
            "number": "+4940428384883",
            "telephone_type": "FAX"
        }
    },
    {
        "model": "directory.telephonecontact",
        "pk": 16,
        "fields": {
            "primary": true,
            "location": "WORK",
            "entry": 18,
            "number": "+35361468122",
            "telephone_type": "FIX"
        }
    },
    {
        "model": "directory.telephonecontact",
        "pk": 17,
        "fields": {
            "primary": false,
            "location": "WORK",
            "entry": 35,
            "number": "+31659045879",
            "telephone_type": "FIX"
        }
    },
    {
        "model": "directory.telephonecontact",
        "pk": 18,
        "fields": {
            "primary": true,
            "location": "WORK",
            "entry": 21,
            "number": "+18686342893",
            "telephone_type": "FIX"
        }
    },
    {
        "model": "directory.telephonecontact",
        "pk": 19,
        "fields": {
            "primary": true,
            "location": "PRIVATE",
            "entry": 22,
            "number": "+3544342136",
            "telephone_type": "FIX"
        }
    },
    {
        "model": "directory.telephonecontact",
        "pk": 20,
        "fields": {
            "primary": true,
            "location": "PRIVATE",
            "entry": 24,
            "number": "+4102179742358",
            "telephone_type": "FIX"
        }
    },
    {
        "model": "directory.telephonecontact",
        "pk": 21,
        "fields": {
            "primary": true,
            "location": "WORK",
            "entry": 33,
            "number": "+6628614512",
            "telephone_type": "FIX"
        }
    },
    {
        "model": "directory.telephonecontact",
        "pk": 22,
        "fields": {
            "primary": true,
            "location": "WORK",
            "entry": 35,
            "number": "+31659045880",
            "telephone_type": "FIX"
        }
    },
    {
        "model": "directory.telephonecontact",
        "pk": 23,
        "fields": {
            "primary": true,
            "location": "WORK",
            "entry": 36,
            "number": "+31659045880",
            "telephone_type": "FIX"
        }
    },
    {
        "model": "directory.telephonecontact",
        "pk": 24,
        "fields": {
            "primary": true,
            "location": "WORK",
            "entry": 38,
            "number": "+120324503761",
            "telephone_type": "FIX"
        }
    },
    {
        "model": "directory.telephonecontact",
        "pk": 25,
        "fields": {
            "primary": true,
            "location": "WORK",
            "entry": 40,
            "number": "+1310675651425",
            "telephone_type": "FIX"
        }
    },
    {
        "model": "directory.telephonecontact",
        "pk": 26,
        "fields": {
            "primary": true,
            "location": "PRIVATE",
            "entry": 8,
            "number": "+18336920531",
            "telephone_type": "FIX"
        }
    },
    {
        "model": "directory.telephonecontact",
        "pk": 27,
        "fields": {
            "primary": true,
            "location": "PRIVATE",
            "entry": 37,
            "number": "+353669695988",
            "telephone_type": "FIX"
        }
    },
    {
        "model": "directory.telephonecontact",
        "pk": 28,
        "fields": {
            "primary": true,
            "location": "PRIVATE",
            "entry": 23,
            "number": "+46776165049",
            "telephone_type": "FIX"
        }
    },
    {
        "model": "directory.telephonecontact",
        "pk": 29,
        "fields": {
            "primary": true,
            "location": "PRIVATE",
            "entry": 42,
            "number": "+496871612197",
            "telephone_type": "FIX"
        }
    },
    {
        "model": "directory.telephonecontact",
        "pk": 30,
        "fields": {
            "primary": true,
            "location": "PRIVATE",
            "entry": 1,
            "number": "+74720311633",
            "telephone_type": "FIX"
        }
    },
    {
        "model": "directory.telephonecontact",
        "pk": 31,
        "fields": {
            "primary": true,
            "location": "PRIVATE",
            "entry": 44,
            "number": "+16297877318",
            "telephone_type": "FIX"
        }
    },
    {
        "model": "directory.telephonecontact",
        "pk": 32,
        "fields": {
            "primary": true,
            "location": "PRIVATE",
            "entry": 30,
            "number": "+66616515079",
            "telephone_type": "FIX"
        }
    },
    {
        "model": "directory.telephonecontact",
        "pk": 33,
        "fields": {
            "primary": true,
            "location": "PRIVATE",
            "entry": 31,
            "number": "+66829411286",
            "telephone_type": "FIX"
        }
    },
    {
        "model": "directory.telephonecontact",
        "pk": 34,
        "fields": {
            "primary": true,
            "location": "PRIVATE",
            "entry": 45,
            "number": "+420812603565",
            "telephone_type": "FIX"
        }
    },
    {
        "model": "directory.telephonecontact",
        "pk": 35,
        "fields": {
            "primary": true,
            "location": "PRIVATE",
            "entry": 47,
            "number": "+78797391541",
            "telephone_type": "FIX"
        }
    },
    {
        "model": "directory.telephonecontact",
        "pk": 36,
        "fields": {
            "primary": true,
            "location": "PRIVATE",
            "entry": 39,
            "number": "+12187821054",
            "telephone_type": "FIX"
        }
    },
    {
        "model": "directory.telephonecontact",
        "pk": 37,
        "fields": {
            "primary": true,
            "location": "PRIVATE",
            "entry": 41,
            "number": "+74134927715",
            "telephone_type": "FIX"
        }
    },
    {
        "model": "directory.telephonecontact",
        "pk": 38,
        "fields": {
            "primary": true,
            "location": "PRIVATE",
            "entry": 48,
            "number": "+14849077820",
            "telephone_type": "FIX"
        }
    },
    {
        "model": "directory.telephonecontact",
        "pk": 39,
        "fields": {
            "primary": true,
            "location": "PRIVATE",
            "entry": 32,
            "number": "+66996443024",
            "telephone_type": "FIX"
        }
    },
    {
        "model": "directory.telephonecontact",
        "pk": 40,
        "fields": {
            "primary": true,
            "location": "PRIVATE",
            "entry": 43,
            "number": "+420486508415",
            "telephone_type": "FIX"
        }
    },
    {
        "model": "directory.telephonecontact",
        "pk": 41,
        "fields": {
            "primary": true,
            "location": "PRIVATE",
            "entry": 27,
            "number": "+85273030135",
            "telephone_type": "FIX"
        }
    },
    {
        "model": "directory.telephonecontact",
        "pk": 42,
        "fields": {
            "primary": true,
            "location": "PRIVATE",
            "entry": 26,
            "number": "+85228952820",
            "telephone_type": "FIX"
        }
    },
    {
        "model": "directory.telephonecontact",
        "pk": 43,
        "fields": {
            "primary": true,
            "location": "PRIVATE",
            "entry": 25,
            "number": "+85221027823",
            "telephone_type": "FIX"
        }
    },
    {
        "model": "directory.telephonecontact",
        "pk": 44,
        "fields": {
            "primary": true,
            "location": "PRIVATE",
            "entry": 29,
            "number": "+74841496657",
            "telephone_type": "FIX"
        }
    },
    {
        "model": "directory.telephonecontact",
        "pk": 45,
        "fields": {
            "primary": true,
            "location": "WORK",
            "entry": 16,
            "number": "+74939323544",
            "telephone_type": "FIX"
        }
    },
    {
        "model": "directory.telephonecontact",
        "pk": 46,
        "fields": {
            "primary": true,
            "location": "WORK",
            "entry": 19,
            "number": "+31715257384",
            "telephone_type": "FIX"
        }
    },
    {
        "model": "directory.telephonecontact",
        "pk": 47,
        "fields": {
            "primary": false,
            "location": "PRIVATE",
            "entry": 37,
            "number": "+16467485008",
            "telephone_type": "FIX"
        }
    },
    {
        "model": "directory.emailcontact",
        "pk": 1,
        "fields": {
            "primary": true,
            "location": "WORK",
            "entry": null,
            "address": "admin@admin.ch"
        }
    },
    {
        "model": "directory.emailcontact",
        "pk": 2,
        "fields": {
            "primary": true,
            "location": "WORK",
            "entry": 8,
            "address": "admin@admin.ch"
        }
    },
    {
        "model": "directory.emailcontact",
        "pk": 3,
        "fields": {
            "primary": true,
            "location": "WORK",
            "entry": 9,
            "address": "kaizenit@mail.com"
        }
    },
    {
        "model": "directory.emailcontact",
        "pk": 4,
        "fields": {
            "primary": true,
            "location": "WORK",
            "entry": 10,
            "address": "like@art.com"
        }
    },
    {
        "model": "directory.emailcontact",
        "pk": 5,
        "fields": {
            "primary": true,
            "location": "WORK",
            "entry": 11,
            "address": "info@atlantic.com"
        }
    },
    {
        "model": "directory.emailcontact",
        "pk": 6,
        "fields": {
            "primary": true,
            "location": "WORK",
            "entry": 12,
            "address": "info@outpost.com"
        }
    },
    {
        "model": "directory.emailcontact",
        "pk": 7,
        "fields": {
            "primary": true,
            "location": "WORK",
            "entry": 13,
            "address": "metro@bank.com"
        }
    },
    {
        "model": "directory.emailcontact",
        "pk": 8,
        "fields": {
            "primary": true,
            "location": "WORK",
            "entry": 14,
            "address": "help@redwood.com"
        }
    },
    {
        "model": "directory.emailcontact",
        "pk": 9,
        "fields": {
            "primary": true,
            "location": "WORK",
            "entry": 15,
            "address": "darwin@consultants.com"
        }
    },
    {
        "model": "directory.emailcontact",
        "pk": 10,
        "fields": {
            "primary": true,
            "location": "WORK",
            "entry": 16,
            "address": "honest@consulting.ru"
        }
    },
    {
        "model": "directory.emailcontact",
        "pk": 11,
        "fields": {
            "primary": true,
            "location": "WORK",
            "entry": 19,
            "address": "info@lowCountry.com"
        }
    },
    {
        "model": "directory.emailcontact",
        "pk": 12,
        "fields": {
            "primary": true,
            "location": "WORK",
            "entry": 20,
            "address": "client@partner.ch"
        }
    },
    {
        "model": "directory.emailcontact",
        "pk": 13,
        "fields": {
            "primary": true,
            "location": "HOME",
            "entry": 22,
            "address": "DoggFridleifsdottir@dayrep.com"
        }
    },
    {
        "model": "directory.emailcontact",
        "pk": 14,
        "fields": {
            "primary": false,
            "location": "WORK",
            "entry": 22,
            "address": "DFridleifsdottir@atlantic.com"
        }
    },
    {
        "model": "directory.emailcontact",
        "pk": 15,
        "fields": {
            "primary": true,
            "location": "PRIVATE",
            "entry": 24,
            "address": "GiorgioLucchesi@teleworm.us"
        }
    },
    {
        "model": "directory.emailcontact",
        "pk": 16,
        "fields": {
            "primary": true,
            "location": "WORK",
            "entry": 25,
            "address": "Yan@consultants.com"
        }
    },
    {
        "model": "directory.emailcontact",
        "pk": 17,
        "fields": {
            "primary": true,
            "location": "WORK",
            "entry": 26,
            "address": "Bai@consultants.com"
        }
    },
    {
        "model": "directory.emailcontact",
        "pk": 18,
        "fields": {
            "primary": true,
            "location": "WORK",
            "entry": 27,
            "address": "Xinyi@consultants.com"
        }
    },
    {
        "model": "directory.emailcontact",
        "pk": 19,
        "fields": {
            "primary": true,
            "location": "WORK",
            "entry": 28,
            "address": "THosein@consulting.ru"
        }
    },
    {
        "model": "directory.emailcontact",
        "pk": 20,
        "fields": {
            "primary": true,
            "location": "WORK",
            "entry": 29,
            "address": "Mp@consulting.ru"
        }
    },
    {
        "model": "directory.emailcontact",
        "pk": 21,
        "fields": {
            "primary": true,
            "location": "WORK",
            "entry": 30,
            "address": "Banruerit.Kaizenit@mail.com"
        }
    },
    {
        "model": "directory.emailcontact",
        "pk": 22,
        "fields": {
            "primary": true,
            "location": "WORK",
            "entry": 31,
            "address": "Ratanarak.kaizenit@mail.com"
        }
    },
    {
        "model": "directory.emailcontact",
        "pk": 23,
        "fields": {
            "primary": true,
            "location": "WORK",
            "entry": 33,
            "address": "Sangwit.kaizenit@mail.com"
        }
    },
    {
        "model": "directory.emailcontact",
        "pk": 24,
        "fields": {
            "primary": true,
            "location": "WORK",
            "entry": 34,
            "address": "Kropa.like@art.com"
        }
    },
    {
        "model": "directory.emailcontact",
        "pk": 25,
        "fields": {
            "primary": true,
            "location": "WORK",
            "entry": 35,
            "address": "Breij@lowCountry.com"
        }
    },
    {
        "model": "directory.emailcontact",
        "pk": 26,
        "fields": {
            "primary": true,
            "location": "WORK",
            "entry": 36,
            "address": "Broens@lowCountry.com"
        }
    },
    {
        "model": "directory.emailcontact",
        "pk": 27,
        "fields": {
            "primary": true,
            "location": "WORK",
            "entry": 38,
            "address": "Smorillo.metro@bank.com"
        }
    },
    {
        "model": "directory.emailcontact",
        "pk": 28,
        "fields": {
            "primary": true,
            "location": "WORK",
            "entry": 40,
            "address": "Soule@redwood.com"
        }
    },
    {
        "model": "directory.emailcontact",
        "pk": 29,
        "fields": {
            "primary": false,
            "location": "PRIVATE",
            "entry": 40,
            "address": "M.Soule@online.com"
        }
    },
    {
        "model": "directory.emailcontact",
        "pk": 30,
        "fields": {
            "primary": true,
            "location": "WORK",
            "entry": 42,
            "address": "Beich@uni-hamburg.de"
        }
    },
    {
        "model": "directory.emailcontact",
        "pk": 31,
        "fields": {
            "primary": true,
            "location": "WORK",
            "entry": 43,
            "address": "Frei@company.com"
        }
    },
    {
        "model": "directory.emailcontact",
        "pk": 32,
        "fields": {
            "primary": true,
            "location": "WORK",
            "entry": 44,
            "address": "Wirtz@company.com"
        }
    },
    {
        "model": "directory.emailcontact",
        "pk": 33,
        "fields": {
            "primary": true,
            "location": "WORK",
            "entry": 45,
            "address": "Braaten@company.com"
        }
    },
    {
        "model": "directory.emailcontact",
        "pk": 34,
        "fields": {
            "primary": true,
            "location": "WORK",
            "entry": null,
            "address": "Overby@company.com"
        }
    },
    {
        "model": "directory.emailcontact",
        "pk": 35,
        "fields": {
            "primary": false,
            "location": "WORK",
            "entry": null,
            "address": "Overby@company.com"
        }
    },
    {
        "model": "directory.emailcontact",
        "pk": 36,
        "fields": {
            "primary": true,
            "location": "WORK",
            "entry": 47,
            "address": "Overby@company.com"
        }
    },
    {
        "model": "directory.emailcontact",
        "pk": 37,
        "fields": {
            "primary": true,
            "location": "WORK",
            "entry": 48,
            "address": "su@stainly.com"
        }
    },
    {
        "model": "directory.emailcontact",
        "pk": 38,
        "fields": {
            "primary": true,
            "location": "WORK",
            "entry": 17,
            "address": "info@uni-hamburg.de"
        }
    },
    {
        "model": "directory.emailcontact",
        "pk": 39,
        "fields": {
            "primary": true,
            "location": "PRIVATE",
            "entry": 37,
            "address": "andrew.quinn@mail.co.uk"
        }
    },
    {
        "model": "directory.emailcontact",
        "pk": 40,
        "fields": {
            "primary": true,
            "location": "PRIVATE",
            "entry": 23,
            "address": "astra@hotmail.com"
        }
    },
    {
        "model": "directory.websitecontact",
        "pk": 1,
        "fields": {
            "primary": true,
            "location": "WORK",
            "entry": 10,
            "url": "http://www.like-art.cz"
        }
    },
    {
        "model": "directory.websitecontact",
        "pk": 2,
        "fields": {
            "primary": true,
            "location": "WORK",
            "entry": 11,
            "url": "http://www.atlantic-games.com"
        }
    },
    {
        "model": "directory.websitecontact",
        "pk": 3,
        "fields": {
            "primary": true,
            "location": "WORK",
            "entry": 12,
            "url": "http://www.outpost-assets.com"
        }
    },
    {
        "model": "directory.websitecontact",
        "pk": 4,
        "fields": {
            "primary": true,
            "location": "WORK",
            "entry": 13,
            "url": "www.metro-bank.com"
        }
    },
    {
        "model": "directory.websitecontact",
        "pk": 5,
        "fields": {
            "primary": true,
            "location": "WORK",
            "entry": 17,
            "url": "http://uni-hamburg.de"
        }
    },
    {
        "model": "directory.websitecontact",
        "pk": 6,
        "fields": {
            "primary": true,
            "location": "PRIVATE",
            "entry": 47,
            "url": "http://over-ole.ru"
        }
    },
    {
        "model": "directory.websitecontact",
        "pk": 7,
        "fields": {
            "primary": true,
            "location": "PRIVATE",
            "entry": 37,
            "url": "http://andrew-quinn.ie"
        }
    },
    {
        "model": "directory.websitecontact",
        "pk": 8,
        "fields": {
            "primary": true,
            "location": "PRIVATE",
            "entry": 44,
            "url": "http://juliane-wirtz.com"
        }
    },
    {
        "model": "directory.relationshiptype",
        "pk": 1,
        "fields": {
            "title": "Friend",
            "counter_relationship": null,
            "slugify_title": null
        }
    },
    {
        "model": "directory.relationshiptype",
        "pk": 2,
        "fields": {
            "title": "Parent",
            "counter_relationship": null,
            "slugify_title": null
        }
    },
    {
        "model": "directory.relationshiptype",
        "pk": 3,
        "fields": {
            "title": "Child",
            "counter_relationship": 2,
            "slugify_title": null
        }
    },
    {
        "model": "directory.relationshiptype",
        "pk": 4,
        "fields": {
            "title": "Business Partner",
            "counter_relationship": null,
            "slugify_title": null
        }
    },
    {
        "model": "directory.relationshiptype",
        "pk": 5,
        "fields": {
            "title": "Brother",
            "counter_relationship": null,
            "slugify_title": null
        }
    },
    {
        "model": "directory.relationshiptype",
        "pk": 6,
        "fields": {
            "title": "Sister",
            "counter_relationship": null,
            "slugify_title": null
        }
    },
    {
        "model": "directory.relationship",
        "pk": 7,
        "fields": {
            "relationship_type": 2,
            "from_entry": 48,
            "to_entry": 8
        }
    },
    {
        "model": "directory.relationship",
        "pk": 8,
        "fields": {
            "relationship_type": 4,
            "from_entry": 9,
            "to_entry": 15
        }
    },
    {
        "model": "directory.relationship",
        "pk": 9,
        "fields": {
            "relationship_type": 5,
            "from_entry": 40,
            "to_entry": 41
        }
    },
    {
        "model": "directory.relationship",
        "pk": 10,
        "fields": {
            "relationship_type": 6,
            "from_entry": 41,
            "to_entry": 40
        }
    },
    {
        "model": "directory.clientmanagerrelationship",
        "pk": 1,
        "fields": {
            "relationship_manager": 43,
            "primary": true,
            "client": 23,
            "status": "APPROVED",
            "created": "2021-09-30T11:24:17.422Z"
        }
    },
    {
        "model": "directory.clientmanagerrelationship",
        "pk": 2,
        "fields": {
            "relationship_manager": 43,
            "primary": true,
            "client": 25,
            "status": "APPROVED",
            "created": "2021-09-30T11:24:17.422Z"
        }
    },
    {
        "model": "directory.clientmanagerrelationship",
        "pk": 3,
        "fields": {
            "relationship_manager": 45,
            "primary": true,
            "client": 28,
            "status": "PENDINGADD",
            "created": "2021-09-30T11:24:17.422Z"
        }
    },
    {
        "model": "directory.clientmanagerrelationship",
        "pk": 4,
        "fields": {
            "relationship_manager": 44,
            "primary": false,
            "client": 35,
            "status": "PENDINGADD",
            "created": "2021-09-30T11:24:17.422Z"
        }
    },
    {
        "model": "directory.clientmanagerrelationship",
        "pk": 5,
        "fields": {
            "relationship_manager": 44,
            "primary": false,
            "client": 36,
            "status": "PENDINGREMOVE",
            "created": "2021-09-30T11:24:17.422Z"
        }
    },
    {
        "model": "directory.clientmanagerrelationship",
        "pk": 6,
        "fields": {
            "relationship_manager": 45,
            "primary": true,
            "client": 37,
            "status": "DRAFT",
            "created": "2021-09-30T11:24:17.422Z"
        }
    },
    {
        "model": "directory.clientmanagerrelationship",
        "pk": 7,
        "fields": {
            "relationship_manager": 44,
            "primary": false,
            "client": 38,
            "status": "DRAFT",
            "created": "2021-09-30T11:24:17.422Z"
        }
    },
    {
        "model": "directory.clientmanagerrelationship",
        "pk": 8,
        "fields": {
            "relationship_manager": 45,
            "primary": true,
            "client": 40,
            "status": "REMOVED",
            "created": "2021-09-30T11:24:17.422Z"
        }
    },
    {
        "model": "directory.clientmanagerrelationship",
        "pk": 9,
        "fields": {
            "relationship_manager": 47,
            "primary": true,
            "client": 42,
            "status": "PENDINGADD",
            "created": "2021-09-30T11:24:17.422Z"
        }
    },
    {
        "model": "directory.clientmanagerrelationship",
        "pk": 10,
        "fields": {
            "relationship_manager": 25,
            "primary": true,
            "client": 10,
            "status": "APPROVED",
            "created": "2021-09-30T11:24:17.422Z"
        }
    },
    {
        "model": "directory.clientmanagerrelationship",
        "pk": 11,
        "fields": {
            "relationship_manager": 27,
            "primary": true,
            "client": 11,
            "status": "APPROVED",
            "created": "2021-09-30T11:24:17.422Z"
        }
    },
    {
        "model": "directory.clientmanagerrelationship",
        "pk": 12,
        "fields": {
            "relationship_manager": 28,
            "primary": true,
            "client": 12,
            "status": "APPROVED",
            "created": "2021-09-30T11:24:17.422Z"
        }
    },
    {
        "model": "directory.clientmanagerrelationship",
        "pk": 13,
        "fields": {
            "relationship_manager": 29,
            "primary": true,
            "client": 13,
            "status": "APPROVED",
            "created": "2021-09-30T11:24:17.422Z"
        }
    },
    {
        "model": "directory.clientmanagerrelationship",
        "pk": 14,
        "fields": {
            "relationship_manager": 30,
            "primary": true,
            "client": 14,
            "status": "APPROVED",
            "created": "2021-09-30T11:24:17.422Z"
        }
    },
    {
        "model": "directory.clientmanagerrelationship",
        "pk": 15,
        "fields": {
            "relationship_manager": 31,
            "primary": true,
            "client": 15,
            "status": "APPROVED",
            "created": "2021-09-30T11:24:17.422Z"
        }
    },
    {
        "model": "directory.clientmanagerrelationship",
        "pk": 16,
        "fields": {
            "relationship_manager": 32,
            "primary": true,
            "client": 16,
            "status": "APPROVED",
            "created": "2021-09-30T11:24:17.422Z"
        }
    },
    {
        "model": "directory.clientmanagerrelationship",
        "pk": 17,
        "fields": {
            "relationship_manager": 33,
            "primary": true,
            "client": 17,
            "status": "APPROVED",
            "created": "2021-09-30T11:24:17.422Z"
        }
    },
    {
        "model": "directory.clientmanagerrelationship",
        "pk": 18,
        "fields": {
            "relationship_manager": 34,
            "primary": true,
            "client": 18,
            "status": "APPROVED",
            "created": "2021-09-30T11:24:17.422Z"
        }
    },
    {
        "model": "directory.clientmanagerrelationship",
        "pk": 20,
        "fields": {
            "relationship_manager": 37,
            "primary": true,
            "client": 21,
            "status": "APPROVED",
            "created": "2021-09-30T11:24:17.422Z"
        }
    },
    {
        "model": "directory.clientmanagerrelationship",
        "pk": 21,
        "fields": {
            "relationship_manager": 22,
            "primary": false,
            "client": 21,
            "status": "PENDINGADD",
            "created": "2021-09-30T11:24:17.422Z"
        }
    },
    {
        "model": "directory.clientmanagerrelationship",
        "pk": 22,
        "fields": {
            "relationship_manager": 8,
            "primary": false,
            "client": 48,
            "status": "APPROVED",
            "created": "2021-09-30T11:24:17.422Z"
        }
    },
    {
        "model": "directory.clientmanagerrelationship",
        "pk": 23,
        "fields": {
            "relationship_manager": 31,
            "primary": true,
            "client": 36,
            "status": "APPROVED",
            "created": "2021-09-30T11:24:17.422Z"
        }
    },
    {
        "model": "directory.clientmanagerrelationship",
        "pk": 24,
        "fields": {
            "relationship_manager": 30,
            "primary": false,
            "client": 36,
            "status": "APPROVED",
            "created": "2021-09-30T11:24:17.422Z"
        }
    },
    {
        "model": "directory.clientmanagerrelationship",
        "pk": 25,
        "fields": {
            "relationship_manager": 30,
            "primary": true,
            "client": 35,
            "status": "APPROVED",
            "created": "2021-09-30T11:24:17.422Z"
        }
    },
    {
        "model": "directory.clientmanagerrelationship",
        "pk": 26,
        "fields": {
            "relationship_manager": 22,
            "primary": true,
            "client": 38,
            "status": "APPROVED",
            "created": "2021-09-30T11:24:17.422Z"
        }
    },
    {
        "model": "directory.clientmanagerrelationship",
        "pk": 27,
        "fields": {
            "relationship_manager": 32,
            "primary": true,
            "client": 26,
            "status": "APPROVED",
            "created": "2021-09-30T11:24:17.422Z"
        }
    },
    {
        "model": "directory.clientmanagerrelationship",
        "pk": 28,
        "fields": {
            "relationship_manager": 48,
            "primary": false,
            "client": 40,
            "status": "APPROVED",
            "created": "2021-09-30T11:24:17.422Z"
        }
    },
    {
        "model": "directory.employeremployeerelationship",
        "pk": 1,
        "fields": {
            "employee": 22,
            "primary": true,
            "position": 1,
            "employer": 11
        }
    },
    {
        "model": "directory.employeremployeerelationship",
        "pk": 2,
        "fields": {
            "employee": 23,
            "primary": true,
            "position": 2,
            "employer": 11
        }
    },
    {
        "model": "directory.employeremployeerelationship",
        "pk": 3,
        "fields": {
            "employee": 24,
            "primary": true,
            "position": 3,
            "employer": 20
        }
    },
    {
        "model": "directory.employeremployeerelationship",
        "pk": 4,
        "fields": {
            "employee": 25,
            "primary": true,
            "position": 4,
            "employer": 15
        }
    },
    {
        "model": "directory.employeremployeerelationship",
        "pk": 5,
        "fields": {
            "employee": 26,
            "primary": true,
            "position": 5,
            "employer": 15
        }
    },
    {
        "model": "directory.employeremployeerelationship",
        "pk": 6,
        "fields": {
            "employee": 27,
            "primary": true,
            "position": 2,
            "employer": 15
        }
    },
    {
        "model": "directory.employeremployeerelationship",
        "pk": 7,
        "fields": {
            "employee": 28,
            "primary": true,
            "position": 3,
            "employer": 16
        }
    },
    {
        "model": "directory.employeremployeerelationship",
        "pk": 8,
        "fields": {
            "employee": 28,
            "primary": false,
            "position": 5,
            "employer": 21
        }
    },
    {
        "model": "directory.employeremployeerelationship",
        "pk": 9,
        "fields": {
            "employee": 29,
            "primary": true,
            "position": 4,
            "employer": 16
        }
    },
    {
        "model": "directory.employeremployeerelationship",
        "pk": 10,
        "fields": {
            "employee": 30,
            "primary": true,
            "position": 2,
            "employer": 9
        }
    },
    {
        "model": "directory.employeremployeerelationship",
        "pk": 11,
        "fields": {
            "employee": 31,
            "primary": true,
            "position": 1,
            "employer": 9
        }
    },
    {
        "model": "directory.employeremployeerelationship",
        "pk": 12,
        "fields": {
            "employee": 32,
            "primary": true,
            "position": 3,
            "employer": 9
        }
    },
    {
        "model": "directory.employeremployeerelationship",
        "pk": 13,
        "fields": {
            "employee": 33,
            "primary": true,
            "position": 3,
            "employer": 9
        }
    },
    {
        "model": "directory.employeremployeerelationship",
        "pk": 14,
        "fields": {
            "employee": 34,
            "primary": true,
            "position": 1,
            "employer": 10
        }
    },
    {
        "model": "directory.employeremployeerelationship",
        "pk": 15,
        "fields": {
            "employee": 35,
            "primary": true,
            "position": 2,
            "employer": 19
        }
    },
    {
        "model": "directory.employeremployeerelationship",
        "pk": 16,
        "fields": {
            "employee": 36,
            "primary": true,
            "position": 5,
            "employer": 19
        }
    },
    {
        "model": "directory.employeremployeerelationship",
        "pk": 17,
        "fields": {
            "employee": 37,
            "primary": true,
            "position": 3,
            "employer": 18
        }
    },
    {
        "model": "directory.employeremployeerelationship",
        "pk": 19,
        "fields": {
            "employee": 39,
            "primary": true,
            "position": 2,
            "employer": 12
        }
    },
    {
        "model": "directory.employeremployeerelationship",
        "pk": 20,
        "fields": {
            "employee": 40,
            "primary": true,
            "position": 2,
            "employer": 14
        }
    },
    {
        "model": "directory.employeremployeerelationship",
        "pk": 21,
        "fields": {
            "employee": 42,
            "primary": true,
            "position": 3,
            "employer": 17
        }
    },
    {
        "model": "directory.employeremployeerelationship",
        "pk": 22,
        "fields": {
            "employee": 44,
            "primary": true,
            "position": 1,
            "employer": 14
        }
    },
    {
        "model": "directory.employeremployeerelationship",
        "pk": 23,
        "fields": {
            "employee": 8,
            "primary": true,
            "position": 5,
            "employer": 9
        }
    },
    {
        "model": "directory.employeremployeerelationship",
        "pk": 24,
        "fields": {
            "employee": 1,
            "primary": true,
            "position": 4,
            "employer": 18
        }
    },
    {
        "model": "directory.employeremployeerelationship",
        "pk": 25,
        "fields": {
            "employee": 45,
            "primary": true,
            "position": 1,
            "employer": 10
        }
    },
    {
        "model": "directory.employeremployeerelationship",
        "pk": 26,
        "fields": {
            "employee": 47,
            "primary": true,
            "position": 3,
            "employer": 16
        }
    },
    {
        "model": "directory.employeremployeerelationship",
        "pk": 27,
        "fields": {
            "employee": 38,
            "primary": true,
            "position": null,
            "employer": 21
        }
    },
    {
        "model": "directory.employeremployeerelationship",
        "pk": 29,
        "fields": {
            "employee": 41,
            "primary": true,
            "position": 4,
            "employer": 16
        }
    },
    {
        "model": "directory.employeremployeerelationship",
        "pk": 30,
        "fields": {
            "employee": 43,
            "primary": true,
            "position": 5,
            "employer": 10
        }
    },
    {
        "model": "directory.employeremployeerelationship",
        "pk": 31,
        "fields": {
            "employee": 42,
            "primary": false,
            "position": 2,
            "employer": 14
        }
    },
    {
        "model": "directory.entry",
        "pk": 1,
        "fields": {
            "computed_str": "Invisible User (Marshall Fund)",
            "is_active": true,
            "deletion_datetime": null,
            "uuid": "b45533f8-ca97-4d66-81cc-ed6d0ddd4fb7",
            "entry_type": "Person",
            "additional_fields": {},
            "activity_heat": 0.0,
            "slugify_computed_str": "invisible user marshall fund",
            "profile_image": "",
            "signature": ""
        }
    },
    {
        "model": "directory.entry",
        "pk": 8,
        "fields": {
            "computed_str": "admin admin (Kaizen IT)",
            "is_active": true,
            "deletion_datetime": null,
            "uuid": "16fb2ca5-9da3-4d7e-990e-c566bd35b012",
            "entry_type": "Person",
            "additional_fields": {},
            "activity_heat": 0.0,
            "slugify_computed_str": "admin admin kaizen it",
            "profile_image": "",
            "signature": ""
        }
    },
    {
        "model": "directory.entry",
        "pk": 9,
        "fields": {
            "computed_str": "Kaizen IT",
            "is_active": true,
            "deletion_datetime": null,
            "uuid": "1d2a291e-0a41-433f-ab82-21506d0b988d",
            "entry_type": "Company",
            "additional_fields": {},
            "activity_heat": 0.0,
            "slugify_computed_str": "kaizen it",
            "profile_image": "",
            "signature": ""
        }
    },
    {
        "model": "directory.entry",
        "pk": 10,
        "fields": {
            "computed_str": "Like Art",
            "is_active": true,
            "deletion_datetime": null,
            "uuid": "f785591c-dbaa-417f-bea9-c1fa4b8951e7",
            "entry_type": "Company",
            "additional_fields": {},
            "activity_heat": 1.0,
            "slugify_computed_str": "like art",
            "profile_image": "",
            "signature": ""
        }
    },
    {
        "model": "directory.entry",
        "pk": 11,
        "fields": {
            "computed_str": "Atlantic Games",
            "is_active": true,
            "deletion_datetime": null,
            "uuid": "147a46c8-2d5f-4b02-b226-ba258f7fd822",
            "entry_type": "Company",
            "additional_fields": {},
            "activity_heat": 0.1,
            "slugify_computed_str": "atlantic games",
            "profile_image": "",
            "signature": ""
        }
    },
    {
        "model": "directory.entry",
        "pk": 12,
        "fields": {
            "computed_str": "Outpost Asset Management",
            "is_active": true,
            "deletion_datetime": null,
            "uuid": "a796142e-aa7f-478f-a2bc-fed5513dc2d6",
            "entry_type": "Company",
            "additional_fields": {},
            "activity_heat": 0.4,
            "slugify_computed_str": "outpost asset management",
            "profile_image": "",
            "signature": ""
        }
    },
    {
        "model": "directory.entry",
        "pk": 13,
        "fields": {
            "computed_str": "Metro Bank",
            "is_active": true,
            "deletion_datetime": null,
            "uuid": "4b157ca7-1a8d-4b75-8583-6acbf1a3421c",
            "entry_type": "Company",
            "additional_fields": {},
            "activity_heat": 0.0,
            "slugify_computed_str": "metro bank",
            "profile_image": "",
            "signature": ""
        }
    },
    {
        "model": "directory.entry",
        "pk": 14,
        "fields": {
            "computed_str": "Redwood Bank",
            "is_active": true,
            "deletion_datetime": null,
            "uuid": "33e1763d-bb0b-46ae-a4a2-340c1dd2e301",
            "entry_type": "Company",
            "additional_fields": {},
            "activity_heat": 0.9,
            "slugify_computed_str": "redwood bank",
            "profile_image": "",
            "signature": ""
        }
    },
    {
        "model": "directory.entry",
        "pk": 15,
        "fields": {
            "computed_str": "Darwin Consultants",
            "is_active": true,
            "deletion_datetime": null,
            "uuid": "5f474000-559d-48ed-81ef-9a05d36b3d9a",
            "entry_type": "Company",
            "additional_fields": {},
            "activity_heat": 0.0,
            "slugify_computed_str": "darwin consultants",
            "profile_image": "",
            "signature": ""
        }
    },
    {
        "model": "directory.entry",
        "pk": 16,
        "fields": {
            "computed_str": "Honest Consulting",
            "is_active": true,
            "deletion_datetime": null,
            "uuid": "c90e06db-793f-449e-9581-4e5af871e655",
            "entry_type": "Company",
            "additional_fields": {},
            "activity_heat": 0.5,
            "slugify_computed_str": "honest consulting",
            "profile_image": "",
            "signature": ""
        }
    },
    {
        "model": "directory.entry",
        "pk": 17,
        "fields": {
            "computed_str": "Universtität Hamburg",
            "is_active": true,
            "deletion_datetime": null,
            "uuid": "4322a324-cc2b-400f-8719-0839ca582911",
            "entry_type": "Company",
            "additional_fields": {},
            "activity_heat": 0.0,
            "slugify_computed_str": "universtitat hamburg",
            "profile_image": "",
            "signature": ""
        }
    },
    {
        "model": "directory.entry",
        "pk": 18,
        "fields": {
            "computed_str": "Marshall Fund",
            "is_active": true,
            "deletion_datetime": null,
            "uuid": "29d96eb1-c63d-4daf-b9c0-92963ea2287b",
            "entry_type": "Company",
            "additional_fields": {},
            "activity_heat": 1.0,
            "slugify_computed_str": "marshall fund",
            "profile_image": "",
            "signature": ""
        }
    },
    {
        "model": "directory.entry",
        "pk": 19,
        "fields": {
            "computed_str": "LowCountry Bank",
            "is_active": true,
            "deletion_datetime": null,
            "uuid": "dbc4d494-9197-4829-9a3c-a8be49f587c9",
            "entry_type": "Company",
            "additional_fields": {},
            "activity_heat": 0.0,
            "slugify_computed_str": "lowcountry bank",
            "profile_image": "",
            "signature": ""
        }
    },
    {
        "model": "directory.entry",
        "pk": 20,
        "fields": {
            "computed_str": "Client Partner",
            "is_active": true,
            "deletion_datetime": null,
            "uuid": "32c4efe2-c012-45e8-8993-eb5853d32c97",
            "entry_type": "Company",
            "additional_fields": {},
            "activity_heat": 0.8,
            "slugify_computed_str": "client partner",
            "profile_image": "",
            "signature": ""
        }
    },
    {
        "model": "directory.entry",
        "pk": 21,
        "fields": {
            "computed_str": "Dollar Care",
            "is_active": true,
            "deletion_datetime": null,
            "uuid": "f7cbc779-3255-4434-9ffa-e67d15054fca",
            "entry_type": "Company",
            "additional_fields": {},
            "activity_heat": 0.0,
            "slugify_computed_str": "dollar care",
            "profile_image": "",
            "signature": ""
        }
    },
    {
        "model": "directory.entry",
        "pk": 22,
        "fields": {
            "computed_str": "Dögg Friðleifsdóttir (Atlantic Games)",
            "is_active": true,
            "deletion_datetime": null,
            "uuid": "d2a589e8-ce3a-4b1f-9e20-70853df6561d",
            "entry_type": "Person",
            "additional_fields": {},
            "activity_heat": 1.0,
            "slugify_computed_str": "dogg fridleifsdottir atlantic games",
            "profile_image": "",
            "signature": ""
        }
    },
    {
        "model": "directory.entry",
        "pk": 23,
        "fields": {
            "computed_str": "Ástráður Samúelsson (Atlantic Games)",
            "is_active": true,
            "deletion_datetime": null,
            "uuid": "fffc8bbb-2872-40d4-a18d-427091257411",
            "entry_type": "Person",
            "additional_fields": {},
            "activity_heat": 0.6,
            "slugify_computed_str": "astradur samuelsson atlantic games",
            "profile_image": "",
            "signature": ""
        }
    },
    {
        "model": "directory.entry",
        "pk": 24,
        "fields": {
            "computed_str": "Giorgio Lucchesi (Client Partner)",
            "is_active": true,
            "deletion_datetime": null,
            "uuid": "4c110567-0c2c-4a1f-8a33-19fea49a2576",
            "entry_type": "Person",
            "additional_fields": {},
            "activity_heat": 0.5,
            "slugify_computed_str": "giorgio lucchesi client partner",
            "profile_image": "",
            "signature": ""
        }
    },
    {
        "model": "directory.entry",
        "pk": 25,
        "fields": {
            "computed_str": "Yan Shen (Darwin Consultants)",
            "is_active": true,
            "deletion_datetime": null,
            "uuid": "d9d067c6-9df8-4483-be53-cd8977c76816",
            "entry_type": "Person",
            "additional_fields": {},
            "activity_heat": 0.25,
            "slugify_computed_str": "yan shen darwin consultants",
            "profile_image": "",
            "signature": ""
        }
    },
    {
        "model": "directory.entry",
        "pk": 26,
        "fields": {
            "computed_str": "Xue Bai (Darwin Consultants)",
            "is_active": true,
            "deletion_datetime": null,
            "uuid": "70ee33d0-58e8-4de5-ac5d-5022db53c22c",
            "entry_type": "Person",
            "additional_fields": {},
            "activity_heat": 1.0,
            "slugify_computed_str": "xue bai darwin consultants",
            "profile_image": "",
            "signature": ""
        }
    },
    {
        "model": "directory.entry",
        "pk": 27,
        "fields": {
            "computed_str": "Xinyi Xiong (Darwin Consultants)",
            "is_active": true,
            "deletion_datetime": null,
            "uuid": "b1410ee0-2314-43f9-a648-294bb780b2c6",
            "entry_type": "Person",
            "additional_fields": {},
            "activity_heat": 0.0,
            "slugify_computed_str": "xinyi xiong darwin consultants",
            "profile_image": "",
            "signature": ""
        }
    },
    {
        "model": "directory.entry",
        "pk": 28,
        "fields": {
            "computed_str": "Terrell Hosein (Honest Consulting)",
            "is_active": true,
            "deletion_datetime": null,
            "uuid": "eff21374-8cbe-45d0-98c4-c10a708bb063",
            "entry_type": "Person",
            "additional_fields": {},
            "activity_heat": 1.0,
            "slugify_computed_str": "terrell hosein honest consulting",
            "profile_image": "",
            "signature": ""
        }
    },
    {
        "model": "directory.entry",
        "pk": 29,
        "fields": {
            "computed_str": "Шишкин Мп (Honest Consulting)",
            "is_active": true,
            "deletion_datetime": null,
            "uuid": "32380e67-3de3-4f09-9b16-618e50da532a",
            "entry_type": "Person",
            "additional_fields": {},
            "activity_heat": 0.4,
            "slugify_computed_str": "shishkin mp honest consulting",
            "profile_image": "",
            "signature": ""
        }
    },
    {
        "model": "directory.entry",
        "pk": 30,
        "fields": {
            "computed_str": "Kasin Banruerit (Kaizen IT)",
            "is_active": true,
            "deletion_datetime": null,
            "uuid": "424db57e-8285-4ab4-9de8-9b5d0dc928d2",
            "entry_type": "Person",
            "additional_fields": {},
            "activity_heat": 0.35,
            "slugify_computed_str": "kasin banruerit kaizen it",
            "profile_image": "",
            "signature": ""
        }
    },
    {
        "model": "directory.entry",
        "pk": 31,
        "fields": {
            "computed_str": "Mayuree Ratanarak (Kaizen IT)",
            "is_active": true,
            "deletion_datetime": null,
            "uuid": "32fbabb3-30ce-4ea9-9538-df4a042fdc17",
            "entry_type": "Person",
            "additional_fields": {},
            "activity_heat": 0.0,
            "slugify_computed_str": "mayuree ratanarak kaizen it",
            "profile_image": "",
            "signature": ""
        }
    },
    {
        "model": "directory.entry",
        "pk": 32,
        "fields": {
            "computed_str": "Thailah Saenamuang (Kaizen IT)",
            "is_active": true,
            "deletion_datetime": null,
            "uuid": "c363dc88-6a1d-45a9-895f-70eebe0d4f56",
            "entry_type": "Person",
            "additional_fields": {},
            "activity_heat": 0.0,
            "slugify_computed_str": "thailah saenamuang kaizen it",
            "profile_image": "",
            "signature": ""
        }
    },
    {
        "model": "directory.entry",
        "pk": 33,
        "fields": {
            "computed_str": "Parun Sangwit (Kaizen IT)",
            "is_active": true,
            "deletion_datetime": null,
            "uuid": "5da13879-ae86-4204-ac78-349c023f1ccd",
            "entry_type": "Person",
            "additional_fields": {},
            "activity_heat": 0.8,
            "slugify_computed_str": "parun sangwit kaizen it",
            "profile_image": "",
            "signature": ""
        }
    },
    {
        "model": "directory.entry",
        "pk": 34,
        "fields": {
            "computed_str": "Viktorie Kropáčová (Like Art)",
            "is_active": true,
            "deletion_datetime": null,
            "uuid": "b0c1abcc-f94c-4bad-b0dc-e193c8272990",
            "entry_type": "Person",
            "additional_fields": {},
            "activity_heat": 1.0,
            "slugify_computed_str": "viktorie kropacova like art",
            "profile_image": "",
            "signature": ""
        }
    },
    {
        "model": "directory.entry",
        "pk": 35,
        "fields": {
            "computed_str": "Philomena Breij (LowCountry Bank)",
            "is_active": true,
            "deletion_datetime": null,
            "uuid": "634e5078-1422-4172-9e65-7c314f51f2db",
            "entry_type": "Person",
            "additional_fields": {},
            "activity_heat": 1.0,
            "slugify_computed_str": "philomena breij lowcountry bank",
            "profile_image": "",
            "signature": ""
        }
    },
    {
        "model": "directory.entry",
        "pk": 36,
        "fields": {
            "computed_str": "Ismay Broens (LowCountry Bank)",
            "is_active": true,
            "deletion_datetime": null,
            "uuid": "3820e63d-97a0-4b3d-9c08-f7dc8f8e5d28",
            "entry_type": "Person",
            "additional_fields": {},
            "activity_heat": 0.125,
            "slugify_computed_str": "ismay broens lowcountry bank",
            "profile_image": "",
            "signature": ""
        }
    },
    {
        "model": "directory.entry",
        "pk": 37,
        "fields": {
            "computed_str": "Andrew O'quinn (Marshall Fund)",
            "is_active": true,
            "deletion_datetime": null,
            "uuid": "e4ab5cf0-ac83-44ba-8f8f-b4d2ae563c4e",
            "entry_type": "Person",
            "additional_fields": {},
            "activity_heat": 0.8,
            "slugify_computed_str": "andrew o quinn marshall fund",
            "profile_image": "",
            "signature": ""
        }
    },
    {
        "model": "directory.entry",
        "pk": 38,
        "fields": {
            "computed_str": "Sara Morillo (Dollar Care)",
            "is_active": true,
            "deletion_datetime": null,
            "uuid": "fc49a343-3112-4591-8429-fafc898e7f93",
            "entry_type": "Person",
            "additional_fields": {},
            "activity_heat": 0.95,
            "slugify_computed_str": "sara morillo dollar care",
            "profile_image": "",
            "signature": ""
        }
    },
    {
        "model": "directory.entry",
        "pk": 39,
        "fields": {
            "computed_str": "Rodney Collins (Outpost Asset Management)",
            "is_active": true,
            "deletion_datetime": null,
            "uuid": "03609847-e1a4-403b-ace5-2878c0cc1522",
            "entry_type": "Person",
            "additional_fields": {},
            "activity_heat": 0.35,
            "slugify_computed_str": "rodney collins outpost asset management",
            "profile_image": "",
            "signature": ""
        }
    },
    {
        "model": "directory.entry",
        "pk": 40,
        "fields": {
            "computed_str": "Michael Soule (Redwood Bank)",
            "is_active": true,
            "deletion_datetime": null,
            "uuid": "9427f0cb-c5ce-4f50-8f31-14fcf3083b55",
            "entry_type": "Person",
            "additional_fields": {},
            "activity_heat": 0.2,
            "slugify_computed_str": "michael soule redwood bank",
            "profile_image": "",
            "signature": ""
        }
    },
    {
        "model": "directory.entry",
        "pk": 41,
        "fields": {
            "computed_str": "Susan Soule (Honest Consulting)",
            "is_active": true,
            "deletion_datetime": null,
            "uuid": "2f2c8e14-fe51-4b1e-aeb3-34aef739469a",
            "entry_type": "Person",
            "additional_fields": {},
            "activity_heat": 0.13,
            "slugify_computed_str": "susan soule honest consulting",
            "profile_image": "",
            "signature": ""
        }
    },
    {
        "model": "directory.entry",
        "pk": 42,
        "fields": {
            "computed_str": "Diana Beich (Universtität Hamburg)",
            "is_active": true,
            "deletion_datetime": null,
            "uuid": "ac4d5023-cbfe-436b-9027-682e0081f36b",
            "entry_type": "Person",
            "additional_fields": {},
            "activity_heat": 0.1,
            "slugify_computed_str": "diana beich universtitat hamburg",
            "profile_image": "",
            "signature": ""
        }
    },
    {
        "model": "directory.entry",
        "pk": 43,
        "fields": {
            "computed_str": "Thorsten Frei (Like Art)",
            "is_active": true,
            "deletion_datetime": null,
            "uuid": "dac5d5ba-62ed-47f8-8f08-f30d3f3e80c3",
            "entry_type": "Person",
            "additional_fields": {},
            "activity_heat": 0.6,
            "slugify_computed_str": "thorsten frei like art",
            "profile_image": "",
            "signature": ""
        }
    },
    {
        "model": "directory.entry",
        "pk": 44,
        "fields": {
            "computed_str": "Juliane Wirtz (Redwood Bank)",
            "is_active": true,
            "deletion_datetime": null,
            "uuid": "8b772b2a-2595-42ab-9ebc-8e6498ed0d6b",
            "entry_type": "Person",
            "additional_fields": {},
            "activity_heat": 0.8,
            "slugify_computed_str": "juliane wirtz redwood bank",
            "profile_image": "",
            "signature": ""
        }
    },
    {
        "model": "directory.entry",
        "pk": 45,
        "fields": {
            "computed_str": "Nora Braaten (Like Art)",
            "is_active": true,
            "deletion_datetime": null,
            "uuid": "78377559-fba1-467c-918e-a158263840dd",
            "entry_type": "Person",
            "additional_fields": {},
            "activity_heat": 0.25,
            "slugify_computed_str": "nora braaten like art",
            "profile_image": "",
            "signature": ""
        }
    },
    {
        "model": "directory.entry",
        "pk": 47,
        "fields": {
            "computed_str": "Ole Øverby (Honest Consulting)",
            "is_active": true,
            "deletion_datetime": null,
            "uuid": "a8d7ecdc-8e24-4a9b-bafe-db518ae53ab0",
            "entry_type": "Person",
            "additional_fields": {},
            "activity_heat": 0.7,
            "slugify_computed_str": "ole overby honest consulting",
            "profile_image": "",
            "signature": ""
        }
    },
    {
        "model": "directory.entry",
        "pk": 48,
        "fields": {
            "computed_str": "su su",
            "is_active": true,
            "deletion_datetime": null,
            "uuid": "c7d2c971-5c4d-4a23-90cb-04060789e902",
            "entry_type": "Person",
            "additional_fields": {},
            "activity_heat": 0.0,
            "slugify_computed_str": "su su",
            "profile_image": "",
            "signature": ""
        }
    },
    {
        "model": "directory.person",
        "pk": 1,
        "fields": {
            "prefix": "MR",
            "first_name": "Invisible",
            "last_name": "User",
            "initials": "IU",
            "active_employee": true,
            "birthday": null,
            "personality_profile_red": 0.0,
            "personality_profile_green": 0.0,
            "personality_profile_blue": 0.0,
            "formal": true,
            "specializations": [
                1,
                3
            ]
        }
    },
    {
        "model": "directory.person",
        "pk": 25,
        "fields": {
            "prefix": "MRS",
            "first_name": "Yan",
            "last_name": "Shen",
            "initials": "YS",
            "active_employee": true,
            "birthday": "1987-02-22",
            "personality_profile_red": 0.4,
            "personality_profile_green": 0.6000000000000001,
            "personality_profile_blue": 0.8,
            "formal": true,
            "specializations": []
        }
    },
    {
        "model": "directory.person",
        "pk": 26,
        "fields": {
            "prefix": "MR",
            "first_name": "Xue",
            "last_name": "Bai",
            "initials": "XB",
            "active_employee": true,
            "birthday": "1973-09-14",
            "personality_profile_red": 0.6000000000000001,
            "personality_profile_green": 1.0,
            "personality_profile_blue": 0.2,
            "formal": true,
            "specializations": [
                2
            ]
        }
    },
    {
        "model": "directory.person",
        "pk": 27,
        "fields": {
            "prefix": "MR",
            "first_name": "Xinyi",
            "last_name": "Xiong",
            "initials": "XX",
            "active_employee": true,
            "birthday": "1976-02-15",
            "personality_profile_red": 0.0,
            "personality_profile_green": 0.0,
            "personality_profile_blue": 0.0,
            "formal": true,
            "specializations": [
                3
            ]
        }
    },
    {
        "model": "directory.person",
        "pk": 39,
        "fields": {
            "prefix": "PROF",
            "first_name": "Rodney",
            "last_name": "Collins",
            "initials": "RC",
            "active_employee": true,
            "birthday": "1973-04-11",
            "personality_profile_red": 0.6000000000000001,
            "personality_profile_green": 1.0,
            "personality_profile_blue": 0.6000000000000001,
            "formal": true,
            "specializations": []
        }
    },
    {
        "model": "directory.person",
        "pk": 33,
        "fields": {
            "prefix": "DR",
            "first_name": "Parun",
            "last_name": "Sangwit",
            "initials": "PS",
            "active_employee": true,
            "birthday": "1947-01-01",
            "personality_profile_red": 1.0,
            "personality_profile_green": 0.8,
            "personality_profile_blue": 0.6000000000000001,
            "formal": true,
            "specializations": [
                4,
                5
            ]
        }
    },
    {
        "model": "directory.person",
        "pk": 31,
        "fields": {
            "prefix": "MR",
            "first_name": "Mayuree",
            "last_name": "Ratanarak",
            "initials": "MR",
            "active_employee": true,
            "birthday": "1981-02-25",
            "personality_profile_red": 0.2,
            "personality_profile_green": 0.2,
            "personality_profile_blue": 0.6000000000000001,
            "formal": true,
            "specializations": [
                5
            ]
        }
    },
    {
        "model": "directory.person",
        "pk": 34,
        "fields": {
            "prefix": "MRS",
            "first_name": "Viktorie",
            "last_name": "Kropáčová",
            "initials": "VK",
            "active_employee": true,
            "birthday": "1955-06-07",
            "personality_profile_red": 0.4,
            "personality_profile_green": 1.0,
            "personality_profile_blue": 0.6000000000000001,
            "formal": true,
            "specializations": [
                4
            ]
        }
    },
    {
        "model": "directory.person",
        "pk": 47,
        "fields": {
            "prefix": "MR",
            "first_name": "Ole",
            "last_name": "Øverby",
            "initials": "OØ",
            "active_employee": true,
            "birthday": null,
            "personality_profile_red": 0.0,
            "personality_profile_green": 0.0,
            "personality_profile_blue": 0.0,
            "formal": true,
            "specializations": [
                1
            ]
        }
    },
    {
        "model": "directory.person",
        "pk": 40,
        "fields": {
            "prefix": "MR",
            "first_name": "Michael",
            "last_name": "Soule",
            "initials": "MS",
            "active_employee": true,
            "birthday": "1963-09-17",
            "personality_profile_red": 0.8,
            "personality_profile_green": 1.0,
            "personality_profile_blue": 0.8,
            "formal": true,
            "specializations": []
        }
    },
    {
        "model": "directory.person",
        "pk": 37,
        "fields": {
            "prefix": "MR",
            "first_name": "Andrew",
            "last_name": "O'quinn",
            "initials": "AO",
            "active_employee": true,
            "birthday": "1985-02-08",
            "personality_profile_red": 0.6000000000000001,
            "personality_profile_green": 0.4,
            "personality_profile_blue": 0.2,
            "formal": true,
            "specializations": [
                3
            ]
        }
    },
    {
        "model": "directory.person",
        "pk": 32,
        "fields": {
            "prefix": "MRS",
            "first_name": "Thailah",
            "last_name": "Saenamuang",
            "initials": "TS",
            "active_employee": true,
            "birthday": "1981-11-16",
            "personality_profile_red": 0.4,
            "personality_profile_green": 0.6000000000000001,
            "personality_profile_blue": 0.4,
            "formal": true,
            "specializations": [
                1,
                5
            ]
        }
    },
    {
        "model": "directory.person",
        "pk": 24,
        "fields": {
            "prefix": "MR",
            "first_name": "Giorgio",
            "last_name": "Lucchesi",
            "initials": "GL",
            "active_employee": true,
            "birthday": "1979-03-21",
            "personality_profile_red": 1.0,
            "personality_profile_green": 0.2,
            "personality_profile_blue": 0.8,
            "formal": true,
            "specializations": []
        }
    },
    {
        "model": "directory.person",
        "pk": 38,
        "fields": {
            "prefix": "DR",
            "first_name": "Sara",
            "last_name": "Morillo",
            "initials": "SM",
            "active_employee": true,
            "birthday": "1985-05-09",
            "personality_profile_red": 0.6000000000000001,
            "personality_profile_green": 0.4,
            "personality_profile_blue": 0.6000000000000001,
            "formal": true,
            "specializations": [
                2,
                3,
                4
            ]
        }
    },
    {
        "model": "directory.person",
        "pk": 8,
        "fields": {
            "prefix": "MR",
            "first_name": "admin",
            "last_name": "admin",
            "initials": "AA",
            "active_employee": true,
            "birthday": null,
            "personality_profile_red": 0.0,
            "personality_profile_green": 0.0,
            "personality_profile_blue": 0.0,
            "formal": true,
            "specializations": []
        }
    },
    {
        "model": "directory.person",
        "pk": 48,
        "fields": {
            "prefix": "MR",
            "first_name": "su",
            "last_name": "su",
            "initials": "SS",
            "active_employee": true,
            "birthday": null,
            "personality_profile_red": 0.0,
            "personality_profile_green": 0.0,
            "personality_profile_blue": 0.0,
            "formal": true,
            "specializations": []
        }
    },
    {
        "model": "directory.person",
        "pk": 28,
        "fields": {
            "prefix": "MR",
            "first_name": "Terrell",
            "last_name": "Hosein",
            "initials": "TH",
            "active_employee": true,
            "birthday": "1994-10-09",
            "personality_profile_red": 0.0,
            "personality_profile_green": 0.0,
            "personality_profile_blue": 0.0,
            "formal": true,
            "specializations": [
                4
            ]
        }
    },
    {
        "model": "directory.person",
        "pk": 30,
        "fields": {
            "prefix": "MR",
            "first_name": "Kasin",
            "last_name": "Banruerit",
            "initials": "KB",
            "active_employee": true,
            "birthday": "1992-04-14",
            "personality_profile_red": 0.4,
            "personality_profile_green": 1.0,
            "personality_profile_blue": 0.0,
            "formal": true,
            "specializations": [
                1
            ]
        }
    },
    {
        "model": "directory.person",
        "pk": 42,
        "fields": {
            "prefix": "DR",
            "first_name": "Diana",
            "last_name": "Beich",
            "initials": "DB",
            "active_employee": true,
            "birthday": "1982-03-14",
            "personality_profile_red": 0.0,
            "personality_profile_green": 0.0,
            "personality_profile_blue": 0.0,
            "formal": true,
            "specializations": []
        }
    },
    {
        "model": "directory.person",
        "pk": 29,
        "fields": {
            "prefix": "MRS",
            "first_name": "Шишкин",
            "last_name": "Мп",
            "initials": "ШМ",
            "active_employee": true,
            "birthday": "1981-10-26",
            "personality_profile_red": 0.0,
            "personality_profile_green": 0.0,
            "personality_profile_blue": 0.0,
            "formal": true,
            "specializations": []
        }
    },
    {
        "model": "directory.person",
        "pk": 41,
        "fields": {
            "prefix": "MR",
            "first_name": "Susan",
            "last_name": "Soule",
            "initials": "SS",
            "active_employee": true,
            "birthday": "1958-05-11",
            "personality_profile_red": 0.0,
            "personality_profile_green": 0.0,
            "personality_profile_blue": 0.0,
            "formal": true,
            "specializations": [
                2,
                4,
                5
            ]
        }
    },
    {
        "model": "directory.person",
        "pk": 36,
        "fields": {
            "prefix": "MRS",
            "first_name": "Ismay",
            "last_name": "Broens",
            "initials": "IB",
            "active_employee": true,
            "birthday": "1983-07-26",
            "personality_profile_red": 0.0,
            "personality_profile_green": 0.0,
            "personality_profile_blue": 0.0,
            "formal": true,
            "specializations": [
                2,
                5
            ]
        }
    },
    {
        "model": "directory.person",
        "pk": 23,
        "fields": {
            "prefix": "MR",
            "first_name": "Ástráður",
            "last_name": "Samúelsson",
            "initials": "ÁS",
            "active_employee": true,
            "birthday": "1980-05-17",
            "personality_profile_red": 0.4,
            "personality_profile_green": 0.8,
            "personality_profile_blue": 0.4,
            "formal": true,
            "specializations": [
                1,
                5
            ]
        }
    },
    {
        "model": "directory.person",
        "pk": 44,
        "fields": {
            "prefix": "MR",
            "first_name": "Juliane",
            "last_name": "Wirtz",
            "initials": "JW",
            "active_employee": true,
            "birthday": "1985-03-14",
            "personality_profile_red": 0.6000000000000001,
            "personality_profile_green": 0.8,
            "personality_profile_blue": 0.6000000000000001,
            "formal": true,
            "specializations": []
        }
    },
    {
        "model": "directory.person",
        "pk": 22,
        "fields": {
            "prefix": "MRS",
            "first_name": "Dögg",
            "last_name": "Friðleifsdóttir",
            "initials": "DF",
            "active_employee": true,
            "birthday": null,
            "personality_profile_red": 0.8,
            "personality_profile_green": 0.4,
            "personality_profile_blue": 0.6000000000000001,
            "formal": true,
            "specializations": [
                4
            ]
        }
    },
    {
        "model": "directory.person",
        "pk": 45,
        "fields": {
            "prefix": "MRS",
            "first_name": "Nora",
            "last_name": "Braaten",
            "initials": "NB",
            "active_employee": true,
            "birthday": "1981-09-14",
            "personality_profile_red": 0.8,
            "personality_profile_green": 0.4,
            "personality_profile_blue": 0.2,
            "formal": true,
            "specializations": [
                3,
                4
            ]
        }
    },
    {
        "model": "directory.person",
        "pk": 43,
        "fields": {
            "prefix": "MR",
            "first_name": "Thorsten",
            "last_name": "Frei",
            "initials": "TF",
            "active_employee": true,
            "birthday": "1991-11-24",
            "personality_profile_red": 0.4,
            "personality_profile_green": 0.8,
            "personality_profile_blue": 0.4,
            "formal": true,
            "specializations": [
                3,
                5
            ]
        }
    },
    {
        "model": "directory.person",
        "pk": 35,
        "fields": {
            "prefix": "MRS",
            "first_name": "Philomena",
            "last_name": "Breij",
            "initials": "PB",
            "active_employee": true,
            "birthday": "1979-12-17",
            "personality_profile_red": 1.0,
            "personality_profile_green": 0.2,
            "personality_profile_blue": 0.6000000000000001,
            "formal": true,
            "specializations": []
        }
    },
    {
        "model": "directory.company",
        "pk": 9,
        "fields": {
            "type": 3,
            "name": "Kaizen IT",
            "customer_status": 6,
            "headcount": "1400",
            "tier": "5",
            "description": ""
        }
    },
    {
        "model": "directory.company",
        "pk": 10,
        "fields": {
            "type": 1,
            "name": "Like Art",
            "customer_status": 6,
            "headcount": "",
            "tier": "1",
            "description": ""
        }
    },
    {
        "model": "directory.company",
        "pk": 11,
        "fields": {
            "type": 2,
            "name": "Atlantic Games",
            "customer_status": 5,
            "headcount": "18",
            "tier": "3",
            "description": ""
        }
    },
    {
        "model": "directory.company",
        "pk": 12,
        "fields": {
            "type": null,
            "name": "Outpost Asset Management",
            "customer_status": 4,
            "headcount": "",
            "tier": "2",
            "description": ""
        }
    },
    {
        "model": "directory.company",
        "pk": 13,
        "fields": {
            "type": 2,
            "name": "Metro Bank",
            "customer_status": 3,
            "headcount": "",
            "tier": "1",
            "description": ""
        }
    },
    {
        "model": "directory.company",
        "pk": 14,
        "fields": {
            "type": 1,
            "name": "Redwood Bank",
            "customer_status": null,
            "headcount": "",
            "tier": "1",
            "description": ""
        }
    },
    {
        "model": "directory.company",
        "pk": 15,
        "fields": {
            "type": 2,
            "name": "Darwin Consultants",
            "customer_status": 1,
            "headcount": "58",
            "tier": "4",
            "description": ""
        }
    },
    {
        "model": "directory.company",
        "pk": 16,
        "fields": {
            "type": 4,
            "name": "Honest Consulting",
            "customer_status": 4,
            "headcount": "",
            "tier": "4",
            "description": ""
        }
    },
    {
        "model": "directory.company",
        "pk": 17,
        "fields": {
            "type": 4,
            "name": "Universtität Hamburg",
            "customer_status": 5,
            "headcount": "",
            "tier": "1",
            "description": ""
        }
    },
    {
        "model": "directory.company",
        "pk": 18,
        "fields": {
            "type": 2,
            "name": "Marshall Fund",
            "customer_status": 5,
            "headcount": "",
            "tier": "3",
            "description": ""
        }
    },
    {
        "model": "directory.company",
        "pk": 19,
        "fields": {
            "type": 2,
            "name": "LowCountry Bank",
            "customer_status": 3,
            "headcount": "",
            "tier": "1",
            "description": ""
        }
    },
    {
        "model": "directory.company",
        "pk": 20,
        "fields": {
            "type": 1,
            "name": "Client Partner",
            "customer_status": 3,
            "headcount": "6",
            "tier": "2",
            "description": ""
        }
    },
    {
        "model": "directory.company",
        "pk": 21,
        "fields": {
            "type": 3,
            "name": "Dollar Care",
            "customer_status": 4,
            "headcount": "",
            "tier": "2",
            "description": ""
        }
    },
    {
        "model": "directory.customerstatus",
        "pk": 1,
        "fields": {
            "title": "Client",
            "slugify_title": "client"
        }
    },
    {
        "model": "directory.customerstatus",
        "pk": 2,
        "fields": {
            "title": "Prospective",
            "slugify_title": "prospective"
        }
    },
    {
        "model": "directory.customerstatus",
        "pk": 3,
        "fields": {
            "title": "Dead-End",
            "slugify_title": "dead end"
        }
    },
    {
        "model": "directory.customerstatus",
        "pk": 4,
        "fields": {
            "title": "Business Introducer",
            "slugify_title": "business introducer"
        }
    },
    {
        "model": "directory.customerstatus",
        "pk": 5,
        "fields": {
            "title": "Industry Expert",
            "slugify_title": "industry expert"
        }
    },
    {
        "model": "directory.customerstatus",
        "pk": 6,
        "fields": {
            "title": "Service Provider",
            "slugify_title": "service provider"
        }
    },
    {
        "model": "directory.position",
        "pk": 1,
        "fields": {
            "title": "CEO",
            "slugify_title": "ceo"
        }
    },
    {
        "model": "directory.position",
        "pk": 2,
        "fields": {
            "title": "CIO",
            "slugify_title": "cio"
        }
    },
    {
        "model": "directory.position",
        "pk": 3,
        "fields": {
            "title": "CFO",
            "slugify_title": "cfo"
        }
    },
    {
        "model": "directory.position",
        "pk": 4,
        "fields": {
            "title": "Strong Independent Woman",
            "slugify_title": "strong independent woman"
        }
    },
    {
        "model": "directory.position",
        "pk": 5,
        "fields": {
            "title": "Emotional Support Animal",
            "slugify_title": "emotional support animal"
        }
    },
    {
        "model": "directory.companytype",
        "pk": 1,
        "fields": {
            "title": "Wealth Manager",
            "slugify_title": "wealth manager"
        }
    },
    {
        "model": "directory.companytype",
        "pk": 2,
        "fields": {
            "title": "Asset Manager",
            "slugify_title": "asset manager"
        }
    },
    {
        "model": "directory.companytype",
        "pk": 3,
        "fields": {
            "title": "Bank",
            "slugify_title": "bank"
        }
    },
    {
        "model": "directory.companytype",
        "pk": 4,
        "fields": {
            "title": "Service Provider",
            "slugify_title": "service provider"
        }
    },
    {
        "model": "directory.specialization",
        "pk": 1,
        "fields": {
            "title": "Frontend Architecture",
            "slugify_title": "frontend architecture"
        }
    },
    {
        "model": "directory.specialization",
        "pk": 2,
        "fields": {
            "title": "DevOps",
            "slugify_title": "devops"
        }
    },
    {
        "model": "directory.specialization",
        "pk": 3,
        "fields": {
            "title": "Python",
            "slugify_title": "python"
        }
    },
    {
        "model": "directory.specialization",
        "pk": 4,
        "fields": {
            "title": "JavaScript",
            "slugify_title": "javascript"
        }
    },
    {
        "model": "directory.specialization",
        "pk": 5,
        "fields": {
            "title": "QA",
            "slugify_title": "qa"
        }
    }
]
