index,pLeft_ID,pLeft_coord,pLeft_length,pLeft_Tm,pLeft_GC,pLeft_Sequences,pLeft_EndStability,pRight_ID,pRight_coord,pRight_length,pRight_Tm,pRight_GC,pRight_Sequences,pRight_EndStability,Penalty,Product_size,Amplicon_type,Redesign,Designed_ranges
0,P1-ns-L1,761067,20,59.96510416451275,55.0,TCAAGGAGTTCTTCGGCACC,5.01,P1-ns-R1,761385,20,59.972283557587275,60.0,CGGTCAGGTACACGATCTCG,4.04,0.06261227789997292,318,Non_specific,-,"[761004, 761404]"
0,P2-ns-L1,2155074,20,59.82764764213846,60.0,CTCTTCGTCAGCTCCCACTC,3.51,P2-ns-R1,2155374,20,59.977894480743316,55.0,CGACATTCGCGAGACGTTTC,2.78,0.19445787711822504,300,Non_specific,-,"[2154961, 2155361]"
0,P3-ns-L1,4247492,20,60.1049342064162,55.0,AGGATCCCTTCGGCTGGTAT,2.73,P3-ns-R1,4247838,19,60.00432000771838,52.63157894736842,AGTGTGAATYCGGCGGTAA,2.85,1.1092542141345803,346,Non_specific,-,"[4247393, 4247793]"
0,P4-ns-L1,2288903,20,60.179194377396584,60.0,CCGTTCTCGTCGACTCCTTC,3.46,P4-ns-R1,2289232,20,60.10950442830796,50.0,TTGATCATCGTCGACGTGCA,4.57,0.28869880570454143,329,Non_specific,-,"[2288820, 2289220]"
0,P5-ns-L1,781678,20,60.03815908627445,55.0,CACTCCGAAGAAGCCGAACT,3.01,P5-ns-R1,782004,20,60.108991841923455,55.0,GTGACCAACTGCGATCCGTA,4.02,0.14715092819790243,326,Non_specific,-,"[781585, 781985]"
1,P6-ns-L2,4247250,20,60.75091136140202,60.0,CTCAATTGCCCAGCTCCTCC,4.3,P6-ns-R2,4247563,19,60.80716484003324,63.1578947368421,CATYCACAGACTGGCGTCG,5.12,2.558076201435256,313,Non_specific,-,"[4247186, 4247586]"
0,P7-ns-L1,1673477,20,59.897518674414925,60.0,CGTATCCCGTTCAGTCCTGG,4.45,P7-ns-R1,1673777,20,59.88951398263703,50.0,AGGTTGGCGTTGATGACCTT,3.5,0.21296734294804764,300,Non_specific,-,"[1673373, 1673773]"
0,P8-ns-L1,7344,20,60.1094581218195,55.0,TCGAACCGGTTGACATCGSG,4.04,P8-ns-R1,7690,18,60.585246939641365,66.66666666666667,GTGTACCTCATCGCCGCC,6.13,2.6947050614608656,346,Non_specific,-,"[7247, 7647]"
0,P9-ns-L1,2288651,20,59.20368783173234,55.0,CAACAGTTCATCCCGGTTCG,3.95,P9-ns-R1,2288973,20,59.757174968526215,55.0,TCGAGGCGGTGTTCTACAAG,3.16,1.0391371997414467,322,Non_specific,-,"[2288528, 2288928]"
0,P10-ns-L1,1472411,20,60.03852645635135,55.0,AGCTCGTAGGTGGTTTGTCG,4.35,P10-ns-R1,1472768,20,60.61078542586364,55.0,GCCCCCRTCAATTCCTTTGA,2.69,0.6493118822149881,357,Non_specific,-,"[1472358, 1472758]"
0,P11-ns-L1,4407894,20,60.38685805589864,55.0,TCTCGAAGAAACTCGGTGCG,5.34,P11-ns-R1,4408204,20,59.040446709954665,55.0,TAATGTCTCCYATCGAGCCC,5.19,1.3464113459439773,310,Non_specific,-,"[4407756, 4408156]"
0,P12-ns-L1,1473053,20,60.035151631133374,55.0,CCYGGGCTTCACARATGCTA,3.49,P12-ns-R1,1473442,20,60.32077056485042,60.0,CAGACAAGAACCCCTCACGG,4.94,0.35592219598379415,389,Non_specific,-,"[1473003, 1473403]"
0,P13-ns-L1,2715439,20,60.1791371095448,50.0,TGCGAGAATCAGCGACGAAT,3.34,P13-ns-R1,2715765,20,60.040692215614285,55.0,CTGTCAGTCGACGACGGAAA,3.13,0.2198293251590826,326,Non_specific,-,"[2715339, 2715739]"
0,P14-ns-L1,1472086,20,60.54036477044025,55.0,ATCAGCTTGTTGGTGGGGTG,4.61,P14-ns-R1,1472443,20,59.974743616788544,50.0,TCACGAACAACGCGACAAAC,2.93,0.5656211536517048,357,Non_specific,-,"[1472035, 1472435]"
0,P15-ns-L1,4326166,20,60.034088833403985,60.0,GGGGTGAACTCCATGAAGGG,3.95,P15-ns-R1,4326495,20,60.03907403847404,55.0,CMGAACTCAGGTCGCGAACT,3.01,0.07316287187802573,329,Non_specific,-,"[4326074, 4326474]"
0,P16-ns-L1,4243328,20,59.68914603861077,55.0,CTGCTTCCGGTGAACCAARC,2.93,P16-ns-R1,4243653,18,60.961720839082204,61.111111111111114,TATGCAGCGCGCTACAGC,4.4,3.272574800471432,325,Non_specific,-,"[4243203, 4243603]"
0,P17-ns-L1,4327146,20,60.107508221835076,55.0,CCAATCGGCACTGATCACCT,4.0,P17-ns-R1,4327478,20,60.24965702326381,60.0,GATCCATGACCGAGRACCTC,3.85,0.3571652450988836,332,Non_specific,-,"[4327084, 4327484]"
0,P18-ns-L1,4247819,19,60.00432000771838,52.63157894736842,TTACCGCCGCATTCACACT,3.55,P18-ns-R1,4248149,20,60.10978105272085,50.0,TGATCAAAAAGCCGAAGCGC,5.92,1.114101060439225,330,Non_specific,-,"[4247730, 4248130]"
0,P19-ns-L1,4407613,20,59.90127150854562,50.0,GCAAATAGTTCGCGCCACAT,3.21,P19-ns-R1,4407914,20,60.38685805589864,55.0,CGCACCGAGTTTCTTCGAGA,4.04,0.485586547353023,301,Non_specific,-,"[4407543, 4407943]"
0,P20-ns-L1,4327531,20,60.46028408477713,60.0,CGTAGTAAGCTGCCAGGGTG,4.61,P20-ns-R1,4327879,20,60.32042093038291,55.0,AGAACACGTTGATCCCGGTG,4.94,0.7807050151600379,348,Non_specific,-,"[4327480, 4327880]"
0,P21-ns-L1,4326665,20,60.463474176291015,60.0,GCTGGATCAGGSTCAGGAAC,3.62,P21-ns-R1,4326994,20,60.25020912374498,55.0,GATCATCCATCCGCAGCACT,4.4,0.7136833000359957,329,Non_specific,-,"[4326602, 4327002]"
0,P22-ns-L1,1674181,20,59.97241448014012,55.0,GACACAACACAAGGACGCAC,5.34,P22-ns-R1,1674491,20,59.11206745383993,50.0,AACCCAATCGAATGCACCAC,4.16,0.9155180660199562,310,Non_specific,-,"[1674048, 1674448]"
0,P23-ns-L1,2726206,20,59.68821028656748,55.0,CATTYGCGATCAATTCCCCG,5.73,P23-ns-R1,2726536,20,59.89697438765097,55.0,TTGATGTCGGAGAGCATCGG,4.18,0.41481532578154656,330,Non_specific,-,"[2726112, 2726512]"
0,P24-ns-L1,764814,20,60.03695215317697,55.0,AGTGTKGGATGTGCTCGAAG,3.79,P24-ns-R1,765140,20,59.827197032533604,60.0,CGGTGGTCAYGTAGTACAGC,4.4,0.209755120643365,326,Non_specific,-,"[764724, 765124]"
0,P25-ns-L1,2747213,20,61.51720973230141,65.0,GCTCGATCTCCCGGTAGGTC,3.85,P25-ns-R1,2747519,20,59.385187635457214,50.0,TGCTGCAGGTTGAGCATCTA,1.98,2.132022096844196,306,Non_specific,-,"[2747141, 2747541]"
0,P26-ns-L1,6659,20,59.825155079357785,55.0,TGTTCCAGGCGATACTTCCG,4.3,P26-ns-R1,6988,20,59.89385051200492,55.0,GGAGTATGCGAATTCCGGGT,5.28,0.28099440863729797,329,Non_specific,-,"[6575, 6975]"
0,P27-ns-L1,2288978,20,60.108614558536146,60.0,GACGTGTCCAGACTGGGATG,3.51,P27-ns-R1,2289310,20,60.03695215317697,60.0,CCCTATATCTGTGGCTGCCG,5.69,0.14556671171311564,332,Non_specific,-,"[2288860, 2289260]"
0,P28-ns-L1,4249439,20,60.53065026463071,55.0,AATATGTGGGCTCGACGCAG,5.18,P28-ns-R1,4249818,20,60.17904541945899,55.0,GCCTGACGCTATGGAYCAAT,3.16,0.7096956840896951,379,Non_specific,-,"[4249389, 4249789]"
0,P29-ns-L1,1674559,20,59.969764779118236,55.0,TCCACATCTCGGCGTATTCG,3.34,P29-ns-R1,1674910,20,59.973196617015105,55.0,GCGTCGCATCCTTCATGTTC,3.18,0.05703860386665838,351,Non_specific,-,"[1674481, 1674881]"
0,P30-ns-L1,2155516,20,59.96454244930567,60.0,CCCAATAGACCTCATCGGGC,6.13,P30-ns-R1,2155867,20,60.03695215317697,55.0,AAGTGATGACCACCTCGCAG,5.18,0.07240970387130119,351,Non_specific,-,"[2155462, 2155862]"
0,P31-ns-L1,4325884,20,59.834055650078255,55.0,GACGTTGAAATCACGCTGGG,4.45,P31-ns-R1,4326186,20,60.034088833403985,60.0,CCCTTCATGGAGTTCACCCC,4.95,0.20003318332572917,302,Non_specific,-,"[4325761, 4326161]"
0,P32-ns-L1,4326347,20,59.898241179685954,55.0,CGGAAAGCATCATGCCCTTG,3.61,P32-ns-R1,4326685,20,60.463474176291015,60.0,GTTCCTGAGCCTGATCCAGC,4.85,0.5652329966050615,338,Non_specific,-,"[4326294, 4326694]"
0,P33-ns-L1,3841195,19,60.22621145306675,63.1578947368421,CGTAGCACCGTGACCGTAG,3.51,P33-ns-R1,3841503,19,60.37349661231434,63.1578947368421,GAGCCACAGGACAGTCACG,4.35,2.599708065381094,308,Non_specific,-,"[3841083, 3841483]"
0,P34-ns-L1,3068072,20,59.8377058432456,55.0,GGGCGTCGTAAAACGTGAAG,3.02,P34-ns-R1,3068384,20,59.535547545958195,60.0,GGGATCTGGAACGGTACCTG,4.0,0.6267466107962036,312,Non_specific,-,"[3067958, 3068358]"
0,P35-ns-L1,1918397,20,59.8316523933571,55.0,CGACCTGTCGTTCATCTCGT,4.18,P35-ns-R1,1918707,20,59.542964846025825,55.0,CAATCCCTTGGCCGACAATG,2.82,0.6253827606170717,310,Non_specific,-,"[1918292, 1918692]"
0,P36-ns-L1,3073840,20,59.82966135418326,55.0,TGTCGTAGATGTGGCAGTCG,4.18,P36-ns-R1,3074156,20,59.82332025162748,55.0,GGTGAGCACATCGACCAGAT,2.9,0.34701839418926284,316,Non_specific,-,"[3073768, 3074168]"
0,P37-ns-L1,762211,19,59.78328991863111,63.1578947368421,GAAGGGTGAGACCGAGCTG,4.24,P37-ns-R1,762536,20,60.3951731603633,55.0,AATAATGTCCACCGGGGTGC,5.01,1.6118832417321869,325,Non_specific,-,"[762089, 762489]"
0,P38-ns-L1,2154721,20,59.605435246846696,60.0,CCCMGATCTGGCTCTTAAGG,2.69,P38-ns-R1,2155094,20,59.82764764213846,60.0,GAGTGGGAGCTGACGAAGAG,2.85,0.5669171110148454,373,Non_specific,-,"[2154671, 2155071]"
0,P39-ns-L1,4326974,20,60.25020912374498,55.0,AGTGCTGCGGATGGATGATC,2.92,P39-ns-R1,4327308,20,59.82943873509606,55.0,GACTCCGACATGTACACGCT,5.07,0.42077038864891847,334,Non_specific,-,"[4326893, 4327293]"
0,P40-ns-L1,764453,20,59.9737148269366,55.0,CGCCGGAAATCATCGTCAAC,3.18,P40-ns-R1,764789,20,60.17917891449116,55.0,GCTTGGCGCTCTTGATGTTC,3.18,0.20546408755456014,336,Non_specific,-,"[764363, 764763]"
