[
  {
    "model": "wbcrm.activitytype",
    "pk": 1,
    "fields": {
      "default": true,
      "title": "Call",
      "slugify_title": "call",
      "color": "#bb7ff9",
      "score": "3.0",
      "icon": "wb-icon-phone"
    }
  },
  {
    "model": "wbcrm.activitytype",
    "pk": 2,
    "fields": {
      "default": false,
      "title": "Email",
      "slugify_title": "email",
      "color": "#d46f94",
      "score": "2.0",
      "icon": "wb-icon-envelope"
    }
  },
  {
    "model": "wbcrm.activitytype",
    "pk": 3,
    "fields": {
      "default": false,
      "title": "Meeting",
      "slugify_title": "meeting",
      "color": "#00b0e6",
      "score": "4.0",
      "icon": "wb-icon-handshake"
    }
  },
  {
    "model": "wbcrm.activitytype",
    "pk": 4,
    "fields": {
      "default": false,
      "title": "Event",
      "slugify_title": "event",
      "color": "#ffa67a",
      "score": "2.0",
      "icon": "wb-icon-people"
    }
  },
  {
    "model": "wbcrm.activitytype",
    "pk": 5,
    "fields": {
      "default": false,
      "title": "Business Travel",
      "slugify_title": "business travel",
      "color": "#f9f871",
      "score": "2.0",
      "icon": "wb-icon-suitcase-1"
    }
  },
  {
    "model": "wbcrm.activitytype",
    "pk": 6,
    "fields": {
      "default": false,
      "title": "Holiday",
      "slugify_title": "holiday",
      "color": "#e60064",
      "score": "2.0",
      "icon": "wb-icon-globe-1"
    }
  },
  {
    "model": "wbcrm.activitytype",
    "pk": 7,
    "fields": {
      "default": false,
      "title": "Lunch",
      "slugify_title": "lunch",
      "color": "#000000",
      "score": "2.0",
      "icon": "wb-icon-lunch"
    }
  },
  {
    "model": "wbcrm.activitytype",
    "pk": 8,
    "fields": {
      "default": false,
      "title": "Task",
      "slugify_title": "task",
      "color": "#dbcece",
      "score": "2.0",
      "icon": "wb-icon-bookmark"
    }
  },
  {
    "model": "wbcrm.activitytype",
    "pk": 9,
    "fields": {
      "default": false,
      "title": "Encounter",
      "slugify_title": "encounter",
      "color": "#00ffe5",
      "score": "2.0",
      "icon": "wb-icon-speech-bubble"
    }
  },
  {
    "model": "wbcrm.activitytype",
    "pk": 10,
    "fields": {
      "default": false,
      "title": "Other",
      "slugify_title": "other",
      "color": "#455778",
      "score": "2.0",
      "icon": "wb-icon-data-grid-1"
    }
  },
  {
    "model": "agenda.calendaritem",
    "pk": 1,
    "fields": {
      "color": "#00b0e6",
      "icon": "wb-icon-handshake",
      "visibility": "PUBLIC",
      "item_type": "wbcrm.Activity",
      "period": "{\"bounds\": \"[)\", \"lower\": \"2021-10-05T09:00:00+00:00\", \"upper\": \"2021-10-05T10:03:17.601000+00:00\"}",
      "title": "Meeting with Wirtz",
      "all_day": false
    }
  },
  {
    "model": "agenda.calendaritem",
    "pk": 2,
    "fields": {
      "color": "#00b0e6",
      "icon": "wb-icon-handshake",
      "visibility": "PUBLIC",
      "item_type": "wbcrm.Activity",
      "period": "{\"bounds\": \"[)\", \"lower\": \"2021-10-05T09:15:00+00:00\", \"upper\": \"2021-10-05T10:04:41.873000+00:00\"}",
      "title": "",
      "all_day": false
    }
  },
  {
    "model": "agenda.calendaritem",
    "pk": 3,
    "fields": {
      "color": null,
      "icon": "wb-icon-handshake",
      "visibility": "PUBLIC",
      "item_type": "wbcrm.Activity",
      "period": "{\"bounds\": \"[)\", \"lower\": \"2021-10-06T08:00:00+00:00\", \"upper\": \"2021-10-06T09:30:00+00:00\"}",
      "title": "Meeting with Thomas Frei",
      "all_day": false
    }
  },
  {
    "model": "agenda.calendaritem",
    "pk": 4,
    "fields": {
      "color": "#bb7ff9",
      "icon": "wb-icon-phone",
      "visibility": "PUBLIC",
      "item_type": "wbcrm.Activity",
      "period": "{\"bounds\": \"[)\", \"lower\": \"2021-10-06T10:30:00+00:00\", \"upper\": \"2021-10-06T12:30:00+00:00\"}",
      "title": "Call Atlantic Games",
      "all_day": false
    }
  },
  {
    "model": "agenda.calendaritem",
    "pk": 5,
    "fields": {
      "color": null,
      "icon": "wb-icon-phone",
      "visibility": "PUBLIC",
      "item_type": "wbcrm.Activity",
      "period": "{\"bounds\": \"[)\", \"lower\": \"2020-01-08T15:20:00+00:00\", \"upper\": \"2020-01-08T16:00:00+00:00\"}",
      "title": "Call with Wirtz",
      "all_day": false
    }
  },
  {
    "model": "agenda.calendaritem",
    "pk": 6,
    "fields": {
      "color": "#00b0e6",
      "icon": "wb-icon-handshake",
      "visibility": "PUBLIC",
      "item_type": "wbcrm.Activity",
      "period": "{\"bounds\": \"[)\", \"lower\": \"2021-10-07T08:15:00+00:00\", \"upper\": \"2021-10-07T17:30:00+00:00\"}",
      "title": "Meeting with Atlantic Games",
      "all_day": false
    }
  },
  {
    "model": "agenda.calendaritem",
    "pk": 7,
    "fields": {
      "color": null,
      "icon": "wb-icon-handshake",
      "visibility": "PUBLIC",
      "item_type": "wbcrm.Activity",
      "period": "{\"bounds\": \"[)\", \"lower\": \"2021-10-14T05:15:00+00:00\", \"upper\": \"2021-10-14T07:20:00+00:00\"}",
      "title": "Meeting with Wirtz",
      "all_day": false
    }
  },
  {
    "model": "agenda.calendaritem",
    "pk": 8,
    "fields": {
      "color": "#bb7ff9",
      "icon": "wb-icon-phone",
      "visibility": "PUBLIC",
      "item_type": "wbcrm.Activity",
      "period": "{\"bounds\": \"[)\", \"lower\": \"2021-10-08T06:00:00+00:00\", \"upper\": \"2021-10-08T08:00:00+00:00\"}",
      "title": "Phone Call with Samuelsson",
      "all_day": false
    }
  },
  {
    "model": "agenda.calendaritem",
    "pk": 9,
    "fields": {
      "color": "#00b0e6",
      "icon": "wb-icon-handshake",
      "visibility": "PUBLIC",
      "item_type": "wbcrm.Activity",
      "period": "{\"bounds\": \"[)\", \"lower\": \"2021-10-12T10:50:38+00:00\", \"upper\": \"2021-10-12T11:50:38+00:00\"}",
      "title": "Meeting with Sangwit",
      "all_day": false
    }
  },
  {
    "model": "agenda.calendaritem",
    "pk": 10,
    "fields": {
      "color": "#bb7ff9",
      "icon": "wb-icon-phone",
      "visibility": "PUBLIC",
      "item_type": "wbcrm.Activity",
      "period": "{\"bounds\": \"[)\", \"lower\": \"2021-10-12T08:00:00+00:00\", \"upper\": \"2021-10-12T10:00:00+00:00\"}",
      "title": "Call with Dögg",
      "all_day": false
    }
  },
  {
    "model": "agenda.calendaritem",
    "pk": 11,
    "fields": {
      "color": "#00b0e6",
      "icon": "wb-icon-handshake",
      "visibility": "PUBLIC",
      "item_type": "wbcrm.Activity",
      "period": "{\"bounds\": \"[)\", \"lower\": \"2021-09-30T22:00:00+00:00\", \"upper\": \"2021-10-01T06:20:00+00:00\"}",
      "title": "Meeting with Kaizen",
      "all_day": false
    }
  },
  {
    "model": "agenda.calendaritem",
    "pk": 12,
    "fields": {
      "color": "#000000",
      "icon": "wb-icon-lunch",
      "visibility": "PUBLIC",
      "item_type": "wbcrm.Activity",
      "period": "{\"bounds\": \"[)\", \"lower\": \"2021-09-30T22:00:00+00:00\", \"upper\": \"2021-10-01T06:20:00+00:00\"}",
      "title": "Eating with Diana Beich",
      "all_day": false
    }
  },
  {
    "model": "agenda.calendaritem",
    "pk": 13,
    "fields": {
      "color": "#00b0e6",
      "icon": "wb-icon-handshake",
      "visibility": "PUBLIC",
      "item_type": "wbcrm.Activity",
      "period": "{\"bounds\": \"[)\", \"lower\": \"2021-04-01T10:00:00+00:00\", \"upper\": \"2021-04-01T12:35:00+00:00\"}",
      "title": "Meeting with Uni Hamburg",
      "all_day": false
    }
  },
  {
    "model": "agenda.calendaritem",
    "pk": 14,
    "fields": {
      "color": "#bb7ff9",
      "icon": "wb-icon-phone",
      "visibility": "PUBLIC",
      "item_type": "wbcrm.Activity",
      "period": "{\"bounds\": \"[)\", \"lower\": \"2021-10-05T13:00:00+00:00\", \"upper\": \"2021-10-05T14:15:00+00:00\"}",
      "title": "Call with Uni Hamburg",
      "all_day": false
    }
  },
  {
    "model": "agenda.calendaritem",
    "pk": 15,
    "fields": {
      "color": null,
      "icon": "wb-icon-phone",
      "visibility": "PUBLIC",
      "item_type": "wbcrm.Activity",
      "period": "{\"bounds\": \"[)\", \"lower\": \"2021-01-01T04:00:00+00:00\", \"upper\": \"2021-01-01T06:00:00+00:00\"}",
      "title": "Call with Ratanarak",
      "all_day": false
    }
  },
  {
    "model": "agenda.calendaritem",
    "pk": 16,
    "fields": {
      "color": "#bb7ff9",
      "icon": "wb-icon-phone",
      "visibility": "PUBLIC",
      "item_type": "wbcrm.Activity",
      "period": "{\"bounds\": \"[)\", \"lower\": \"2021-10-05T08:30:00+00:00\", \"upper\": \"2021-10-05T13:30:00+00:00\"}",
      "title": "Call with Kaizen IT",
      "all_day": false
    }
  },
  {
    "model": "agenda.calendaritem",
    "pk": 17,
    "fields": {
      "color": "#00b0e6",
      "icon": "wb-icon-handshake",
      "visibility": "PUBLIC",
      "item_type": "wbcrm.Activity",
      "period": "{\"bounds\": \"[)\", \"lower\": \"2021-09-30T22:00:00+00:00\", \"upper\": \"2021-10-01T21:00:00+00:00\"}",
      "title": "Meeting with the LowCountryBank",
      "all_day": false
    }
  },
  {
    "model": "agenda.calendaritem",
    "pk": 18,
    "fields": {
      "color": "#f9f871",
      "icon": "wb-icon-suitcase-1",
      "visibility": "PUBLIC",
      "item_type": "wbcrm.Activity",
      "period": "{\"bounds\": \"[)\", \"lower\": \"2021-09-30T22:00:00+00:00\", \"upper\": \"2021-10-05T21:00:00+00:00\"}",
      "title": "Travel to Russia",
      "all_day": false
    }
  },
  {
    "model": "agenda.calendaritem",
    "pk": 19,
    "fields": {
      "color": "#ffa67a",
      "icon": "wb-icon-people",
      "visibility": "PUBLIC",
      "item_type": "wbcrm.Activity",
      "period": "{\"bounds\": \"[)\", \"lower\": \"2023-05-20T16:00:00+00:00\", \"upper\": \"2023-05-21T00:00:00+00:00\"}",
      "title": "Throw Big Birthday Party",
      "all_day": false
    }
  },
  {
    "model": "agenda.calendaritem",
    "pk": 20,
    "fields": {
      "color": "#bb7ff9",
      "icon": "wb-icon-phone",
      "visibility": "PUBLIC",
      "item_type": "wbcrm.Activity",
      "period": "{\"bounds\": \"[)\", \"lower\": \"2022-06-17T08:15:00+00:00\", \"upper\": \"2022-06-17T13:00:59+00:00\"}",
      "title": "Conference Call",
      "all_day": false
    }
  },
  {
    "model": "agenda.calendaritem",
    "pk": 21,
    "fields": {
      "color": "#bb7ff9",
      "icon": "wb-icon-phone",
      "visibility": "PUBLIC",
      "item_type": "wbcrm.Activity",
      "period": "{\"bounds\": \"[)\", \"lower\": \"2022-06-24T08:15:00+00:00\", \"upper\": \"2022-06-24T13:00:59+00:00\"}",
      "title": "Conference Call",
      "all_day": false
    }
  },
  {
    "model": "agenda.calendaritem",
    "pk": 22,
    "fields": {
      "color": "#bb7ff9",
      "icon": "wb-icon-phone",
      "visibility": "PUBLIC",
      "item_type": "wbcrm.Activity",
      "period": "{\"bounds\": \"[)\", \"lower\": \"2022-07-01T08:15:00+00:00\", \"upper\": \"2022-07-01T13:00:59+00:00\"}",
      "title": "Conference Call",
      "all_day": false
    }
  },
  {
    "model": "agenda.calendaritem",
    "pk": 23,
    "fields": {
      "color": "#bb7ff9",
      "icon": "wb-icon-phone",
      "visibility": "PUBLIC",
      "item_type": "wbcrm.Activity",
      "period": "{\"bounds\": \"[)\", \"lower\": \"2022-07-08T08:15:00+00:00\", \"upper\": \"2022-07-08T13:00:59+00:00\"}",
      "title": "Conference Call",
      "all_day": false
    }
  },
  {
    "model": "agenda.calendaritem",
    "pk": 24,
    "fields": {
      "color": "#bb7ff9",
      "icon": "wb-icon-phone",
      "visibility": "PUBLIC",
      "item_type": "wbcrm.Activity",
      "period": "{\"bounds\": \"[)\", \"lower\": \"2022-07-15T08:15:00+00:00\", \"upper\": \"2022-07-15T13:00:59+00:00\"}",
      "title": "Conference Call",
      "all_day": false
    }
  },
  {
    "model": "agenda.calendaritem",
    "pk": 25,
    "fields": {
      "color": "#bb7ff9",
      "icon": "wb-icon-phone",
      "visibility": "PUBLIC",
      "item_type": "wbcrm.Activity",
      "period": "{\"bounds\": \"[)\", \"lower\": \"2022-07-22T08:15:00+00:00\", \"upper\": \"2022-07-22T13:00:59+00:00\"}",
      "title": "Conference Call",
      "all_day": false
    }
  },
  {
    "model": "agenda.calendaritem",
    "pk": 26,
    "fields": {
      "color": "#bb7ff9",
      "icon": "wb-icon-phone",
      "visibility": "PRIVATE",
      "item_type": "wbcrm.Activity",
      "period": "{\"bounds\": \"[)\", \"lower\": \"2022-08-18T12:22:02+00:00\", \"upper\": \"2022-08-18T13:22:02+00:00\"}",
      "title": "Super Secret wbcrm.Activity",
      "all_day": false
    }
  },
  {
    "model": "wbcrm.activity",
    "pk": 1,
    "fields": {
      "parent_occurrence": null,
      "propagate_for_all_children": false,
      "recurrence_end": null,
      "recurrence_count": null,
      "repeat_choice": "NEVER",
      "online_meeting": false,
      "status": "FINISHED",
      "description": "Meeting with Wirtz",
      "result": "",
      "type": 3,
      "importance": "MEDIUM",
      "start": "2021-10-05T09:00:00Z",
      "end": "2021-10-05T10:03:17.601Z",
      "reminder_choice": "NEVER",
      "location": null,
      "location_longitude": null,
      "location_latitude": null,
      "created": "2021-10-05T09:03:17.605Z",
      "reviewed_at": null,
      "edited": "2022-07-06T16:28:46.867Z",
      "preceded_by": null,
      "disable_participant_check": false
    }
  },
  {
    "model": "wbcrm.activity",
    "pk": 2,
    "fields": {
      "parent_occurrence": null,
      "propagate_for_all_children": false,
      "recurrence_end": null,
      "recurrence_count": null,
      "repeat_choice": "NEVER",
      "online_meeting": false,
      "status": "FINISHED",
      "description": "Meeting with Andrew Q'quinn",
      "result": "",
      "type": 3,
      "importance": "LOW",
      "start": "2021-10-05T09:15:00Z",
      "end": "2021-10-05T10:04:41.873Z",
      "reminder_choice": "NEVER",
      "location": null,
      "location_longitude": null,
      "location_latitude": null,
      "created": "2021-10-05T09:04:41.878Z",
      "reviewed_at": null,
      "edited": "2022-07-06T15:50:16.514Z",
      "preceded_by": null,
      "disable_participant_check": false
    }
  },
  {
    "model": "wbcrm.activity",
    "pk": 3,
    "fields": {
      "parent_occurrence": null,
      "propagate_for_all_children": false,
      "recurrence_end": null,
      "recurrence_count": null,
      "repeat_choice": "NEVER",
      "online_meeting": false,
      "status": "CANCELLED",
      "description": "Meeting with Thomas Frei",
      "result": "",
      "type": 3,
      "importance": "LOW",
      "start": "2021-10-06T08:00:00Z",
      "end": "2021-10-06T09:30:00Z",
      "reminder_choice": "NEVER",
      "location": null,
      "location_longitude": null,
      "location_latitude": null,
      "created": "2021-10-07T08:21:02.603Z",
      "reviewed_at": null,
      "edited": "2022-07-06T16:28:26.598Z",
      "preceded_by": null,
      "disable_participant_check": false
    }
  },
  {
    "model": "wbcrm.activity",
    "pk": 4,
    "fields": {
      "parent_occurrence": null,
      "propagate_for_all_children": false,
      "recurrence_end": null,
      "recurrence_count": null,
      "repeat_choice": "NEVER",
      "online_meeting": false,
      "status": "CANCELLED",
      "description": "Call Atlantic Games",
      "result": "",
      "type": 1,
      "importance": "LOW",
      "start": "2021-10-06T10:30:00Z",
      "end": "2021-10-06T12:30:00Z",
      "reminder_choice": "NEVER",
      "location": null,
      "location_longitude": null,
      "location_latitude": null,
      "created": "2021-10-07T08:29:41.295Z",
      "reviewed_at": null,
      "edited": "2022-07-06T16:19:13.416Z",
      "preceded_by": null,
      "disable_participant_check": false
    }
  },
  {
    "model": "wbcrm.activity",
    "pk": 5,
    "fields": {
      "parent_occurrence": null,
      "propagate_for_all_children": false,
      "recurrence_end": null,
      "recurrence_count": null,
      "repeat_choice": "NEVER",
      "online_meeting": false,
      "status": "REVIEWED",
      "description": "Call with Wirtz",
      "result": "<p>The call was great</p>",
      "type": 1,
      "importance": "LOW",
      "start": "2020-01-08T15:20:00Z",
      "end": "2020-01-08T16:00:00Z",
      "reminder_choice": "NEVER",
      "location": null,
      "location_longitude": null,
      "location_latitude": null,
      "created": "2021-10-08T14:19:57.687Z",
      "reviewed_at": "2021-10-08T14:21:03.632Z",
      "edited": "2022-07-06T16:28:05.810Z",
      "preceded_by": null,
      "disable_participant_check": false
    }
  },
  {
    "model": "wbcrm.activity",
    "pk": 6,
    "fields": {
      "parent_occurrence": null,
      "propagate_for_all_children": false,
      "recurrence_end": null,
      "recurrence_count": null,
      "repeat_choice": "NEVER",
      "online_meeting": false,
      "status": "FINISHED",
      "description": "Meeting with Atlantic Games",
      "result": "",
      "type": 3,
      "importance": "LOW",
      "start": "2021-10-07T08:15:00Z",
      "end": "2021-10-07T17:30:00Z",
      "reminder_choice": "MINUTES_15",
      "location": null,
      "location_longitude": null,
      "location_latitude": null,
      "created": "2021-10-08T14:27:09.795Z",
      "reviewed_at": null,
      "edited": "2022-07-06T16:27:31.606Z",
      "preceded_by": null,
      "disable_participant_check": false
    }
  },
  {
    "model": "wbcrm.activity",
    "pk": 7,
    "fields": {
      "parent_occurrence": null,
      "propagate_for_all_children": false,
      "recurrence_end": null,
      "recurrence_count": null,
      "repeat_choice": "NEVER",
      "online_meeting": false,
      "status": "REVIEWED",
      "description": "Meeting with Wirtz",
      "result": "Went well",
      "type": 3,
      "importance": "LOW",
      "start": "2021-10-14T05:15:00Z",
      "end": "2021-10-14T07:20:00Z",
      "reminder_choice": "NEVER",
      "location": null,
      "location_longitude": null,
      "location_latitude": null,
      "created": "2021-10-11T06:21:04.844Z",
      "reviewed_at": "2021-10-11T06:21:22.775Z",
      "edited": "2022-07-06T16:27:07.201Z",
      "preceded_by": null,
      "disable_participant_check": false
    }
  },
  {
    "model": "wbcrm.activity",
    "pk": 8,
    "fields": {
      "parent_occurrence": null,
      "propagate_for_all_children": false,
      "recurrence_end": null,
      "recurrence_count": null,
      "repeat_choice": "NEVER",
      "online_meeting": false,
      "status": "FINISHED",
      "description": "Phone Call with Samuelsson",
      "result": "",
      "type": 1,
      "importance": "LOW",
      "start": "2021-10-08T06:00:00Z",
      "end": "2021-10-08T08:00:00Z",
      "reminder_choice": "MINUTES_15",
      "location": null,
      "location_longitude": null,
      "location_latitude": null,
      "created": "2021-10-11T06:54:40.387Z",
      "reviewed_at": null,
      "edited": "2022-07-06T16:26:43.240Z",
      "preceded_by": null,
      "disable_participant_check": false
    }
  },
  {
    "model": "wbcrm.activity",
    "pk": 9,
    "fields": {
      "parent_occurrence": null,
      "propagate_for_all_children": false,
      "recurrence_end": null,
      "recurrence_count": null,
      "repeat_choice": "NEVER",
      "online_meeting": false,
      "status": "FINISHED",
      "description": "Meeting with Sangwit",
      "result": "",
      "type": 3,
      "importance": "LOW",
      "start": "2021-10-12T10:50:38Z",
      "end": "2021-10-12T11:50:38Z",
      "reminder_choice": "MINUTES_15",
      "location": null,
      "location_longitude": null,
      "location_latitude": null,
      "created": "2021-10-12T10:51:06.518Z",
      "reviewed_at": null,
      "edited": "2022-07-06T16:26:20.686Z",
      "preceded_by": null,
      "disable_participant_check": false
    }
  },
  {
    "model": "wbcrm.activity",
    "pk": 10,
    "fields": {
      "parent_occurrence": null,
      "propagate_for_all_children": false,
      "recurrence_end": null,
      "recurrence_count": null,
      "repeat_choice": "NEVER",
      "online_meeting": false,
      "status": "FINISHED",
      "description": "Call with Dögg",
      "result": "",
      "type": 1,
      "importance": "LOW",
      "start": "2021-10-12T08:00:00Z",
      "end": "2021-10-12T10:00:00Z",
      "reminder_choice": "NEVER",
      "location": null,
      "location_longitude": null,
      "location_latitude": null,
      "created": "2021-10-12T13:06:16.231Z",
      "reviewed_at": null,
      "edited": "2022-07-06T16:25:54.544Z",
      "preceded_by": null,
      "disable_participant_check": false
    }
  },
  {
    "model": "wbcrm.activity",
    "pk": 11,
    "fields": {
      "parent_occurrence": null,
      "propagate_for_all_children": false,
      "recurrence_end": null,
      "recurrence_count": null,
      "repeat_choice": "NEVER",
      "online_meeting": false,
      "status": "FINISHED",
      "description": "Meeting with Kaizen",
      "result": "",
      "type": 3,
      "importance": "LOW",
      "start": "2021-09-30T22:00:00Z",
      "end": "2021-10-01T06:20:00Z",
      "reminder_choice": "NEVER",
      "location": null,
      "location_longitude": null,
      "location_latitude": null,
      "created": "2021-10-12T13:09:31.444Z",
      "reviewed_at": null,
      "edited": "2022-07-06T16:25:26.828Z",
      "preceded_by": null,
      "disable_participant_check": false
    }
  },
  {
    "model": "wbcrm.activity",
    "pk": 12,
    "fields": {
      "parent_occurrence": null,
      "propagate_for_all_children": false,
      "recurrence_end": null,
      "recurrence_count": null,
      "repeat_choice": "NEVER",
      "online_meeting": false,
      "status": "FINISHED",
      "description": "Eating with Diana Beich",
      "result": "",
      "type": 7,
      "importance": "LOW",
      "start": "2021-09-30T22:00:00Z",
      "end": "2021-10-01T06:20:00Z",
      "reminder_choice": "NEVER",
      "location": null,
      "location_longitude": null,
      "location_latitude": null,
      "created": "2021-10-12T13:14:48.051Z",
      "reviewed_at": null,
      "edited": "2022-07-06T16:21:26.051Z",
      "preceded_by": null,
      "disable_participant_check": false
    }
  },
  {
    "model": "wbcrm.activity",
    "pk": 13,
    "fields": {
      "parent_occurrence": null,
      "propagate_for_all_children": false,
      "recurrence_end": null,
      "recurrence_count": null,
      "repeat_choice": "NEVER",
      "online_meeting": false,
      "status": "FINISHED",
      "description": "Meeting with Uni Hamburg",
      "result": "",
      "type": 3,
      "importance": "LOW",
      "start": "2021-04-01T10:00:00Z",
      "end": "2021-04-01T12:35:00Z",
      "reminder_choice": "NEVER",
      "location": null,
      "location_longitude": null,
      "location_latitude": null,
      "created": "2021-10-12T13:16:47.884Z",
      "reviewed_at": null,
      "edited": "2022-07-06T16:21:48.936Z",
      "preceded_by": null,
      "disable_participant_check": false
    }
  },
  {
    "model": "wbcrm.activity",
    "pk": 14,
    "fields": {
      "parent_occurrence": null,
      "propagate_for_all_children": false,
      "recurrence_end": null,
      "recurrence_count": null,
      "repeat_choice": "NEVER",
      "online_meeting": false,
      "status": "FINISHED",
      "description": "Call with Uni Hamburg",
      "result": "",
      "type": 1,
      "importance": "LOW",
      "start": "2021-10-05T13:00:00Z",
      "end": "2021-10-05T14:15:00Z",
      "reminder_choice": "NEVER",
      "location": null,
      "location_longitude": null,
      "location_latitude": null,
      "created": "2021-10-12T13:18:06.802Z",
      "reviewed_at": null,
      "edited": "2022-07-06T16:21:00.977Z",
      "preceded_by": null,
      "disable_participant_check": false
    }
  },
  {
    "model": "wbcrm.activity",
    "pk": 15,
    "fields": {
      "parent_occurrence": null,
      "propagate_for_all_children": false,
      "recurrence_end": null,
      "recurrence_count": null,
      "repeat_choice": "NEVER",
      "online_meeting": false,
      "status": "REVIEWED",
      "description": "Call with Ratanarak",
      "result": "<p>Great Call</p>",
      "type": 1,
      "importance": "LOW",
      "start": "2021-01-01T04:00:00Z",
      "end": "2021-01-01T06:00:00Z",
      "reminder_choice": "NEVER",
      "location": null,
      "location_longitude": null,
      "location_latitude": null,
      "created": "2021-10-12T13:22:48.968Z",
      "reviewed_at": "2021-10-12T13:44:32.726Z",
      "edited": "2022-07-06T16:20:34.723Z",
      "preceded_by": null,
      "disable_participant_check": false
    }
  },
  {
    "model": "wbcrm.activity",
    "pk": 16,
    "fields": {
      "parent_occurrence": null,
      "propagate_for_all_children": false,
      "recurrence_end": null,
      "recurrence_count": null,
      "repeat_choice": "NEVER",
      "online_meeting": false,
      "status": "FINISHED",
      "description": "Call with Kaizen IT",
      "result": "",
      "type": 1,
      "importance": "LOW",
      "start": "2021-10-05T08:30:00Z",
      "end": "2021-10-05T13:30:00Z",
      "reminder_choice": "NEVER",
      "location": null,
      "location_longitude": null,
      "location_latitude": null,
      "created": "2021-10-12T13:45:31.181Z",
      "reviewed_at": null,
      "edited": "2022-07-06T16:20:11.832Z",
      "preceded_by": null,
      "disable_participant_check": false
    }
  },
  {
    "model": "wbcrm.activity",
    "pk": 17,
    "fields": {
      "parent_occurrence": null,
      "propagate_for_all_children": false,
      "recurrence_end": null,
      "recurrence_count": null,
      "repeat_choice": "NEVER",
      "online_meeting": false,
      "status": "FINISHED",
      "description": "Meeting with the LowCountryBank",
      "result": "",
      "type": 3,
      "importance": "LOW",
      "start": "2021-09-30T22:00:00Z",
      "end": "2021-10-01T21:00:00Z",
      "reminder_choice": "MINUTES_15",
      "location": null,
      "location_longitude": null,
      "location_latitude": null,
      "created": "2021-10-12T13:46:27.449Z",
      "reviewed_at": null,
      "edited": "2022-07-06T16:19:41.430Z",
      "preceded_by": null,
      "disable_participant_check": false
    }
  },
  {
    "model": "wbcrm.activity",
    "pk": 18,
    "fields": {
      "parent_occurrence": null,
      "propagate_for_all_children": false,
      "recurrence_end": null,
      "recurrence_count": null,
      "repeat_choice": "NEVER",
      "online_meeting": false,
      "status": "PLANNED",
      "description": "Travel to Russia",
      "result": "",
      "type": 5,
      "importance": "LOW",
      "start": "2021-09-30T22:00:00Z",
      "end": "2021-10-05T21:00:00Z",
      "reminder_choice": "NEVER",
      "location": null,
      "location_longitude": null,
      "location_latitude": null,
      "created": "2021-10-12T13:46:27.449Z",
      "reviewed_at": null,
      "edited": "2022-07-06T16:24:56.203Z",
      "preceded_by": null,
      "disable_participant_check": false
    }
  },
  {
    "model": "wbcrm.activity",
    "pk": 19,
    "fields": {
      "parent_occurrence": null,
      "propagate_for_all_children": false,
      "recurrence_end": null,
      "recurrence_count": null,
      "repeat_choice": "NEVER",
      "online_meeting": false,
      "status": "PLANNED",
      "description": "Throw Big Birthday Party",
      "result": "",
      "type": 4,
      "importance": "HIGH",
      "start": "2023-05-20T16:00:00Z",
      "end": "2023-05-21T00:00:00Z",
      "reminder_choice": "NEVER",
      "location": null,
      "location_longitude": null,
      "location_latitude": null,
      "created": "2021-10-12T13:46:27.449Z",
      "reviewed_at": null,
      "edited": "2022-07-06T16:22:39.495Z",
      "preceded_by": null,
      "disable_participant_check": false
    }
  },
  {
    "model": "wbcrm.activity",
    "pk": 20,
    "fields": {
      "parent_occurrence": null,
      "propagate_for_all_children": false,
      "recurrence_end": null,
      "recurrence_count": null,
      "repeat_choice": "NEVER",
      "online_meeting": false,
      "status": "PLANNED",
      "description": "",
      "result": "",
      "type": 1,
      "importance": "MEDIUM",
      "start": "2022-06-17T08:15:00Z",
      "end": "2022-06-17T13:00:59Z",
      "reminder_choice": "NEVER",
      "location": null,
      "location_longitude": null,
      "location_latitude": null,
      "created": "2022-06-17T08:34:51.286Z",
      "reviewed_at": null,
      "edited": "2022-07-06T16:30:40.877Z",
      "preceded_by": null,
      "disable_participant_check": false
    }
  },
  {
    "model": "wbcrm.activity",
    "pk": 21,
    "fields": {
      "parent_occurrence": 20,
      "propagate_for_all_children": false,
      "recurrence_end": null,
      "recurrence_count": null,
      "repeat_choice": "NEVER",
      "online_meeting": false,
      "status": "PLANNED",
      "description": "",
      "result": "",
      "type": 1,
      "importance": "MEDIUM",
      "start": "2022-06-24T08:15:00Z",
      "end": "2022-06-24T13:00:59Z",
      "reminder_choice": "NEVER",
      "location": null,
      "location_longitude": null,
      "location_latitude": null,
      "created": "2022-06-17T08:34:52.768Z",
      "reviewed_at": null,
      "edited": "2022-07-06T16:30:25.252Z",
      "preceded_by": null,
      "disable_participant_check": false
    }
  },
  {
    "model": "wbcrm.activity",
    "pk": 22,
    "fields": {
      "parent_occurrence": 20,
      "propagate_for_all_children": false,
      "recurrence_end": null,
      "recurrence_count": null,
      "repeat_choice": "NEVER",
      "online_meeting": false,
      "status": "PLANNED",
      "description": "",
      "result": "",
      "type": 1,
      "importance": "MEDIUM",
      "start": "2022-07-01T08:15:00Z",
      "end": "2022-07-01T13:00:59Z",
      "reminder_choice": "NEVER",
      "location": null,
      "location_longitude": null,
      "location_latitude": null,
      "created": "2022-06-17T08:34:52.815Z",
      "reviewed_at": null,
      "edited": "2022-07-06T16:30:09.527Z",
      "preceded_by": null,
      "disable_participant_check": false
    }
  },
  {
    "model": "wbcrm.activity",
    "pk": 23,
    "fields": {
      "parent_occurrence": 20,
      "propagate_for_all_children": false,
      "recurrence_end": null,
      "recurrence_count": null,
      "repeat_choice": "NEVER",
      "online_meeting": false,
      "status": "PLANNED",
      "description": "",
      "result": "",
      "type": 1,
      "importance": "MEDIUM",
      "start": "2022-07-08T08:15:00Z",
      "end": "2022-07-08T13:00:59Z",
      "reminder_choice": "NEVER",
      "location": null,
      "location_longitude": null,
      "location_latitude": null,
      "created": "2022-06-17T08:34:52.851Z",
      "reviewed_at": null,
      "edited": "2022-07-06T16:23:59.544Z",
      "preceded_by": null,
      "disable_participant_check": false
    }
  },
  {
    "model": "wbcrm.activity",
    "pk": 24,
    "fields": {
      "parent_occurrence": 20,
      "propagate_for_all_children": false,
      "recurrence_end": null,
      "recurrence_count": null,
      "repeat_choice": "NEVER",
      "online_meeting": false,
      "status": "PLANNED",
      "description": "",
      "result": "",
      "type": 1,
      "importance": "MEDIUM",
      "start": "2022-07-15T08:15:00Z",
      "end": "2022-07-15T13:00:59Z",
      "reminder_choice": "NEVER",
      "location": null,
      "location_longitude": null,
      "location_latitude": null,
      "created": "2022-06-17T08:34:52.886Z",
      "reviewed_at": null,
      "edited": "2022-07-06T16:29:54.610Z",
      "preceded_by": null,
      "disable_participant_check": false
    }
  },
  {
    "model": "wbcrm.activity",
    "pk": 25,
    "fields": {
      "parent_occurrence": 20,
      "propagate_for_all_children": false,
      "recurrence_end": null,
      "recurrence_count": null,
      "repeat_choice": "NEVER",
      "online_meeting": false,
      "status": "PLANNED",
      "description": "",
      "result": "",
      "type": 1,
      "importance": "MEDIUM",
      "start": "2022-07-22T08:15:00Z",
      "end": "2022-07-22T13:00:59Z",
      "reminder_choice": "NEVER",
      "location": null,
      "location_longitude": null,
      "location_latitude": null,
      "created": "2022-06-17T08:34:52.921Z",
      "reviewed_at": null,
      "edited": "2022-07-06T16:29:32.846Z",
      "preceded_by": null,
      "disable_participant_check": false
    }
  },
  {
    "model": "wbcrm.activity",
    "pk": 26,
    "fields": {
      "parent_occurrence": null,
      "propagate_for_all_children": false,
      "recurrence_end": null,
      "recurrence_count": null,
      "repeat_choice": "NEVER",
      "online_meeting": false,
      "status": "PLANNED",
      "description": "",
      "result": "",
      "type": 1,
      "importance": "LOW",
      "start": "2022-08-18T12:22:02Z",
      "end": "2022-08-18T13:22:02Z",
      "reminder_choice": "MINUTES_15",
      "location": null,
      "location_longitude": null,
      "location_latitude": null,
      "created": "2022-08-18T12:22:58.801Z",
      "reviewed_at": null,
      "edited": "2022-08-18T12:26:05.807Z",
      "preceded_by": null,
      "disable_participant_check": false
    }
  },
  {
    "model": "wbcrm.product",
    "pk": 1,
    "fields": {
      "title": "Sustainability",
      "is_competitor": false,
      "slugify_title": "sustainability"
    }
  },
  {
    "model": "wbcrm.product",
    "pk": 2,
    "fields": {
      "title": "AI",
      "is_competitor": true,
      "slugify_title": "ai"
    }
  },
  {
    "model": "wbcrm.product",
    "pk": 3,
    "fields": {
      "title": "Feet",
      "is_competitor": true,
      "slugify_title": "feet"
    }
  }
]
