[
  {
    "model": "example_app.role",
    "pk": 1,
    "fields": {
      "title": "Player",
      "slugify_title": "player"
    }
  },
  {
    "model": "example_app.role",
    "pk": 2,
    "fields": {
      "title": "Coach",
      "slugify_title": "coach"
    }
  },
  {
    "model": "example_app.role",
    "pk": 3,
    "fields": {
      "title": "Commissioner",
      "slugify_title": "commissioner"
    }
  },
  {
    "model": "example_app.role",
    "pk": 4,
    "fields": {
      "title": "Referee",
      "slugify_title": "referee"
    }
  },
  {
    "model": "example_app.sportperson",
    "pk": 7,
    "fields": {
      "computed_str": "Tim Walter (Coach of Hamburger SV)",
      "first_name": "Tim",
      "last_name": "Walter",
      "profile": 77,
      "roles": [
        2
      ]
    }
  },
  {
    "model": "example_app.sportperson",
    "pk": 8,
    "fields": {
      "computed_str": "Fabian Huerzeler (Coach of FC St. Pauli)",
      "first_name": "Fabian",
      "last_name": "Huerzeler",
      "profile": 78,
      "roles": [
        2
      ]
    }
  },
  {
    "model": "example_app.sportperson",
    "pk": 9,
    "fields": {
      "computed_str": "Daniel Heuer (Goalkeeper at Hamburger SV)",
      "first_name": "Daniel",
      "last_name": "Heuer",
      "profile": 79,
      "roles": [
        1
      ]
    }
  },
  {
    "model": "example_app.sportperson",
    "pk": 10,
    "fields": {
      "computed_str": "Miro Muheim (Left Back at Hamburger SV)",
      "first_name": "Miro",
      "last_name": "Muheim",
      "profile": 80,
      "roles": [
        1
      ]
    }
  },
  {
    "model": "example_app.sportperson",
    "pk": 11,
    "fields": {
      "computed_str": "Dennis Hadzikadunic (Centre Back at Hamburger SV)",
      "first_name": "Dennis",
      "last_name": "Hadzikadunic",
      "profile": 81,
      "roles": [
        1
      ]
    }
  },
  {
    "model": "example_app.sportperson",
    "pk": 12,
    "fields": {
      "computed_str": "Christian Seifert",
      "first_name": "Christian",
      "last_name": "Seifert",
      "profile": 82,
      "roles": [
        3
      ]
    }
  },
  {
    "model": "example_app.sportperson",
    "pk": 13,
    "fields": {
      "computed_str": "Guilherme Ramos (Centre Back at Hamburger SV)",
      "first_name": "Guilherme",
      "last_name": "Ramos",
      "profile": 83,
      "roles": [
        1
      ]
    }
  },
  {
    "model": "example_app.sportperson",
    "pk": 14,
    "fields": {
      "computed_str": "Ignace Van der Brempt (Right Back at Hamburger SV)",
      "first_name": "Ignace",
      "last_name": "Van der Brempt",
      "profile": 84,
      "roles": [
        1
      ]
    }
  },
  {
    "model": "example_app.sportperson",
    "pk": 15,
    "fields": {
      "computed_str": "László Bénes (Centre Midfield at Hamburger SV)",
      "first_name": "László",
      "last_name": "Bénes",
      "profile": 85,
      "roles": [
        1
      ]
    }
  },
  {
    "model": "example_app.sportperson",
    "pk": 16,
    "fields": {
      "computed_str": "Jonas Meffert (Defensive Midfield at Hamburger SV)",
      "first_name": "Jonas",
      "last_name": "Meffert",
      "profile": 86,
      "roles": [
        1
      ]
    }
  },
  {
    "model": "example_app.sportperson",
    "pk": 17,
    "fields": {
      "computed_str": "Ludovit Reis (Center  Midfield at Hamburger SV)",
      "first_name": "Ludovit",
      "last_name": "Reis",
      "profile": 87,
      "roles": [
        1
      ]
    }
  },
  {
    "model": "example_app.sportperson",
    "pk": 18,
    "fields": {
      "computed_str": "Levin Öztunali (Left Wing at Hamburger SV)",
      "first_name": "Levin",
      "last_name": "Öztunali",
      "profile": 88,
      "roles": [
        1
      ]
    }
  },
  {
    "model": "example_app.sportperson",
    "pk": 19,
    "fields": {
      "computed_str": "Robert Glatzel (Striker at Hamburger SV)",
      "first_name": "Robert",
      "last_name": "Glatzel",
      "profile": 89,
      "roles": [
        1
      ]
    }
  },
  {
    "model": "example_app.sportperson",
    "pk": 20,
    "fields": {
      "computed_str": "Bakery Jatta (Right Wing at Hamburger SV)",
      "first_name": "Bakery",
      "last_name": "Jatta",
      "profile": 90,
      "roles": [
        1
      ]
    }
  },
  {
    "model": "example_app.sportperson",
    "pk": 21,
    "fields": {
      "computed_str": "Nikola Vasilj (Goalkeeper at FC St. Pauli)",
      "first_name": "Nikola",
      "last_name": "Vasilj",
      "profile": 91,
      "roles": [
        1
      ]
    }
  },
  {
    "model": "example_app.sportperson",
    "pk": 22,
    "fields": {
      "computed_str": "Hauke Wahl (Right Back at FC St. Pauli)",
      "first_name": "Hauke",
      "last_name": "Wahl",
      "profile": 92,
      "roles": [
        1
      ]
    }
  },
  {
    "model": "example_app.sportperson",
    "pk": 23,
    "fields": {
      "computed_str": "Eric Smith (Centre Back at FC St. Pauli)",
      "first_name": "Eric",
      "last_name": "Smith",
      "profile": 93,
      "roles": [
        1
      ]
    }
  },
  {
    "model": "example_app.sportperson",
    "pk": 24,
    "fields": {
      "computed_str": "Karol Mets (Left Back at FC St. Pauli)",
      "first_name": "Karol",
      "last_name": "Mets",
      "profile": 94,
      "roles": [
        1
      ]
    }
  },
  {
    "model": "example_app.sportperson",
    "pk": 25,
    "fields": {
      "computed_str": "Manolis Saliakas (Right Midfield at FC St. Pauli)",
      "first_name": "Manolis",
      "last_name": "Saliakas",
      "profile": 95,
      "roles": [
        1
      ]
    }
  },
  {
    "model": "example_app.sportperson",
    "pk": 26,
    "fields": {
      "computed_str": "Jackson Irvine (Centre Midfield at FC St. Pauli)",
      "first_name": "Jackson",
      "last_name": "Irvine",
      "profile": 96,
      "roles": [
        1
      ]
    }
  },
  {
    "model": "example_app.sportperson",
    "pk": 27,
    "fields": {
      "computed_str": "Marcel Hartel (Centre Midfield at FC St. Pauli)",
      "first_name": "Marcel",
      "last_name": "Hartel",
      "profile": 97,
      "roles": [
        1
      ]
    }
  },
  {
    "model": "example_app.sportperson",
    "pk": 28,
    "fields": {
      "computed_str": "Lars Ritzka (Left Midfield at FC St. Pauli)",
      "first_name": "Lars",
      "last_name": "Ritzka",
      "profile": 98,
      "roles": [
        1
      ]
    }
  },
  {
    "model": "example_app.sportperson",
    "pk": 29,
    "fields": {
      "computed_str": "Oladapo Afolayan (Right Forward at FC St. Pauli)",
      "first_name": "Oladapo",
      "last_name": "Afolayan",
      "profile": 99,
      "roles": [
        1
      ]
    }
  },
  {
    "model": "example_app.sportperson",
    "pk": 30,
    "fields": {
      "computed_str": "Elias Saad (Left Forward at FC St. Pauli)",
      "first_name": "Elias",
      "last_name": "Saad",
      "profile": 100,
      "roles": [
        1
      ]
    }
  },
  {
    "model": "example_app.sportperson",
    "pk": 31,
    "fields": {
      "computed_str": "Johannes Eggestein (Striker at FC St. Pauli)",
      "first_name": "Johannes",
      "last_name": "Eggestein",
      "profile": 101,
      "roles": [
        1
      ]
    }
  },
  {
    "model": "example_app.sportperson",
    "pk": 32,
    "fields": {
      "computed_str": "Florian Lechner",
      "first_name": "Florian",
      "last_name": "Lechner",
      "profile": 102,
      "roles": [
        4
      ]
    }
  },
  {
    "model": "example_app.sportperson",
    "pk": 33,
    "fields": {
      "computed_str": "Tom Bauer",
      "first_name": "Tom",
      "last_name": "Bauer",
      "profile": 103,
      "roles": [
        4
      ]
    }
  },
  {
    "model": "example_app.sportperson",
    "pk": 34,
    "fields": {
      "computed_str": "Andreas Bergmann (Coach of Altona 93)",
      "first_name": "Andreas",
      "last_name": "Bergmann",
      "profile": 104,
      "roles": [
        2
      ]
    }
  },
  {
    "model": "example_app.sportperson",
    "pk": 35,
    "fields": {
      "computed_str": "Julian Barkmann (Goalkeeper at Altona 93)",
      "first_name": "Julian",
      "last_name": "Barkmann",
      "profile": 105,
      "roles": [
        1
      ]
    }
  },
  {
    "model": "example_app.sportperson",
    "pk": 36,
    "fields": {
      "computed_str": "Michael Ambrosius (Centre Back at Altona 93)",
      "first_name": "Michael",
      "last_name": "Ambrosius",
      "profile": 106,
      "roles": [
        1
      ]
    }
  },
  {
    "model": "example_app.sportperson",
    "pk": 37,
    "fields": {
      "computed_str": "Gideon Baur (Centre Back at Altona 93)",
      "first_name": "Gideon",
      "last_name": "Baur",
      "profile": 107,
      "roles": [
        1
      ]
    }
  },
  {
    "model": "example_app.sportperson",
    "pk": 38,
    "fields": {
      "computed_str": "Lenny Glissmann (Centre Forward at Altona 93)",
      "first_name": "Lenny",
      "last_name": "Glissmann",
      "profile": 108,
      "roles": [
        1
      ]
    }
  },
  {
    "model": "example_app.sportperson",
    "pk": 39,
    "fields": {
      "computed_str": "Armel Gohoua (Left Wing at Altona 93)",
      "first_name": "Armel",
      "last_name": "Gohoua",
      "profile": 109,
      "roles": [
        1
      ]
    }
  },
  {
    "model": "example_app.sportperson",
    "pk": 40,
    "fields": {
      "computed_str": "Moritz Grosche (Right Back at Altona 93)",
      "first_name": "Moritz",
      "last_name": "Grosche",
      "profile": 110,
      "roles": [
        1
      ]
    }
  },
  {
    "model": "example_app.sportperson",
    "pk": 41,
    "fields": {
      "computed_str": "Steffen Neelsen (Centre Back at Altona 93)",
      "first_name": "Steffen",
      "last_name": "Neelsen",
      "profile": 111,
      "roles": [
        1
      ]
    }
  },
  {
    "model": "example_app.sportperson",
    "pk": 42,
    "fields": {
      "computed_str": "Gianluca Przondziono (Centre Midfield at Altona 93)",
      "first_name": "Gianluca",
      "last_name": "Przondziono",
      "profile": 112,
      "roles": [
        1
      ]
    }
  },
  {
    "model": "example_app.sportperson",
    "pk": 43,
    "fields": {
      "computed_str": "Fynn Rathjen (Defensive Midfield at Altona 93)",
      "first_name": "Fynn",
      "last_name": "Rathjen",
      "profile": 113,
      "roles": [
        1
      ]
    }
  },
  {
    "model": "example_app.sportperson",
    "pk": 44,
    "fields": {
      "computed_str": "Abdul Saibou (Left Back at Altona 93)",
      "first_name": "Abdul",
      "last_name": "Saibou",
      "profile": 114,
      "roles": [
        1
      ]
    }
  },
  {
    "model": "example_app.sportperson",
    "pk": 46,
    "fields": {
      "computed_str": "Bujar Sejdija (Defensive Midfield at Altona 93)",
      "first_name": "Bujar",
      "last_name": "Sejdija",
      "profile": 115,
      "roles": [
        1
      ]
    }
  },
  {
    "model": "example_app.sportperson",
    "pk": 47,
    "fields": {
      "computed_str": "Felix Brych",
      "first_name": "Felix",
      "last_name": "Brych",
      "profile": 116,
      "roles": [
        4
      ]
    }
  },
  {
    "model": "example_app.sportperson",
    "pk": 49,
    "fields": {
      "computed_str": "Marius Liesegang (Goalkeeper at FC Teutonia Ottensen)",
      "first_name": "Marius",
      "last_name": "Liesegang",
      "profile": 117,
      "roles": [
        1
      ]
    }
  },
  {
    "model": "example_app.sportperson",
    "pk": 50,
    "fields": {
      "computed_str": "Marcus Coffie (Centre Back at FC Teutonia Ottensen)",
      "first_name": "Marcus",
      "last_name": "Coffie",
      "profile": 118,
      "roles": [
        1
      ]
    }
  },
  {
    "model": "example_app.sportperson",
    "pk": 51,
    "fields": {
      "computed_str": "Immanuel Höhn (Centre Back at FC Teutonia Ottensen)",
      "first_name": "Immanuel",
      "last_name": "Höhn",
      "profile": 119,
      "roles": [
        1
      ]
    }
  },
  {
    "model": "example_app.sportperson",
    "pk": 52,
    "fields": {
      "computed_str": "Sebastian Hertner (Left Back at FC Teutonia Ottensen)",
      "first_name": "Sebastian",
      "last_name": "Hertner",
      "profile": 120,
      "roles": [
        1
      ]
    }
  },
  {
    "model": "example_app.sportperson",
    "pk": 53,
    "fields": {
      "computed_str": "Leonard Brodersen (Centre Back at FC Teutonia Ottensen)",
      "first_name": "Leonard",
      "last_name": "Brodersen",
      "profile": 121,
      "roles": [
        1
      ]
    }
  },
  {
    "model": "example_app.sportperson",
    "pk": 54,
    "fields": {
      "computed_str": "Kevin Weidlich (Right Back at FC Teutonia Ottensen)",
      "first_name": "Kevin",
      "last_name": "Weidlich",
      "profile": 122,
      "roles": [
        1
      ]
    }
  },
  {
    "model": "example_app.sportperson",
    "pk": 55,
    "fields": {
      "computed_str": "Fabio Maiolo (Defensive Midfield at FC Teutonia Ottensen)",
      "first_name": "Fabio",
      "last_name": "Maiolo",
      "profile": 123,
      "roles": [
        1
      ]
    }
  },
  {
    "model": "example_app.sportperson",
    "pk": 56,
    "fields": {
      "computed_str": "Fabian Istefo (Offensive Midfield at FC Teutonia Ottensen)",
      "first_name": "Fabian",
      "last_name": "Istefo",
      "profile": 124,
      "roles": [
        1
      ]
    }
  },
  {
    "model": "example_app.sportperson",
    "pk": 57,
    "fields": {
      "computed_str": "Gazi Siala (Defensive Midfield at FC Teutonia Ottensen)",
      "first_name": "Gazi",
      "last_name": "Siala",
      "profile": 125,
      "roles": [
        1
      ]
    }
  },
  {
    "model": "example_app.sportperson",
    "pk": 58,
    "fields": {
      "computed_str": "Ole Wohlers (Left Wing at FC Teutonia Ottensen)",
      "first_name": "Ole",
      "last_name": "Wohlers",
      "profile": 126,
      "roles": [
        1
      ]
    }
  },
  {
    "model": "example_app.sportperson",
    "pk": 59,
    "fields": {
      "computed_str": "Serkan Dursun (Striker at FC Teutonia Ottensen)",
      "first_name": "Serkan",
      "last_name": "Dursun",
      "profile": 127,
      "roles": [
        1
      ]
    }
  },
  {
    "model": "example_app.sportperson",
    "pk": 60,
    "fields": {
      "computed_str": "Dominik Glawogger (Coach of FC Teutonia Ottensen)",
      "first_name": "Dominik",
      "last_name": "Glawogger",
      "profile": 128,
      "roles": [
        2
      ]
    }
  },
  {
    "model": "example_app.sportperson",
    "pk": 61,
    "fields": {
      "computed_str": "Torsten Jansen (Coach of HSV Hamburg)",
      "first_name": "Torsten",
      "last_name": "Jansen",
      "profile": 129,
      "roles": [
        2
      ]
    }
  },
  {
    "model": "example_app.sportperson",
    "pk": 62,
    "fields": {
      "computed_str": "Filip Jícha (Coach of THW Kiel)",
      "first_name": "Filip",
      "last_name": "Jícha",
      "profile": 130,
      "roles": [
        2
      ]
    }
  },
  {
    "model": "example_app.sportperson",
    "pk": 63,
    "fields": {
      "computed_str": "Domagoj Duvnjak (Centre Back at THW Kiel)",
      "first_name": "Domagoj",
      "last_name": "Duvnjak",
      "profile": 131,
      "roles": [
        1
      ]
    }
  },
  {
    "model": "example_app.sportperson",
    "pk": 64,
    "fields": {
      "computed_str": "Harald Reinkind (Right Back at THW Kiel)",
      "first_name": "Harald",
      "last_name": "Reinkind",
      "profile": 132,
      "roles": [
        1
      ]
    }
  },
  {
    "model": "example_app.sportperson",
    "pk": 65,
    "fields": {
      "computed_str": "Magnus Jacobsen (Left Wing at THW Kiel)",
      "first_name": "Magnus",
      "last_name": "Jacobsen",
      "profile": 133,
      "roles": [
        1
      ]
    }
  },
  {
    "model": "example_app.sportperson",
    "pk": 66,
    "fields": {
      "computed_str": "Petter Øverby (Pivot at THW Kiel)",
      "first_name": "Petter",
      "last_name": "Øverby",
      "profile": 134,
      "roles": [
        1
      ]
    }
  },
  {
    "model": "example_app.sportperson",
    "pk": 67,
    "fields": {
      "computed_str": "Patrick Wiencek (Pivot at THW Kiel)",
      "first_name": "Patrick",
      "last_name": "Wiencek",
      "profile": 135,
      "roles": [
        1
      ]
    }
  },
  {
    "model": "example_app.sportperson",
    "pk": 68,
    "fields": {
      "computed_str": "Niclas Ekberg (Right Wing at THW Kiel)",
      "first_name": "Niclas",
      "last_name": "Ekberg",
      "profile": 136,
      "roles": [
        1
      ]
    }
  },
  {
    "model": "example_app.sportperson",
    "pk": 69,
    "fields": {
      "computed_str": "Eric Johansson (Left Back at THW Kiel)",
      "first_name": "Eric",
      "last_name": "Johansson",
      "profile": 137,
      "roles": [
        1
      ]
    }
  },
  {
    "model": "example_app.sportperson",
    "pk": 70,
    "fields": {
      "computed_str": "Rune Dahmke (Left Wing at THW Kiel)",
      "first_name": "Rune",
      "last_name": "Dahmke",
      "profile": 138,
      "roles": [
        1
      ]
    }
  },
  {
    "model": "example_app.sportperson",
    "pk": 71,
    "fields": {
      "computed_str": "Eduardo Martinez (Right Back at THW Kiel)",
      "first_name": "Eduardo",
      "last_name": "Martinez",
      "profile": 139,
      "roles": [
        1
      ]
    }
  },
  {
    "model": "example_app.sportperson",
    "pk": 72,
    "fields": {
      "computed_str": "Karl Wallinius (Left Back at THW Kiel)",
      "first_name": "Karl",
      "last_name": "Wallinius",
      "profile": 140,
      "roles": [
        1
      ]
    }
  },
  {
    "model": "example_app.sportperson",
    "pk": 73,
    "fields": {
      "computed_str": "Elias Skipagøtu (Centre Back at THW Kiel)",
      "first_name": "Elias",
      "last_name": "Skipagøtu",
      "profile": 141,
      "roles": [
        1
      ]
    }
  },
  {
    "model": "example_app.sportperson",
    "pk": 74,
    "fields": {
      "computed_str": "Andreas Magaard (Pivot at HSV Hamburg)",
      "first_name": "Andreas",
      "last_name": "Magaard",
      "profile": 142,
      "roles": [
        1
      ]
    }
  },
  {
    "model": "example_app.sportperson",
    "pk": 75,
    "fields": {
      "computed_str": "Casper Mortensen (Left Wing at HSV Hamburg)",
      "first_name": "Casper",
      "last_name": "Mortensen",
      "profile": 143,
      "roles": [
        1
      ]
    }
  },
  {
    "model": "example_app.sportperson",
    "pk": 76,
    "fields": {
      "computed_str": "Leif Tissier (Centre Back at HSV Hamburg)",
      "first_name": "Leif",
      "last_name": "Tissier",
      "profile": 144,
      "roles": [
        1
      ]
    }
  },
  {
    "model": "example_app.sportperson",
    "pk": 77,
    "fields": {
      "computed_str": "Jacob Lassen (Right Back at HSV Hamburg)",
      "first_name": "Jacob",
      "last_name": "Lassen",
      "profile": 145,
      "roles": [
        1
      ]
    }
  },
  {
    "model": "example_app.sportperson",
    "pk": 78,
    "fields": {
      "computed_str": "Niklas Weller (Pivot at HSV Hamburg)",
      "first_name": "Niklas",
      "last_name": "Weller",
      "profile": 146,
      "roles": [
        1
      ]
    }
  },
  {
    "model": "example_app.sportperson",
    "pk": 79,
    "fields": {
      "computed_str": "Frederik Andersen (Right Wing at HSV Hamburg)",
      "first_name": "Frederik",
      "last_name": "Andersen",
      "profile": 147,
      "roles": [
        1
      ]
    }
  },
  {
    "model": "example_app.sportperson",
    "pk": 80,
    "fields": {
      "computed_str": "Tomislav Severec (Left Back at HSV Hamburg)",
      "first_name": "Tomislav",
      "last_name": "Severec",
      "profile": 148,
      "roles": [
        1
      ]
    }
  },
  {
    "model": "example_app.sportperson",
    "pk": 81,
    "fields": {
      "computed_str": "Dani Baijens (Centre Back at HSV Hamburg)",
      "first_name": "Dani",
      "last_name": "Baijens",
      "profile": 149,
      "roles": [
        1
      ]
    }
  },
  {
    "model": "example_app.sportperson",
    "pk": 82,
    "fields": {
      "computed_str": "Frank Bohmann",
      "first_name": "Frank",
      "last_name": "Bohmann",
      "profile": 150,
      "roles": [
        3
      ]
    }
  },
  {
    "model": "example_app.sportperson",
    "pk": 83,
    "fields": {
      "computed_str": "Tobias Tönnies",
      "first_name": "Tobias",
      "last_name": "Tönnies",
      "profile": 151,
      "roles": [
        4
      ]
    }
  },
  {
    "model": "example_app.sportperson",
    "pk": 84,
    "fields": {
      "computed_str": "Sport Admin",
      "first_name": "Sport",
      "last_name": "Admin",
      "profile": 8,
      "roles": []
    }
  },
  {
    "model": "example_app.sport",
    "pk": 1,
    "fields": {
      "name": "Handball",
      "slugify_name": "handball",
      "rules": "<p>Throw ball, score goal, win game</p>",
      "match_duration": 60
    }
  },
  {
    "model": "example_app.sport",
    "pk": 2,
    "fields": {
      "name": "Soccer",
      "slugify_name": "soccer",
      "rules": "<p>Shoot ball, score goal, win game</p>",
      "match_duration": 90
    }
  },
  {
    "model": "example_app.league",
    "pk": 1,
    "fields": {
      "computed_str": "Bundesliga (Handball)",
      "name": "Bundesliga",
      "sport": 1,
      "country": 26,
      "established_date": "1994-06-01",
      "commissioner": 82,
      "website": "https://liquimoly-hbl.com",
      "points_per_win": 2,
      "points_per_draw": 1,
      "points_per_loss": 0
    }
  },
  {
    "model": "example_app.league",
    "pk": 2,
    "fields": {
      "computed_str": "Hamburg League (Soccer)",
      "name": "Hamburg League",
      "sport": 2,
      "country": 26,
      "established_date": "1974-01-01",
      "commissioner": 12,
      "website": "",
      "points_per_win": 3,
      "points_per_draw": 1,
      "points_per_loss": 0
    }
  },
  {
    "model": "example_app.teamresults",
    "pk": 1,
    "fields": {
      "team": 51,
      "league": 2,
      "points": 5,
      "match_points_for": 3,
      "match_points_against": 3,
      "match_point_difference": 0,
      "wins": 1,
      "draws": 2,
      "losses": 1,
      "form": "-WDLD"
    }
  },
  {
    "model": "example_app.teamresults",
    "pk": 2,
    "fields": {
      "team": 52,
      "league": 2,
      "points": 4,
      "match_points_for": 7,
      "match_points_against": 4,
      "match_point_difference": 3,
      "wins": 1,
      "draws": 1,
      "losses": 2,
      "form": "-LDLW"
    }
  },
  {
    "model": "example_app.teamresults",
    "pk": 3,
    "fields": {
      "team": 73,
      "league": 2,
      "points": 6,
      "match_points_for": 3,
      "match_points_against": 2,
      "match_point_difference": 1,
      "wins": 2,
      "draws": 0,
      "losses": 1,
      "form": "--WWL"
    }
  },
  {
    "model": "example_app.teamresults",
    "pk": 4,
    "fields": {
      "team": 74,
      "league": 2,
      "points": 4,
      "match_points_for": 2,
      "match_points_against": 6,
      "match_point_difference": -4,
      "wins": 1,
      "draws": 1,
      "losses": 1,
      "form": "--LWD"
    }
  },
  {
    "model": "example_app.teamresults",
    "pk": 5,
    "fields": {
      "team": 75,
      "league": 1,
      "points": 0,
      "match_points_for": 0,
      "match_points_against": 0,
      "match_point_difference": 0,
      "wins": 0,
      "draws": 0,
      "losses": 0,
      "form": "-----"
    }
  },
  {
    "model": "example_app.teamresults",
    "pk": 6,
    "fields": {
      "team": 76,
      "league": 1,
      "points": 0,
      "match_points_for": 0,
      "match_points_against": 0,
      "match_point_difference": 0,
      "wins": 0,
      "draws": 0,
      "losses": 0,
      "form": "-----"
    }
  },
  {
    "model": "example_app.stadium",
    "pk": 3,
    "fields": {
      "name": "Volkspark",
      "slugify_name": "volkspark",
      "city": 28,
      "standing_capacity": 10000,
      "seating_capacity": 47000
    }
  },
  {
    "model": "example_app.stadium",
    "pk": 4,
    "fields": {
      "name": "Millerntor",
      "slugify_name": "millerntor",
      "city": 28,
      "standing_capacity": 16940,
      "seating_capacity": 12606
    }
  },
  {
    "model": "example_app.stadium",
    "pk": 5,
    "fields": {
      "name": "Adolf-Jäger-Kampfbahn",
      "slugify_name": "adolf jager kampfbahn",
      "city": 28,
      "standing_capacity": 6600,
      "seating_capacity": 1400
    }
  },
  {
    "model": "example_app.stadium",
    "pk": 6,
    "fields": {
      "name": "Hoheluft",
      "slugify_name": "hoheluft",
      "city": 28,
      "standing_capacity": 7001,
      "seating_capacity": 999
    }
  },
  {
    "model": "example_app.stadium",
    "pk": 7,
    "fields": {
      "name": "Barclays Arena",
      "slugify_name": "barclays arena",
      "city": 28,
      "standing_capacity": 0,
      "seating_capacity": 15000
    }
  },
  {
    "model": "example_app.stadium",
    "pk": 8,
    "fields": {
      "name": "Wunderino-Arena",
      "slugify_name": "wunderino arena",
      "city": 303,
      "standing_capacity": 0,
      "seating_capacity": 10285
    }
  },
  {
    "model": "example_app.match",
    "pk": 6,
    "fields": {
      "computed_str": "Hamburger SV vs. FC St. Pauli",
      "home": 51,
      "away": 52,
      "date_time": "2023-10-07T18:30:46Z",
      "stadium": 3,
      "status": "FINISHED",
      "score_home": 1,
      "score_away": 0,
      "referee": 32,
      "league": 2,
      "sport": 2,
      "task_id": "feb8312c-e53d-420f-bdb2-97ff70964990"
    }
  },
  {
    "model": "example_app.match",
    "pk": 7,
    "fields": {
      "computed_str": "FC St. Pauli vs. Hamburger SV",
      "home": 52,
      "away": 51,
      "date_time": "2023-08-13T11:00:48Z",
      "stadium": 4,
      "status": "FINISHED",
      "score_home": 2,
      "score_away": 2,
      "referee": 33,
      "league": 2,
      "sport": 2,
      "task_id": "7572488b-a8ef-46ce-aabc-564c2b78d36e"
    }
  },
  {
    "model": "example_app.match",
    "pk": 8,
    "fields": {
      "computed_str": "Altona 93 vs. Hamburger SV",
      "home": 73,
      "away": 51,
      "date_time": "2023-10-06T18:30:37Z",
      "stadium": 5,
      "status": "FINISHED",
      "score_home": 1,
      "score_away": 0,
      "referee": 47,
      "league": 2,
      "sport": 2,
      "task_id": "d7d72786-091c-4beb-8c8c-e675c50db8a3"
    }
  },
  {
    "model": "example_app.match",
    "pk": 9,
    "fields": {
      "computed_str": "Altona 93 vs. FC St. Pauli",
      "home": 73,
      "away": 52,
      "date_time": "2023-09-30T13:30:11Z",
      "stadium": 5,
      "status": "FINISHED",
      "score_home": 1,
      "score_away": 0,
      "referee": 33,
      "league": 2,
      "sport": 2,
      "task_id": "e6c0de9f-3d1f-4c09-b4cc-d4cefcbb5048"
    }
  },
  {
    "model": "example_app.match",
    "pk": 10,
    "fields": {
      "computed_str": "FC St. Pauli vs. FC Teutonia Ottensen",
      "home": 52,
      "away": 74,
      "date_time": "2023-09-16T13:30:05Z",
      "stadium": 4,
      "status": "FINISHED",
      "score_home": 5,
      "score_away": 0,
      "referee": 47,
      "league": 2,
      "sport": 2,
      "task_id": "9f0bd53f-4bff-4ddc-9776-0246df036482"
    }
  },
  {
    "model": "example_app.match",
    "pk": 11,
    "fields": {
      "computed_str": "FC Teutonia Ottensen vs. Altona 93",
      "home": 74,
      "away": 73,
      "date_time": "2023-09-29T18:30:51Z",
      "stadium": 6,
      "status": "FINISHED",
      "score_home": 2,
      "score_away": 1,
      "referee": 32,
      "league": 2,
      "sport": 2,
      "task_id": "e4e52306-e307-4a33-be9e-7fb23eeccca5"
    }
  },
  {
    "model": "example_app.match",
    "pk": 12,
    "fields": {
      "computed_str": "FC Teutonia Ottensen vs. Hamburger SV",
      "home": 74,
      "away": 51,
      "date_time": "2023-10-08T13:30:47Z",
      "stadium": 6,
      "status": "FINISHED",
      "score_home": 0,
      "score_away": 0,
      "referee": 33,
      "league": 2,
      "sport": 2,
      "task_id": "81ff94cc-f577-41e4-9b00-cb5fa1551e40"
    }
  },
  {
    "model": "example_app.match",
    "pk": 13,
    "fields": {
      "computed_str": "Altona 93 vs. FC Teutonia Ottensen",
      "home": 73,
      "away": 74,
      "date_time": "2023-10-20T18:30:46Z",
      "stadium": 5,
      "status": "ONGOING",
      "score_home": 0,
      "score_away": 1,
      "referee": 47,
      "league": 2,
      "sport": 2,
      "task_id": "11f97138-dce0-4292-939d-06c352608e3e"
    }
  },
  {
    "model": "example_app.match",
    "pk": 14,
    "fields": {
      "computed_str": "Hamburger SV vs. FC Teutonia Ottensen",
      "home": 51,
      "away": 74,
      "date_time": "2023-10-22T13:30:29Z",
      "stadium": 3,
      "status": "SCHEDULED",
      "score_home": 0,
      "score_away": 0,
      "referee": 33,
      "league": 2,
      "sport": 2,
      "task_id": "bbac2206-7050-494a-9d43-2d2a7eff1946"
    }
  },
  {
    "model": "example_app.match",
    "pk": 15,
    "fields": {
      "computed_str": "Hamburger SV vs. Altona 93",
      "home": 51,
      "away": 73,
      "date_time": "2023-10-28T18:30:14Z",
      "stadium": 3,
      "status": "SCHEDULED",
      "score_home": 0,
      "score_away": 0,
      "referee": 47,
      "league": 2,
      "sport": 2,
      "task_id": "05b04c84-353d-4270-ada4-193bba7d9d77"
    }
  },
  {
    "model": "example_app.match",
    "pk": 16,
    "fields": {
      "computed_str": "FC St. Pauli vs. Altona 93",
      "home": 52,
      "away": 73,
      "date_time": "2023-10-29T13:30:03Z",
      "stadium": 4,
      "status": "SCHEDULED",
      "score_home": 0,
      "score_away": 0,
      "referee": 32,
      "league": 2,
      "sport": 2,
      "task_id": "2f7db2f7-9023-40c3-b966-7a995fcfa963"
    }
  },
  {
    "model": "example_app.match",
    "pk": 17,
    "fields": {
      "computed_str": "FC Teutonia Ottensen vs. FC St. Pauli",
      "home": 74,
      "away": 52,
      "date_time": "2023-11-04T13:30:33Z",
      "stadium": 6,
      "status": "SCHEDULED",
      "score_home": 0,
      "score_away": 0,
      "referee": 47,
      "league": 2,
      "sport": 2,
      "task_id": "6eac59a8-2a9d-41c4-8ce5-ca9997a619c0"
    }
  },
  {
    "model": "example_app.match",
    "pk": 18,
    "fields": {
      "computed_str": "HSV Hamburg vs. THW Kiel",
      "home": 75,
      "away": 76,
      "date_time": "2023-10-20T17:00:06Z",
      "stadium": 7,
      "status": "ONGOING",
      "score_home": 11,
      "score_away": 14,
      "referee": 83,
      "league": 1,
      "sport": 1,
      "task_id": "47d46006-7eca-4ddc-8c78-e36c5b7fe91f"
    }
  },
  {
    "model": "example_app.match",
    "pk": 19,
    "fields": {
      "computed_str": "THW Kiel vs. HSV Hamburg",
      "home": 76,
      "away": 75,
      "date_time": "2023-10-29T17:00:23Z",
      "stadium": 8,
      "status": "SCHEDULED",
      "score_home": 0,
      "score_away": 0,
      "referee": 83,
      "league": 1,
      "sport": 1,
      "task_id": "b631e4eb-c181-489e-87d1-5c540262d242"
    }
  },
  {
    "model": "example_app.team",
    "pk": 51,
    "fields": {
      "order": 1,
      "slugify_name": "hamburger sv",
      "city": 28,
      "founded_date": "1987-09-29",
      "coach": 7,
      "home_stadium": 3,
      "duration_since_last_win": null,
      "email": null,
      "phone_number": null,
      "website": "https://duckduckgo.com/"
    }
  },
  {
    "model": "example_app.team",
    "pk": 52,
    "fields": {
      "order": 2,
      "slugify_name": "fc st pauli",
      "city": 28,
      "founded_date": "1928-05-25",
      "coach": 8,
      "home_stadium": 4,
      "duration_since_last_win": null,
      "email": null,
      "phone_number": null,
      "website": "https://duckduckgo.com/"
    }
  },
  {
    "model": "example_app.team",
    "pk": 73,
    "fields": {
      "order": 3,
      "slugify_name": "altona 93",
      "city": 28,
      "founded_date": "1993-06-29",
      "coach": 34,
      "home_stadium": 5,
      "duration_since_last_win": null,
      "email": null,
      "phone_number": null,
      "website": "https://duckduckgo.com/"
    }
  },
  {
    "model": "example_app.team",
    "pk": 74,
    "fields": {
      "order": 4,
      "slugify_name": "fc teutonia ottensen",
      "city": 28,
      "founded_date": "2005-01-01",
      "coach": 60,
      "home_stadium": 6,
      "duration_since_last_win": null,
      "email": null,
      "phone_number": null,
      "website": "https://duckduckgo.com/"
    }
  },
  {
    "model": "example_app.team",
    "pk": 75,
    "fields": {
      "order": 5,
      "slugify_name": "hsv hamburg",
      "city": 28,
      "founded_date": "1999-01-01",
      "coach": 61,
      "home_stadium": 7,
      "duration_since_last_win": null,
      "email": null,
      "phone_number": null,
      "website": "https://duckduckgo.com/"
    }
  },
  {
    "model": "example_app.team",
    "pk": 76,
    "fields": {
      "order": 6,
      "slugify_name": "thw kiel",
      "city": 303,
      "founded_date": "2004-01-01",
      "coach": 62,
      "home_stadium": 8,
      "duration_since_last_win": null,
      "email": null,
      "phone_number": null,
      "website": "https://duckduckgo.com/"
    }
  },
  {
    "model": "example_app.player",
    "pk": 9,
    "fields": {
      "order": 3,
      "position": "Goalkeeper",
      "current_team": 51,
      "transfer_value": "1200000.00",
      "is_active": true,
      "is_injured": false,
      "player_strength": 3,
      "game_activity": 0.0,
      "former_teams": [
        52,
        73
      ]
    }
  },
  {
    "model": "example_app.player",
    "pk": 10,
    "fields": {
      "order": 1,
      "position": "Left Back",
      "current_team": 51,
      "transfer_value": "1500000.00",
      "is_active": true,
      "is_injured": false,
      "player_strength": 3,
      "game_activity": 0.0,
      "former_teams": [
        52
      ]
    }
  },
  {
    "model": "example_app.player",
    "pk": 11,
    "fields": {
      "order": 2,
      "position": "Centre Back",
      "current_team": 51,
      "transfer_value": "3000000.00",
      "is_active": true,
      "is_injured": false,
      "player_strength": 3,
      "game_activity": 0.0,
      "former_teams": [
        73
      ]
    }
  },
  {
    "model": "example_app.player",
    "pk": 13,
    "fields": {
      "order": 4,
      "position": "Centre Back",
      "current_team": 51,
      "transfer_value": "1000000.00",
      "is_active": true,
      "is_injured": false,
      "player_strength": 3,
      "game_activity": 0.0,
      "former_teams": [
        52,
        73
      ]
    }
  },
  {
    "model": "example_app.player",
    "pk": 14,
    "fields": {
      "order": 5,
      "position": "Right Back",
      "current_team": 51,
      "transfer_value": "3000000.00",
      "is_active": true,
      "is_injured": false,
      "player_strength": 3,
      "game_activity": 0.0,
      "former_teams": [
        52
      ]
    }
  },
  {
    "model": "example_app.player",
    "pk": 15,
    "fields": {
      "order": 6,
      "position": "Centre Midfield",
      "current_team": 51,
      "transfer_value": "2200000.00",
      "is_active": true,
      "is_injured": false,
      "player_strength": 3,
      "game_activity": 0.0,
      "former_teams": [
        74
      ]
    }
  },
  {
    "model": "example_app.player",
    "pk": 16,
    "fields": {
      "order": 7,
      "position": "Defensive Midfield",
      "current_team": 51,
      "transfer_value": "1500000.00",
      "is_active": true,
      "is_injured": false,
      "player_strength": 3,
      "game_activity": 0.0,
      "former_teams": [
        52,
        74
      ]
    }
  },
  {
    "model": "example_app.player",
    "pk": 17,
    "fields": {
      "order": 8,
      "position": "Center  Midfield",
      "current_team": 51,
      "transfer_value": "6000000.00",
      "is_active": true,
      "is_injured": false,
      "player_strength": 3,
      "game_activity": 0.0,
      "former_teams": [
        74
      ]
    }
  },
  {
    "model": "example_app.player",
    "pk": 18,
    "fields": {
      "order": 9,
      "position": "Left Wing",
      "current_team": 51,
      "transfer_value": "1200000.00",
      "is_active": true,
      "is_injured": false,
      "player_strength": 3,
      "game_activity": 0.0,
      "former_teams": [
        52,
        73,
        74
      ]
    }
  },
  {
    "model": "example_app.player",
    "pk": 19,
    "fields": {
      "order": 10,
      "position": "Striker",
      "current_team": 51,
      "transfer_value": "2500000.00",
      "is_active": true,
      "is_injured": false,
      "player_strength": 3,
      "game_activity": 0.0,
      "former_teams": []
    }
  },
  {
    "model": "example_app.player",
    "pk": 20,
    "fields": {
      "order": 11,
      "position": "Right Wing",
      "current_team": 51,
      "transfer_value": "1300000.00",
      "is_active": true,
      "is_injured": false,
      "player_strength": 3,
      "game_activity": 0.0,
      "former_teams": [
        52,
        73
      ]
    }
  },
  {
    "model": "example_app.player",
    "pk": 21,
    "fields": {
      "order": 1,
      "position": "Goalkeeper",
      "current_team": 52,
      "transfer_value": "800000.00",
      "is_active": true,
      "is_injured": false,
      "player_strength": 3,
      "game_activity": 0.0,
      "former_teams": [
        73,
        74
      ]
    }
  },
  {
    "model": "example_app.player",
    "pk": 22,
    "fields": {
      "order": 2,
      "position": "Right Back",
      "current_team": 52,
      "transfer_value": "1200000.00",
      "is_active": true,
      "is_injured": false,
      "player_strength": 3,
      "game_activity": 0.0,
      "former_teams": [
        51
      ]
    }
  },
  {
    "model": "example_app.player",
    "pk": 23,
    "fields": {
      "order": 3,
      "position": "Centre Back",
      "current_team": 52,
      "transfer_value": "1500000.00",
      "is_active": true,
      "is_injured": false,
      "player_strength": 3,
      "game_activity": 0.0,
      "former_teams": [
        51,
        73
      ]
    }
  },
  {
    "model": "example_app.player",
    "pk": 24,
    "fields": {
      "order": 4,
      "position": "Left Back",
      "current_team": 52,
      "transfer_value": "800000.00",
      "is_active": true,
      "is_injured": false,
      "player_strength": 3,
      "game_activity": 0.0,
      "former_teams": [
        74
      ]
    }
  },
  {
    "model": "example_app.player",
    "pk": 25,
    "fields": {
      "order": 5,
      "position": "Right Midfield",
      "current_team": 52,
      "transfer_value": "1500000.00",
      "is_active": true,
      "is_injured": false,
      "player_strength": 3,
      "game_activity": 0.0,
      "former_teams": [
        73
      ]
    }
  },
  {
    "model": "example_app.player",
    "pk": 26,
    "fields": {
      "order": 6,
      "position": "Centre Midfield",
      "current_team": 52,
      "transfer_value": "1500000.00",
      "is_active": true,
      "is_injured": false,
      "player_strength": 3,
      "game_activity": 0.0,
      "former_teams": []
    }
  },
  {
    "model": "example_app.player",
    "pk": 27,
    "fields": {
      "order": 7,
      "position": "Centre Midfield",
      "current_team": 52,
      "transfer_value": "1800000.00",
      "is_active": true,
      "is_injured": false,
      "player_strength": 3,
      "game_activity": 0.0,
      "former_teams": [
        51
      ]
    }
  },
  {
    "model": "example_app.player",
    "pk": 28,
    "fields": {
      "order": 8,
      "position": "Left Midfield",
      "current_team": 52,
      "transfer_value": "300000.00",
      "is_active": true,
      "is_injured": false,
      "player_strength": 3,
      "game_activity": 0.0,
      "former_teams": [
        51,
        74
      ]
    }
  },
  {
    "model": "example_app.player",
    "pk": 29,
    "fields": {
      "order": 9,
      "position": "Right Forward",
      "current_team": 52,
      "transfer_value": "1000000.00",
      "is_active": true,
      "is_injured": false,
      "player_strength": 3,
      "game_activity": 0.0,
      "former_teams": [
        73
      ]
    }
  },
  {
    "model": "example_app.player",
    "pk": 30,
    "fields": {
      "order": 10,
      "position": "Left Forward",
      "current_team": 52,
      "transfer_value": "550000.00",
      "is_active": true,
      "is_injured": false,
      "player_strength": 3,
      "game_activity": 0.0,
      "former_teams": [
        51
      ]
    }
  },
  {
    "model": "example_app.player",
    "pk": 31,
    "fields": {
      "order": 11,
      "position": "Striker",
      "current_team": 52,
      "transfer_value": "600000.00",
      "is_active": true,
      "is_injured": false,
      "player_strength": 3,
      "game_activity": 0.0,
      "former_teams": [
        51,
        73,
        74
      ]
    }
  },
  {
    "model": "example_app.player",
    "pk": 35,
    "fields": {
      "order": 2,
      "position": "Goalkeeper",
      "current_team": 73,
      "transfer_value": "75000.00",
      "is_active": true,
      "is_injured": false,
      "player_strength": 3,
      "game_activity": 0.0,
      "former_teams": [
        51,
        52
      ]
    }
  },
  {
    "model": "example_app.player",
    "pk": 36,
    "fields": {
      "order": 3,
      "position": "Centre Back",
      "current_team": 73,
      "transfer_value": "100000.00",
      "is_active": true,
      "is_injured": false,
      "player_strength": 3,
      "game_activity": 0.0,
      "former_teams": [
        74
      ]
    }
  },
  {
    "model": "example_app.player",
    "pk": 37,
    "fields": {
      "order": 1,
      "position": "Centre Back",
      "current_team": 73,
      "transfer_value": "0.00",
      "is_active": true,
      "is_injured": false,
      "player_strength": 3,
      "game_activity": 0.0,
      "former_teams": [
        51
      ]
    }
  },
  {
    "model": "example_app.player",
    "pk": 38,
    "fields": {
      "order": 4,
      "position": "Centre Forward",
      "current_team": 73,
      "transfer_value": "25000.00",
      "is_active": true,
      "is_injured": false,
      "player_strength": 3,
      "game_activity": 0.0,
      "former_teams": [
        52
      ]
    }
  },
  {
    "model": "example_app.player",
    "pk": 39,
    "fields": {
      "order": 5,
      "position": "Left Wing",
      "current_team": 73,
      "transfer_value": "25000.00",
      "is_active": true,
      "is_injured": false,
      "player_strength": 3,
      "game_activity": 0.0,
      "former_teams": [
        51,
        74
      ]
    }
  },
  {
    "model": "example_app.player",
    "pk": 40,
    "fields": {
      "order": 6,
      "position": "Right Back",
      "current_team": 73,
      "transfer_value": "25000.00",
      "is_active": true,
      "is_injured": false,
      "player_strength": 3,
      "game_activity": 0.0,
      "former_teams": [
        52
      ]
    }
  },
  {
    "model": "example_app.player",
    "pk": 41,
    "fields": {
      "order": 7,
      "position": "Centre Back",
      "current_team": 73,
      "transfer_value": "50000.00",
      "is_active": true,
      "is_injured": false,
      "player_strength": 3,
      "game_activity": 0.0,
      "former_teams": [
        74
      ]
    }
  },
  {
    "model": "example_app.player",
    "pk": 42,
    "fields": {
      "order": 8,
      "position": "Centre Midfield",
      "current_team": 73,
      "transfer_value": "75000.00",
      "is_active": true,
      "is_injured": false,
      "player_strength": 3,
      "game_activity": 0.0,
      "former_teams": [
        51
      ]
    }
  },
  {
    "model": "example_app.player",
    "pk": 43,
    "fields": {
      "order": 9,
      "position": "Defensive Midfield",
      "current_team": 73,
      "transfer_value": "25000.00",
      "is_active": true,
      "is_injured": false,
      "player_strength": 3,
      "game_activity": 0.0,
      "former_teams": [
        51,
        52,
        74
      ]
    }
  },
  {
    "model": "example_app.player",
    "pk": 44,
    "fields": {
      "order": 10,
      "position": "Left Back",
      "current_team": 73,
      "transfer_value": "0.00",
      "is_active": true,
      "is_injured": false,
      "player_strength": 3,
      "game_activity": 0.0,
      "former_teams": [
        51
      ]
    }
  },
  {
    "model": "example_app.player",
    "pk": 46,
    "fields": {
      "order": 11,
      "position": "Defensive Midfield",
      "current_team": 73,
      "transfer_value": "100000.00",
      "is_active": true,
      "is_injured": false,
      "player_strength": 3,
      "game_activity": 0.0,
      "former_teams": []
    }
  },
  {
    "model": "example_app.player",
    "pk": 49,
    "fields": {
      "order": 1,
      "position": "Goalkeeper",
      "current_team": 74,
      "transfer_value": "75000.00",
      "is_active": true,
      "is_injured": false,
      "player_strength": 3,
      "game_activity": 0.0,
      "former_teams": [
        73
      ]
    }
  },
  {
    "model": "example_app.player",
    "pk": 50,
    "fields": {
      "order": 2,
      "position": "Centre Back",
      "current_team": 74,
      "transfer_value": "75000.00",
      "is_active": true,
      "is_injured": false,
      "player_strength": 3,
      "game_activity": 0.0,
      "former_teams": [
        52,
        73
      ]
    }
  },
  {
    "model": "example_app.player",
    "pk": 51,
    "fields": {
      "order": 3,
      "position": "Centre Back",
      "current_team": 74,
      "transfer_value": "300000.00",
      "is_active": true,
      "is_injured": false,
      "player_strength": 3,
      "game_activity": 0.0,
      "former_teams": [
        51,
        73
      ]
    }
  },
  {
    "model": "example_app.player",
    "pk": 52,
    "fields": {
      "order": 4,
      "position": "Left Back",
      "current_team": 74,
      "transfer_value": "100000.00",
      "is_active": true,
      "is_injured": false,
      "player_strength": 3,
      "game_activity": 0.0,
      "former_teams": [
        52
      ]
    }
  },
  {
    "model": "example_app.player",
    "pk": 53,
    "fields": {
      "order": 5,
      "position": "Centre Back",
      "current_team": 74,
      "transfer_value": "50000.00",
      "is_active": true,
      "is_injured": false,
      "player_strength": 3,
      "game_activity": 0.0,
      "former_teams": [
        73
      ]
    }
  },
  {
    "model": "example_app.player",
    "pk": 54,
    "fields": {
      "order": 6,
      "position": "Right Back",
      "current_team": 74,
      "transfer_value": "50000.00",
      "is_active": true,
      "is_injured": false,
      "player_strength": 3,
      "game_activity": 0.0,
      "former_teams": [
        51
      ]
    }
  },
  {
    "model": "example_app.player",
    "pk": 55,
    "fields": {
      "order": 7,
      "position": "Defensive Midfield",
      "current_team": 74,
      "transfer_value": "100000.00",
      "is_active": true,
      "is_injured": false,
      "player_strength": 3,
      "game_activity": 0.0,
      "former_teams": [
        73
      ]
    }
  },
  {
    "model": "example_app.player",
    "pk": 56,
    "fields": {
      "order": 8,
      "position": "Offensive Midfield",
      "current_team": 74,
      "transfer_value": "50000.00",
      "is_active": true,
      "is_injured": false,
      "player_strength": 3,
      "game_activity": 0.0,
      "former_teams": [
        51,
        52,
        73
      ]
    }
  },
  {
    "model": "example_app.player",
    "pk": 57,
    "fields": {
      "order": 9,
      "position": "Defensive Midfield",
      "current_team": 74,
      "transfer_value": "50000.00",
      "is_active": true,
      "is_injured": false,
      "player_strength": 3,
      "game_activity": 0.0,
      "former_teams": []
    }
  },
  {
    "model": "example_app.player",
    "pk": 58,
    "fields": {
      "order": 10,
      "position": "Left Wing",
      "current_team": 74,
      "transfer_value": "75000.00",
      "is_active": true,
      "is_injured": false,
      "player_strength": 3,
      "game_activity": 0.0,
      "former_teams": [
        73
      ]
    }
  },
  {
    "model": "example_app.player",
    "pk": 59,
    "fields": {
      "order": 11,
      "position": "Striker",
      "current_team": 74,
      "transfer_value": "25000.00",
      "is_active": true,
      "is_injured": false,
      "player_strength": 3,
      "game_activity": 0.0,
      "former_teams": [
        51,
        52
      ]
    }
  },
  {
    "model": "example_app.player",
    "pk": 63,
    "fields": {
      "order": 4,
      "position": "Centre Back",
      "current_team": 76,
      "transfer_value": "0.00",
      "is_active": true,
      "is_injured": false,
      "player_strength": 3,
      "game_activity": 0.0,
      "former_teams": [
        75
      ]
    }
  },
  {
    "model": "example_app.player",
    "pk": 64,
    "fields": {
      "order": 5,
      "position": "Right Back",
      "current_team": 76,
      "transfer_value": "0.00",
      "is_active": true,
      "is_injured": false,
      "player_strength": 3,
      "game_activity": 0.0,
      "former_teams": []
    }
  },
  {
    "model": "example_app.player",
    "pk": 65,
    "fields": {
      "order": 6,
      "position": "Left Wing",
      "current_team": 76,
      "transfer_value": "0.00",
      "is_active": true,
      "is_injured": false,
      "player_strength": 3,
      "game_activity": 0.0,
      "former_teams": [
        75
      ]
    }
  },
  {
    "model": "example_app.player",
    "pk": 66,
    "fields": {
      "order": 7,
      "position": "Pivot",
      "current_team": 76,
      "transfer_value": "0.00",
      "is_active": true,
      "is_injured": false,
      "player_strength": 3,
      "game_activity": 0.0,
      "former_teams": [
        75
      ]
    }
  },
  {
    "model": "example_app.player",
    "pk": 67,
    "fields": {
      "order": 8,
      "position": "Pivot",
      "current_team": 76,
      "transfer_value": "0.00",
      "is_active": true,
      "is_injured": false,
      "player_strength": 3,
      "game_activity": 0.0,
      "former_teams": [
        75
      ]
    }
  },
  {
    "model": "example_app.player",
    "pk": 68,
    "fields": {
      "order": 9,
      "position": "Right Wing",
      "current_team": 76,
      "transfer_value": "0.00",
      "is_active": true,
      "is_injured": false,
      "player_strength": 3,
      "game_activity": 0.0,
      "former_teams": []
    }
  },
  {
    "model": "example_app.player",
    "pk": 69,
    "fields": {
      "order": 10,
      "position": "Left Back",
      "current_team": 76,
      "transfer_value": "0.00",
      "is_active": true,
      "is_injured": false,
      "player_strength": 3,
      "game_activity": 0.0,
      "former_teams": []
    }
  },
  {
    "model": "example_app.player",
    "pk": 70,
    "fields": {
      "order": 11,
      "position": "Left Wing",
      "current_team": 76,
      "transfer_value": "0.00",
      "is_active": true,
      "is_injured": false,
      "player_strength": 3,
      "game_activity": 0.0,
      "former_teams": [
        75
      ]
    }
  },
  {
    "model": "example_app.player",
    "pk": 71,
    "fields": {
      "order": 1,
      "position": "Right Back",
      "current_team": 76,
      "transfer_value": "0.00",
      "is_active": true,
      "is_injured": false,
      "player_strength": 3,
      "game_activity": 0.0,
      "former_teams": []
    }
  },
  {
    "model": "example_app.player",
    "pk": 72,
    "fields": {
      "order": 2,
      "position": "Left Back",
      "current_team": 76,
      "transfer_value": "0.00",
      "is_active": true,
      "is_injured": false,
      "player_strength": 3,
      "game_activity": 0.0,
      "former_teams": [
        75
      ]
    }
  },
  {
    "model": "example_app.player",
    "pk": 73,
    "fields": {
      "order": 3,
      "position": "Centre Back",
      "current_team": 76,
      "transfer_value": "0.00",
      "is_active": true,
      "is_injured": false,
      "player_strength": 3,
      "game_activity": 0.0,
      "former_teams": []
    }
  },
  {
    "model": "example_app.player",
    "pk": 74,
    "fields": {
      "order": 2,
      "position": "Pivot",
      "current_team": 75,
      "transfer_value": "0.00",
      "is_active": true,
      "is_injured": false,
      "player_strength": 3,
      "game_activity": 0.0,
      "former_teams": [
        76
      ]
    }
  },
  {
    "model": "example_app.player",
    "pk": 75,
    "fields": {
      "order": 3,
      "position": "Left Wing",
      "current_team": 75,
      "transfer_value": "0.00",
      "is_active": true,
      "is_injured": false,
      "player_strength": 3,
      "game_activity": 0.0,
      "former_teams": []
    }
  },
  {
    "model": "example_app.player",
    "pk": 76,
    "fields": {
      "order": 4,
      "position": "Centre Back",
      "current_team": 75,
      "transfer_value": "0.00",
      "is_active": true,
      "is_injured": false,
      "player_strength": 3,
      "game_activity": 0.0,
      "former_teams": []
    }
  },
  {
    "model": "example_app.player",
    "pk": 77,
    "fields": {
      "order": 5,
      "position": "Right Back",
      "current_team": 75,
      "transfer_value": "0.00",
      "is_active": true,
      "is_injured": false,
      "player_strength": 3,
      "game_activity": 0.0,
      "former_teams": [
        76
      ]
    }
  },
  {
    "model": "example_app.player",
    "pk": 78,
    "fields": {
      "order": 6,
      "position": "Pivot",
      "current_team": 75,
      "transfer_value": "0.00",
      "is_active": true,
      "is_injured": false,
      "player_strength": 3,
      "game_activity": 0.0,
      "former_teams": []
    }
  },
  {
    "model": "example_app.player",
    "pk": 79,
    "fields": {
      "order": 7,
      "position": "Right Wing",
      "current_team": 75,
      "transfer_value": "0.00",
      "is_active": true,
      "is_injured": false,
      "player_strength": 3,
      "game_activity": 0.0,
      "former_teams": []
    }
  },
  {
    "model": "example_app.player",
    "pk": 80,
    "fields": {
      "order": 8,
      "position": "Left Back",
      "current_team": 75,
      "transfer_value": "0.00",
      "is_active": true,
      "is_injured": false,
      "player_strength": 3,
      "game_activity": 0.0,
      "former_teams": [
        76
      ]
    }
  },
  {
    "model": "example_app.player",
    "pk": 81,
    "fields": {
      "order": 1,
      "position": "Centre Back",
      "current_team": 75,
      "transfer_value": "0.00",
      "is_active": true,
      "is_injured": false,
      "player_strength": 3,
      "game_activity": 0.0,
      "former_teams": []
    }
  },
  {
    "model": "example_app.event",
    "pk": 13,
    "fields": {
      "person": 10,
      "match": 6,
      "minute": 41,
      "event_type": 7
    }
  },
  {
    "model": "example_app.event",
    "pk": 14,
    "fields": {
      "person": 17,
      "match": 6,
      "minute": 82,
      "event_type": 7
    }
  },
  {
    "model": "example_app.event",
    "pk": 15,
    "fields": {
      "person": 10,
      "match": 6,
      "minute": 89,
      "event_type": 6
    }
  },
  {
    "model": "example_app.event",
    "pk": 17,
    "fields": {
      "person": 18,
      "match": 6,
      "minute": 54,
      "event_type": 3
    }
  },
  {
    "model": "example_app.event",
    "pk": 18,
    "fields": {
      "person": 20,
      "match": 6,
      "minute": 74,
      "event_type": 3
    }
  },
  {
    "model": "example_app.event",
    "pk": 19,
    "fields": {
      "person": 16,
      "match": 6,
      "minute": 79,
      "event_type": 3
    }
  },
  {
    "model": "example_app.event",
    "pk": 20,
    "fields": {
      "person": 11,
      "match": 6,
      "minute": 79,
      "event_type": 3
    }
  },
  {
    "model": "example_app.event",
    "pk": 21,
    "fields": {
      "person": 23,
      "match": 6,
      "minute": 15,
      "event_type": 7
    }
  },
  {
    "model": "example_app.event",
    "pk": 22,
    "fields": {
      "person": 29,
      "match": 6,
      "minute": 51,
      "event_type": 7
    }
  },
  {
    "model": "example_app.event",
    "pk": 23,
    "fields": {
      "person": 29,
      "match": 6,
      "minute": 64,
      "event_type": 3
    }
  },
  {
    "model": "example_app.event",
    "pk": 24,
    "fields": {
      "person": 28,
      "match": 6,
      "minute": 74,
      "event_type": 7
    }
  },
  {
    "model": "example_app.event",
    "pk": 25,
    "fields": {
      "person": 26,
      "match": 6,
      "minute": 87,
      "event_type": 7
    }
  },
  {
    "model": "example_app.event",
    "pk": 26,
    "fields": {
      "person": 31,
      "match": 6,
      "minute": 80,
      "event_type": 3
    }
  },
  {
    "model": "example_app.event",
    "pk": 27,
    "fields": {
      "person": 30,
      "match": 6,
      "minute": 80,
      "event_type": 3
    }
  },
  {
    "model": "example_app.event",
    "pk": 28,
    "fields": {
      "person": 27,
      "match": 6,
      "minute": 90,
      "event_type": 3
    }
  },
  {
    "model": "example_app.event",
    "pk": 29,
    "fields": {
      "person": 20,
      "match": 7,
      "minute": 33,
      "event_type": 6
    }
  },
  {
    "model": "example_app.event",
    "pk": 30,
    "fields": {
      "person": 17,
      "match": 7,
      "minute": 39,
      "event_type": 6
    }
  },
  {
    "model": "example_app.event",
    "pk": 31,
    "fields": {
      "person": 27,
      "match": 7,
      "minute": 42,
      "event_type": 7
    }
  },
  {
    "model": "example_app.event",
    "pk": 32,
    "fields": {
      "person": 13,
      "match": 7,
      "minute": 51,
      "event_type": 8
    }
  },
  {
    "model": "example_app.event",
    "pk": 33,
    "fields": {
      "person": 7,
      "match": 7,
      "minute": 52,
      "event_type": 7
    }
  },
  {
    "model": "example_app.event",
    "pk": 34,
    "fields": {
      "person": 30,
      "match": 7,
      "minute": 65,
      "event_type": 6
    }
  },
  {
    "model": "example_app.event",
    "pk": 35,
    "fields": {
      "person": 31,
      "match": 7,
      "minute": 89,
      "event_type": 6
    }
  },
  {
    "model": "example_app.event",
    "pk": 36,
    "fields": {
      "person": 27,
      "match": 7,
      "minute": 46,
      "event_type": 3
    }
  },
  {
    "model": "example_app.event",
    "pk": 37,
    "fields": {
      "person": 29,
      "match": 7,
      "minute": 55,
      "event_type": 3
    }
  },
  {
    "model": "example_app.event",
    "pk": 38,
    "fields": {
      "person": 28,
      "match": 7,
      "minute": 55,
      "event_type": 3
    }
  },
  {
    "model": "example_app.event",
    "pk": 39,
    "fields": {
      "person": 26,
      "match": 7,
      "minute": 62,
      "event_type": 3
    }
  },
  {
    "model": "example_app.event",
    "pk": 40,
    "fields": {
      "person": 18,
      "match": 7,
      "minute": 38,
      "event_type": 3
    }
  },
  {
    "model": "example_app.event",
    "pk": 41,
    "fields": {
      "person": 10,
      "match": 7,
      "minute": 58,
      "event_type": 3
    }
  },
  {
    "model": "example_app.event",
    "pk": 42,
    "fields": {
      "person": 15,
      "match": 7,
      "minute": 70,
      "event_type": 3
    }
  },
  {
    "model": "example_app.event",
    "pk": 43,
    "fields": {
      "person": 36,
      "match": 8,
      "minute": 2,
      "event_type": 6
    }
  },
  {
    "model": "example_app.event",
    "pk": 44,
    "fields": {
      "person": 17,
      "match": 8,
      "minute": 15,
      "event_type": 3
    }
  },
  {
    "model": "example_app.event",
    "pk": 45,
    "fields": {
      "person": 44,
      "match": 8,
      "minute": 43,
      "event_type": 7
    }
  },
  {
    "model": "example_app.event",
    "pk": 46,
    "fields": {
      "person": 16,
      "match": 8,
      "minute": 58,
      "event_type": 7
    }
  },
  {
    "model": "example_app.event",
    "pk": 47,
    "fields": {
      "person": 14,
      "match": 8,
      "minute": 78,
      "event_type": 7
    }
  },
  {
    "model": "example_app.event",
    "pk": 48,
    "fields": {
      "person": 37,
      "match": 8,
      "minute": 46,
      "event_type": 3
    }
  },
  {
    "model": "example_app.event",
    "pk": 49,
    "fields": {
      "person": 20,
      "match": 8,
      "minute": 46,
      "event_type": 3
    }
  },
  {
    "model": "example_app.event",
    "pk": 50,
    "fields": {
      "person": 42,
      "match": 8,
      "minute": 72,
      "event_type": 3
    }
  },
  {
    "model": "example_app.event",
    "pk": 51,
    "fields": {
      "person": 38,
      "match": 9,
      "minute": 64,
      "event_type": 6
    }
  },
  {
    "model": "example_app.event",
    "pk": 52,
    "fields": {
      "person": 27,
      "match": 9,
      "minute": 44,
      "event_type": 8
    }
  },
  {
    "model": "example_app.event",
    "pk": 53,
    "fields": {
      "person": 27,
      "match": 9,
      "minute": 38,
      "event_type": 7
    }
  },
  {
    "model": "example_app.event",
    "pk": 54,
    "fields": {
      "person": 26,
      "match": 9,
      "minute": 46,
      "event_type": 3
    }
  },
  {
    "model": "example_app.event",
    "pk": 55,
    "fields": {
      "person": 29,
      "match": 9,
      "minute": 46,
      "event_type": 3
    }
  },
  {
    "model": "example_app.event",
    "pk": 56,
    "fields": {
      "person": 40,
      "match": 9,
      "minute": 68,
      "event_type": 3
    }
  },
  {
    "model": "example_app.event",
    "pk": 57,
    "fields": {
      "person": 30,
      "match": 9,
      "minute": 72,
      "event_type": 3
    }
  },
  {
    "model": "example_app.event",
    "pk": 58,
    "fields": {
      "person": 28,
      "match": 9,
      "minute": 72,
      "event_type": 3
    }
  },
  {
    "model": "example_app.event",
    "pk": 59,
    "fields": {
      "person": 28,
      "match": 10,
      "minute": 26,
      "event_type": 6
    }
  },
  {
    "model": "example_app.event",
    "pk": 60,
    "fields": {
      "person": 30,
      "match": 10,
      "minute": 36,
      "event_type": 6
    }
  },
  {
    "model": "example_app.event",
    "pk": 61,
    "fields": {
      "person": 30,
      "match": 10,
      "minute": 42,
      "event_type": 6
    }
  },
  {
    "model": "example_app.event",
    "pk": 62,
    "fields": {
      "person": 31,
      "match": 10,
      "minute": 67,
      "event_type": 6
    }
  },
  {
    "model": "example_app.event",
    "pk": 63,
    "fields": {
      "person": 31,
      "match": 10,
      "minute": 87,
      "event_type": 6
    }
  },
  {
    "model": "example_app.event",
    "pk": 64,
    "fields": {
      "person": 29,
      "match": 10,
      "minute": 53,
      "event_type": 7
    }
  },
  {
    "model": "example_app.event",
    "pk": 65,
    "fields": {
      "person": 57,
      "match": 10,
      "minute": 37,
      "event_type": 7
    }
  },
  {
    "model": "example_app.event",
    "pk": 66,
    "fields": {
      "person": 56,
      "match": 10,
      "minute": 55,
      "event_type": 7
    }
  },
  {
    "model": "example_app.event",
    "pk": 67,
    "fields": {
      "person": 25,
      "match": 10,
      "minute": 51,
      "event_type": 3
    }
  },
  {
    "model": "example_app.event",
    "pk": 68,
    "fields": {
      "person": 54,
      "match": 10,
      "minute": 39,
      "event_type": 3
    }
  },
  {
    "model": "example_app.event",
    "pk": 69,
    "fields": {
      "person": 50,
      "match": 10,
      "minute": 39,
      "event_type": 3
    }
  },
  {
    "model": "example_app.event",
    "pk": 70,
    "fields": {
      "person": 58,
      "match": 10,
      "minute": 59,
      "event_type": 3
    }
  },
  {
    "model": "example_app.event",
    "pk": 71,
    "fields": {
      "person": 30,
      "match": 10,
      "minute": 80,
      "event_type": 3
    }
  },
  {
    "model": "example_app.event",
    "pk": 72,
    "fields": {
      "person": 31,
      "match": 10,
      "minute": 90,
      "event_type": 3
    }
  },
  {
    "model": "example_app.event",
    "pk": 73,
    "fields": {
      "person": 56,
      "match": 11,
      "minute": 53,
      "event_type": 6
    }
  },
  {
    "model": "example_app.event",
    "pk": 74,
    "fields": {
      "person": 59,
      "match": 11,
      "minute": 88,
      "event_type": 6
    }
  },
  {
    "model": "example_app.event",
    "pk": 75,
    "fields": {
      "person": 36,
      "match": 11,
      "minute": 37,
      "event_type": 6
    }
  },
  {
    "model": "example_app.event",
    "pk": 76,
    "fields": {
      "person": 49,
      "match": 11,
      "minute": 90,
      "event_type": 7
    }
  },
  {
    "model": "example_app.event",
    "pk": 77,
    "fields": {
      "person": 53,
      "match": 11,
      "minute": 47,
      "event_type": 7
    }
  },
  {
    "model": "example_app.event",
    "pk": 78,
    "fields": {
      "person": 37,
      "match": 11,
      "minute": 25,
      "event_type": 7
    }
  },
  {
    "model": "example_app.event",
    "pk": 79,
    "fields": {
      "person": 37,
      "match": 11,
      "minute": 40,
      "event_type": 3
    }
  },
  {
    "model": "example_app.event",
    "pk": 80,
    "fields": {
      "person": 58,
      "match": 11,
      "minute": 46,
      "event_type": 3
    }
  },
  {
    "model": "example_app.event",
    "pk": 81,
    "fields": {
      "person": 57,
      "match": 11,
      "minute": 46,
      "event_type": 3
    }
  },
  {
    "model": "example_app.event",
    "pk": 82,
    "fields": {
      "person": 38,
      "match": 11,
      "minute": 60,
      "event_type": 3
    }
  },
  {
    "model": "example_app.event",
    "pk": 83,
    "fields": {
      "person": 18,
      "match": 12,
      "minute": 55,
      "event_type": 3
    }
  },
  {
    "model": "example_app.event",
    "pk": 84,
    "fields": {
      "person": 20,
      "match": 12,
      "minute": 55,
      "event_type": 3
    }
  },
  {
    "model": "example_app.event",
    "pk": 85,
    "fields": {
      "person": 19,
      "match": 12,
      "minute": 75,
      "event_type": 3
    }
  },
  {
    "model": "example_app.event",
    "pk": 86,
    "fields": {
      "person": 17,
      "match": 12,
      "minute": 63,
      "event_type": 3
    }
  },
  {
    "model": "example_app.event",
    "pk": 87,
    "fields": {
      "person": 59,
      "match": 12,
      "minute": 46,
      "event_type": 3
    }
  },
  {
    "model": "example_app.event",
    "pk": 88,
    "fields": {
      "person": 58,
      "match": 12,
      "minute": 38,
      "event_type": 3
    }
  },
  {
    "model": "example_app.event",
    "pk": 89,
    "fields": {
      "person": 56,
      "match": 12,
      "minute": 70,
      "event_type": 3
    }
  },
  {
    "model": "example_app.event",
    "pk": 90,
    "fields": {
      "person": 10,
      "match": 12,
      "minute": 63,
      "event_type": 7
    }
  },
  {
    "model": "example_app.event",
    "pk": 91,
    "fields": {
      "person": 51,
      "match": 12,
      "minute": 60,
      "event_type": 7
    }
  },
  {
    "model": "example_app.event",
    "pk": 92,
    "fields": {
      "person": 58,
      "match": 13,
      "minute": 10,
      "event_type": 6
    }
  },
  {
    "model": "example_app.event",
    "pk": 93,
    "fields": {
      "person": 74,
      "match": 18,
      "minute": 1,
      "event_type": 1
    }
  },
  {
    "model": "example_app.event",
    "pk": 94,
    "fields": {
      "person": 63,
      "match": 18,
      "minute": 2,
      "event_type": 1
    }
  },
  {
    "model": "example_app.event",
    "pk": 95,
    "fields": {
      "person": 74,
      "match": 18,
      "minute": 3,
      "event_type": 1
    }
  },
  {
    "model": "example_app.event",
    "pk": 96,
    "fields": {
      "person": 69,
      "match": 18,
      "minute": 3,
      "event_type": 1
    }
  },
  {
    "model": "example_app.event",
    "pk": 97,
    "fields": {
      "person": 68,
      "match": 18,
      "minute": 4,
      "event_type": 1
    }
  },
  {
    "model": "example_app.event",
    "pk": 98,
    "fields": {
      "person": 65,
      "match": 18,
      "minute": 5,
      "event_type": 2
    }
  },
  {
    "model": "example_app.event",
    "pk": 99,
    "fields": {
      "person": 68,
      "match": 18,
      "minute": 6,
      "event_type": 1
    }
  },
  {
    "model": "example_app.event",
    "pk": 100,
    "fields": {
      "person": 75,
      "match": 18,
      "minute": 6,
      "event_type": 1
    }
  },
  {
    "model": "example_app.event",
    "pk": 101,
    "fields": {
      "person": 66,
      "match": 18,
      "minute": 7,
      "event_type": 1
    }
  },
  {
    "model": "example_app.event",
    "pk": 102,
    "fields": {
      "person": 67,
      "match": 18,
      "minute": 8,
      "event_type": 5
    }
  },
  {
    "model": "example_app.event",
    "pk": 103,
    "fields": {
      "person": 69,
      "match": 18,
      "minute": 9,
      "event_type": 1
    }
  },
  {
    "model": "example_app.event",
    "pk": 104,
    "fields": {
      "person": 79,
      "match": 18,
      "minute": 10,
      "event_type": 1
    }
  },
  {
    "model": "example_app.event",
    "pk": 105,
    "fields": {
      "person": 68,
      "match": 18,
      "minute": 11,
      "event_type": 1
    }
  },
  {
    "model": "example_app.event",
    "pk": 106,
    "fields": {
      "person": 75,
      "match": 18,
      "minute": 11,
      "event_type": 1
    }
  },
  {
    "model": "example_app.event",
    "pk": 107,
    "fields": {
      "person": 64,
      "match": 18,
      "minute": 12,
      "event_type": 1
    }
  },
  {
    "model": "example_app.event",
    "pk": 108,
    "fields": {
      "person": 81,
      "match": 18,
      "minute": 12,
      "event_type": 5
    }
  },
  {
    "model": "example_app.event",
    "pk": 109,
    "fields": {
      "person": 71,
      "match": 18,
      "minute": 13,
      "event_type": 1
    }
  },
  {
    "model": "example_app.event",
    "pk": 110,
    "fields": {
      "person": 65,
      "match": 18,
      "minute": 14,
      "event_type": 1
    }
  },
  {
    "model": "example_app.event",
    "pk": 111,
    "fields": {
      "person": 61,
      "match": 18,
      "minute": 14,
      "event_type": 9
    }
  },
  {
    "model": "example_app.event",
    "pk": 112,
    "fields": {
      "person": 75,
      "match": 18,
      "minute": 15,
      "event_type": 1
    }
  },
  {
    "model": "example_app.event",
    "pk": 113,
    "fields": {
      "person": 67,
      "match": 18,
      "minute": 16,
      "event_type": 5
    }
  },
  {
    "model": "example_app.event",
    "pk": 114,
    "fields": {
      "person": 81,
      "match": 18,
      "minute": 17,
      "event_type": 1
    }
  },
  {
    "model": "example_app.event",
    "pk": 115,
    "fields": {
      "person": 76,
      "match": 18,
      "minute": 18,
      "event_type": 1
    }
  },
  {
    "model": "example_app.event",
    "pk": 116,
    "fields": {
      "person": 62,
      "match": 18,
      "minute": 18,
      "event_type": 9
    }
  },
  {
    "model": "example_app.event",
    "pk": 117,
    "fields": {
      "person": 62,
      "match": 18,
      "minute": 19,
      "event_type": 2
    }
  },
  {
    "model": "example_app.event",
    "pk": 118,
    "fields": {
      "person": 73,
      "match": 18,
      "minute": 19,
      "event_type": 1
    }
  },
  {
    "model": "example_app.event",
    "pk": 119,
    "fields": {
      "person": 77,
      "match": 18,
      "minute": 20,
      "event_type": 1
    }
  },
  {
    "model": "example_app.event",
    "pk": 120,
    "fields": {
      "person": 68,
      "match": 18,
      "minute": 21,
      "event_type": 1
    }
  },
  {
    "model": "example_app.event",
    "pk": 121,
    "fields": {
      "person": 79,
      "match": 18,
      "minute": 21,
      "event_type": 1
    }
  },
  {
    "model": "example_app.event",
    "pk": 122,
    "fields": {
      "person": 69,
      "match": 18,
      "minute": 21,
      "event_type": 1
    }
  },
  {
    "model": "example_app.event",
    "pk": 123,
    "fields": {
      "person": 75,
      "match": 18,
      "minute": 22,
      "event_type": 1
    }
  },
  {
    "model": "example_app.eventtype",
    "pk": 1,
    "fields": {
      "name": "Goal",
      "points": 1,
      "sport": 1,
      "icon": "sports_soccer"
    }
  },
  {
    "model": "example_app.eventtype",
    "pk": 2,
    "fields": {
      "name": "Yellow Card",
      "points": 0,
      "sport": 1,
      "icon": "warning_amber"
    }
  },
  {
    "model": "example_app.eventtype",
    "pk": 3,
    "fields": {
      "name": "Substitution",
      "points": 0,
      "sport": 2,
      "icon": "change_circle"
    }
  },
  {
    "model": "example_app.eventtype",
    "pk": 4,
    "fields": {
      "name": "Red Card",
      "points": 0,
      "sport": 1,
      "icon": "warning"
    }
  },
  {
    "model": "example_app.eventtype",
    "pk": 5,
    "fields": {
      "name": "2 Min",
      "points": 0,
      "sport": 1,
      "icon": "exposure_plus_2"
    }
  },
  {
    "model": "example_app.eventtype",
    "pk": 6,
    "fields": {
      "name": "Goal",
      "points": 1,
      "sport": 2,
      "icon": "sports_soccer"
    }
  },
  {
    "model": "example_app.eventtype",
    "pk": 7,
    "fields": {
      "name": "Yellow Card",
      "points": 0,
      "sport": 2,
      "icon": "warning_amber"
    }
  },
  {
    "model": "example_app.eventtype",
    "pk": 8,
    "fields": {
      "name": "Red Card",
      "points": 0,
      "sport": 2,
      "icon": "warning"
    }
  },
  {
    "model": "example_app.eventtype",
    "pk": 9,
    "fields": {
      "name": "Timeout",
      "points": 0,
      "sport": 1,
      "icon": "pause_circle"
    }
  },
  {
    "model": "directory.entry",
    "pk": 77,
    "fields": {
      "computed_str": "Tim Walter",
      "is_active": true,
      "deletion_datetime": null,
      "uuid": "efe6f71a-f227-4c54-80ad-8a84a6b46f03",
      "entry_type": "Person",
      "additional_fields": {},
      "is_draft_entry": false,
      "activity_heat": 0.0,
      "slugify_computed_str": "tim walter",
      "profile_image": "",
      "signature": "",
      "external_identifier": null,
      "salutation": "Dear Tim Walter"
    }
  },
  {
    "model": "directory.entry",
    "pk": 78,
    "fields": {
      "computed_str": "Fabian Huerzeler",
      "is_active": true,
      "deletion_datetime": null,
      "uuid": "7d4d91e8-f15d-488e-beac-a37df8beee7e",
      "entry_type": "Person",
      "additional_fields": {},
      "is_draft_entry": false,
      "activity_heat": 0.0,
      "slugify_computed_str": "fabian huerzeler",
      "profile_image": "",
      "signature": "",
      "external_identifier": null,
      "salutation": "Dear Fabian Huerzeler"
    }
  },
  {
    "model": "directory.entry",
    "pk": 79,
    "fields": {
      "computed_str": "Daniel Heuer",
      "is_active": true,
      "deletion_datetime": null,
      "uuid": "49b91b23-2ea5-4adb-92e0-d83fc872882c",
      "entry_type": "Person",
      "additional_fields": {},
      "is_draft_entry": false,
      "activity_heat": 0.0,
      "slugify_computed_str": "daniel heuer",
      "profile_image": "",
      "signature": "",
      "external_identifier": null,
      "salutation": "Dear Daniel Heuer"
    }
  },
  {
    "model": "directory.entry",
    "pk": 80,
    "fields": {
      "computed_str": "Miro Muheim",
      "is_active": true,
      "deletion_datetime": null,
      "uuid": "c6bd000e-5b63-4473-b0a4-6919bd142ff0",
      "entry_type": "Person",
      "additional_fields": {},
      "is_draft_entry": false,
      "activity_heat": 0.0,
      "slugify_computed_str": "miro muheim",
      "profile_image": "",
      "signature": "",
      "external_identifier": null,
      "salutation": "Dear Miro Muheim"
    }
  },
  {
    "model": "directory.entry",
    "pk": 81,
    "fields": {
      "computed_str": "Dennis Hadzikadunic",
      "is_active": true,
      "deletion_datetime": null,
      "uuid": "8a4afe8a-a8e6-48b2-8f19-ec42775ab99f",
      "entry_type": "Person",
      "additional_fields": {},
      "is_draft_entry": false,
      "activity_heat": 0.0,
      "slugify_computed_str": "dennis hadzikadunic",
      "profile_image": "",
      "signature": "",
      "external_identifier": null,
      "salutation": "Dear Dennis Hadzikadunic"
    }
  },
  {
    "model": "directory.entry",
    "pk": 82,
    "fields": {
      "computed_str": "Christian Seifert",
      "is_active": true,
      "deletion_datetime": null,
      "uuid": "534f79e7-7015-4907-a491-8b65ba7382c8",
      "entry_type": "Person",
      "additional_fields": {},
      "is_draft_entry": false,
      "activity_heat": 0.0,
      "slugify_computed_str": "christian seifert",
      "profile_image": "",
      "signature": "",
      "external_identifier": null,
      "salutation": "Dear Christian Seifert"
    }
  },
  {
    "model": "directory.entry",
    "pk": 83,
    "fields": {
      "computed_str": "Guilherme Ramos",
      "is_active": true,
      "deletion_datetime": null,
      "uuid": "8b433a81-54dd-46e3-8371-04eeb145ae55",
      "entry_type": "Person",
      "additional_fields": {},
      "is_draft_entry": false,
      "activity_heat": 0.0,
      "slugify_computed_str": "guilherme ramos",
      "profile_image": "",
      "signature": "",
      "external_identifier": null,
      "salutation": "Dear Guilherme Ramos"
    }
  },
  {
    "model": "directory.entry",
    "pk": 84,
    "fields": {
      "computed_str": "Ignace Van der Brempt",
      "is_active": true,
      "deletion_datetime": null,
      "uuid": "1d14bb90-c4bb-4507-8e97-8d7e7d3f4037",
      "entry_type": "Person",
      "additional_fields": {},
      "is_draft_entry": false,
      "activity_heat": 0.0,
      "slugify_computed_str": "ignace van der brempt",
      "profile_image": "",
      "signature": "",
      "external_identifier": null,
      "salutation": "Dear Ignace Van der Brempt"
    }
  },
  {
    "model": "directory.entry",
    "pk": 85,
    "fields": {
      "computed_str": "László Bénes",
      "is_active": true,
      "deletion_datetime": null,
      "uuid": "f1334b9b-169e-4f30-8b3f-2822ebefe3ba",
      "entry_type": "Person",
      "additional_fields": {},
      "is_draft_entry": false,
      "activity_heat": 0.0,
      "slugify_computed_str": "laszlo benes",
      "profile_image": "",
      "signature": "",
      "external_identifier": null,
      "salutation": "Dear László Bénes"
    }
  },
  {
    "model": "directory.entry",
    "pk": 86,
    "fields": {
      "computed_str": "Jonas Meffert",
      "is_active": true,
      "deletion_datetime": null,
      "uuid": "7bd9a5b9-5542-4975-8162-0de541b3fff8",
      "entry_type": "Person",
      "additional_fields": {},
      "is_draft_entry": false,
      "activity_heat": 0.0,
      "slugify_computed_str": "jonas meffert",
      "profile_image": "",
      "signature": "",
      "external_identifier": null,
      "salutation": "Dear Jonas Meffert"
    }
  },
  {
    "model": "directory.entry",
    "pk": 87,
    "fields": {
      "computed_str": "Ludovit Reis",
      "is_active": true,
      "deletion_datetime": null,
      "uuid": "b5160e96-0fee-4024-a4bf-d0d208b030eb",
      "entry_type": "Person",
      "additional_fields": {},
      "is_draft_entry": false,
      "activity_heat": 0.0,
      "slugify_computed_str": "ludovit reis",
      "profile_image": "",
      "signature": "",
      "external_identifier": null,
      "salutation": "Dear Ludovit Reis"
    }
  },
  {
    "model": "directory.entry",
    "pk": 88,
    "fields": {
      "computed_str": "Levin Öztunali",
      "is_active": true,
      "deletion_datetime": null,
      "uuid": "8268a6cf-103c-4007-bbd2-c53fffebc332",
      "entry_type": "Person",
      "additional_fields": {},
      "is_draft_entry": false,
      "activity_heat": 0.0,
      "slugify_computed_str": "levin oztunali",
      "profile_image": "",
      "signature": "",
      "external_identifier": null,
      "salutation": "Dear Levin Öztunali"
    }
  },
  {
    "model": "directory.entry",
    "pk": 89,
    "fields": {
      "computed_str": "Robert Glatzel",
      "is_active": true,
      "deletion_datetime": null,
      "uuid": "f8f3aa21-8fbe-4cdd-b23c-738987f2120c",
      "entry_type": "Person",
      "additional_fields": {},
      "is_draft_entry": false,
      "activity_heat": 0.0,
      "slugify_computed_str": "robert glatzel",
      "profile_image": "",
      "signature": "",
      "external_identifier": null,
      "salutation": "Dear Robert Glatzel"
    }
  },
  {
    "model": "directory.entry",
    "pk": 90,
    "fields": {
      "computed_str": "Bakery Jatta",
      "is_active": true,
      "deletion_datetime": null,
      "uuid": "f73a348c-4580-43e8-b154-62c3e7926c12",
      "entry_type": "Person",
      "additional_fields": {},
      "is_draft_entry": false,
      "activity_heat": 0.0,
      "slugify_computed_str": "bakery jatta",
      "profile_image": "",
      "signature": "",
      "external_identifier": null,
      "salutation": "Dear Bakery Jatta"
    }
  },
  {
    "model": "directory.entry",
    "pk": 91,
    "fields": {
      "computed_str": "Nikola Vasilj",
      "is_active": true,
      "deletion_datetime": null,
      "uuid": "89a7c4a1-d032-4adf-9e77-e8b842382b0a",
      "entry_type": "Person",
      "additional_fields": {},
      "is_draft_entry": false,
      "activity_heat": 0.0,
      "slugify_computed_str": "nikola vasilj",
      "profile_image": "",
      "signature": "",
      "external_identifier": null,
      "salutation": "Dear Nikola Vasilj"
    }
  },
  {
    "model": "directory.entry",
    "pk": 92,
    "fields": {
      "computed_str": "Hauke Wahl",
      "is_active": true,
      "deletion_datetime": null,
      "uuid": "421139f0-1658-4dee-a00c-0a51a252a16e",
      "entry_type": "Person",
      "additional_fields": {},
      "is_draft_entry": false,
      "activity_heat": 0.0,
      "slugify_computed_str": "hauke wahl",
      "profile_image": "",
      "signature": "",
      "external_identifier": null,
      "salutation": "Dear Hauke Wahl"
    }
  },
  {
    "model": "directory.entry",
    "pk": 93,
    "fields": {
      "computed_str": "Eric Smith",
      "is_active": true,
      "deletion_datetime": null,
      "uuid": "eea60dd0-4aa8-4ecc-9fa7-317e7f17369f",
      "entry_type": "Person",
      "additional_fields": {},
      "is_draft_entry": false,
      "activity_heat": 0.0,
      "slugify_computed_str": "eric smith",
      "profile_image": "",
      "signature": "",
      "external_identifier": null,
      "salutation": "Dear Eric Smith"
    }
  },
  {
    "model": "directory.entry",
    "pk": 94,
    "fields": {
      "computed_str": "Karol Mets",
      "is_active": true,
      "deletion_datetime": null,
      "uuid": "ffda49f6-744e-4dc8-b883-d9396733626c",
      "entry_type": "Person",
      "additional_fields": {},
      "is_draft_entry": false,
      "activity_heat": 0.0,
      "slugify_computed_str": "karol mets",
      "profile_image": "",
      "signature": "",
      "external_identifier": null,
      "salutation": "Dear Karol Mets"
    }
  },
  {
    "model": "directory.entry",
    "pk": 95,
    "fields": {
      "computed_str": "Manolis Saliakas",
      "is_active": true,
      "deletion_datetime": null,
      "uuid": "872f023e-301d-4adf-9b76-7f277b1bd2de",
      "entry_type": "Person",
      "additional_fields": {},
      "is_draft_entry": false,
      "activity_heat": 0.0,
      "slugify_computed_str": "manolis saliakas",
      "profile_image": "",
      "signature": "",
      "external_identifier": null,
      "salutation": "Dear Manolis Saliakas"
    }
  },
  {
    "model": "directory.entry",
    "pk": 96,
    "fields": {
      "computed_str": "Jackson Irvine",
      "is_active": true,
      "deletion_datetime": null,
      "uuid": "f448239d-e4cd-4df7-b799-933fb1e11477",
      "entry_type": "Person",
      "additional_fields": {},
      "is_draft_entry": false,
      "activity_heat": 0.0,
      "slugify_computed_str": "jackson irvine",
      "profile_image": "",
      "signature": "",
      "external_identifier": null,
      "salutation": "Dear Jackson Irvine"
    }
  },
  {
    "model": "directory.entry",
    "pk": 97,
    "fields": {
      "computed_str": "Marcel Hartel",
      "is_active": true,
      "deletion_datetime": null,
      "uuid": "219d544a-7fb9-42ba-b7ac-64b1c3a30151",
      "entry_type": "Person",
      "additional_fields": {},
      "is_draft_entry": false,
      "activity_heat": 0.0,
      "slugify_computed_str": "marcel hartel",
      "profile_image": "",
      "signature": "",
      "external_identifier": null,
      "salutation": "Dear Marcel Hartel"
    }
  },
  {
    "model": "directory.entry",
    "pk": 98,
    "fields": {
      "computed_str": "Lars Ritzka",
      "is_active": true,
      "deletion_datetime": null,
      "uuid": "e1228a60-df40-4cb0-9f7e-bdf998026f75",
      "entry_type": "Person",
      "additional_fields": {},
      "is_draft_entry": false,
      "activity_heat": 0.0,
      "slugify_computed_str": "lars ritzka",
      "profile_image": "",
      "signature": "",
      "external_identifier": null,
      "salutation": "Dear Lars Ritzka"
    }
  },
  {
    "model": "directory.entry",
    "pk": 99,
    "fields": {
      "computed_str": "Oladapo Afolayan",
      "is_active": true,
      "deletion_datetime": null,
      "uuid": "ecf0c175-563c-4647-9df9-830a4874fabd",
      "entry_type": "Person",
      "additional_fields": {},
      "is_draft_entry": false,
      "activity_heat": 0.0,
      "slugify_computed_str": "oladapo afolayan",
      "profile_image": "",
      "signature": "",
      "external_identifier": null,
      "salutation": "Dear Oladapo Afolayan"
    }
  },
  {
    "model": "directory.entry",
    "pk": 100,
    "fields": {
      "computed_str": "Elias Saad",
      "is_active": true,
      "deletion_datetime": null,
      "uuid": "dd05356b-5e64-4bb4-922f-9299a64c4b57",
      "entry_type": "Person",
      "additional_fields": {},
      "is_draft_entry": false,
      "activity_heat": 0.0,
      "slugify_computed_str": "elias saad",
      "profile_image": "",
      "signature": "",
      "external_identifier": null,
      "salutation": "Dear Elias Saad"
    }
  },
  {
    "model": "directory.entry",
    "pk": 101,
    "fields": {
      "computed_str": "Johannes Eggestein",
      "is_active": true,
      "deletion_datetime": null,
      "uuid": "f76dff84-be70-41e0-b84f-d3924e9b5d97",
      "entry_type": "Person",
      "additional_fields": {},
      "is_draft_entry": false,
      "activity_heat": 0.0,
      "slugify_computed_str": "johannes eggestein",
      "profile_image": "",
      "signature": "",
      "external_identifier": null,
      "salutation": "Dear Johannes Eggestein"
    }
  },
  {
    "model": "directory.entry",
    "pk": 102,
    "fields": {
      "computed_str": "Florian Lechner",
      "is_active": true,
      "deletion_datetime": null,
      "uuid": "209e9306-bcea-4fcb-bcc3-9e73fc2500ce",
      "entry_type": "Person",
      "additional_fields": {},
      "is_draft_entry": false,
      "activity_heat": 0.0,
      "slugify_computed_str": "florian lechner",
      "profile_image": "",
      "signature": "",
      "external_identifier": null,
      "salutation": "Dear Florian Lechner"
    }
  },
  {
    "model": "directory.entry",
    "pk": 103,
    "fields": {
      "computed_str": "Tom Bauer",
      "is_active": true,
      "deletion_datetime": null,
      "uuid": "b91289f5-1ab8-4a63-9429-146051f50bf8",
      "entry_type": "Person",
      "additional_fields": {},
      "is_draft_entry": false,
      "activity_heat": 0.0,
      "slugify_computed_str": "tom bauer",
      "profile_image": "",
      "signature": "",
      "external_identifier": null,
      "salutation": "Dear Tom Bauer"
    }
  },
  {
    "model": "directory.entry",
    "pk": 104,
    "fields": {
      "computed_str": "Andreas Bergmann",
      "is_active": true,
      "deletion_datetime": null,
      "uuid": "b4186658-b751-4a92-b1a3-717a1734a62c",
      "entry_type": "Person",
      "additional_fields": {},
      "is_draft_entry": false,
      "activity_heat": 0.0,
      "slugify_computed_str": "andreas bergmann",
      "profile_image": "",
      "signature": "",
      "external_identifier": null,
      "salutation": "Dear Andreas Bergmann"
    }
  },
  {
    "model": "directory.entry",
    "pk": 105,
    "fields": {
      "computed_str": "Julian Barkmann",
      "is_active": true,
      "deletion_datetime": null,
      "uuid": "a90614b1-1174-407f-a86f-c61af3a217de",
      "entry_type": "Person",
      "additional_fields": {},
      "is_draft_entry": false,
      "activity_heat": 0.0,
      "slugify_computed_str": "julian barkmann",
      "profile_image": "",
      "signature": "",
      "external_identifier": null,
      "salutation": "Dear Julian Barkmann"
    }
  },
  {
    "model": "directory.entry",
    "pk": 106,
    "fields": {
      "computed_str": "Michael Ambrosius",
      "is_active": true,
      "deletion_datetime": null,
      "uuid": "a08c772e-770d-44b6-975f-7b35c433e0e0",
      "entry_type": "Person",
      "additional_fields": {},
      "is_draft_entry": false,
      "activity_heat": 0.0,
      "slugify_computed_str": "michael ambrosius",
      "profile_image": "",
      "signature": "",
      "external_identifier": null,
      "salutation": "Dear Michael Ambrosius"
    }
  },
  {
    "model": "directory.entry",
    "pk": 107,
    "fields": {
      "computed_str": "Gideon Baur",
      "is_active": true,
      "deletion_datetime": null,
      "uuid": "4ec05975-dfb4-4a95-a5d8-14e56a0b2529",
      "entry_type": "Person",
      "additional_fields": {},
      "is_draft_entry": false,
      "activity_heat": 0.0,
      "slugify_computed_str": "gideon baur",
      "profile_image": "",
      "signature": "",
      "external_identifier": null,
      "salutation": "Dear Gideon Baur"
    }
  },
  {
    "model": "directory.entry",
    "pk": 108,
    "fields": {
      "computed_str": "Lenny Glissmann",
      "is_active": true,
      "deletion_datetime": null,
      "uuid": "1a42d43e-333c-4809-8471-a0860fe754c8",
      "entry_type": "Person",
      "additional_fields": {},
      "is_draft_entry": false,
      "activity_heat": 0.0,
      "slugify_computed_str": "lenny glissmann",
      "profile_image": "",
      "signature": "",
      "external_identifier": null,
      "salutation": "Dear Lenny Glissmann"
    }
  },
  {
    "model": "directory.entry",
    "pk": 109,
    "fields": {
      "computed_str": "Armel Gohoua",
      "is_active": true,
      "deletion_datetime": null,
      "uuid": "249e7872-1b57-44e4-a959-453a00129f42",
      "entry_type": "Person",
      "additional_fields": {},
      "is_draft_entry": false,
      "activity_heat": 0.0,
      "slugify_computed_str": "armel gohoua",
      "profile_image": "",
      "signature": "",
      "external_identifier": null,
      "salutation": "Dear Armel Gohoua"
    }
  },
  {
    "model": "directory.entry",
    "pk": 110,
    "fields": {
      "computed_str": "Moritz Grosche",
      "is_active": true,
      "deletion_datetime": null,
      "uuid": "9fe5ce06-3e66-4f86-a6bb-5dc52110dd5e",
      "entry_type": "Person",
      "additional_fields": {},
      "is_draft_entry": false,
      "activity_heat": 0.0,
      "slugify_computed_str": "moritz grosche",
      "profile_image": "",
      "signature": "",
      "external_identifier": null,
      "salutation": "Dear Moritz Grosche"
    }
  },
  {
    "model": "directory.entry",
    "pk": 111,
    "fields": {
      "computed_str": "Steffen Neelsen",
      "is_active": true,
      "deletion_datetime": null,
      "uuid": "9f798c5a-db05-4f18-9c50-e67c90c8b98a",
      "entry_type": "Person",
      "additional_fields": {},
      "is_draft_entry": false,
      "activity_heat": 0.0,
      "slugify_computed_str": "steffen neelsen",
      "profile_image": "",
      "signature": "",
      "external_identifier": null,
      "salutation": "Dear Steffen Neelsen"
    }
  },
  {
    "model": "directory.entry",
    "pk": 112,
    "fields": {
      "computed_str": "Gianluca Przondziono",
      "is_active": true,
      "deletion_datetime": null,
      "uuid": "59564d6a-3a68-4a0f-bd74-3f6ce8ec4fc3",
      "entry_type": "Person",
      "additional_fields": {},
      "is_draft_entry": false,
      "activity_heat": 0.0,
      "slugify_computed_str": "gianluca przondziono",
      "profile_image": "",
      "signature": "",
      "external_identifier": null,
      "salutation": "Dear Gianluca Przondziono"
    }
  },
  {
    "model": "directory.entry",
    "pk": 113,
    "fields": {
      "computed_str": "Fynn Rathjen",
      "is_active": true,
      "deletion_datetime": null,
      "uuid": "4aa8713d-1298-445d-92be-3cd56968a742",
      "entry_type": "Person",
      "additional_fields": {},
      "is_draft_entry": false,
      "activity_heat": 0.0,
      "slugify_computed_str": "fynn rathjen",
      "profile_image": "",
      "signature": "",
      "external_identifier": null,
      "salutation": "Dear Fynn Rathjen"
    }
  },
  {
    "model": "directory.entry",
    "pk": 114,
    "fields": {
      "computed_str": "Abdul Saibou",
      "is_active": true,
      "deletion_datetime": null,
      "uuid": "bc54a21c-027a-42e1-bfde-57db0c93a940",
      "entry_type": "Person",
      "additional_fields": {},
      "is_draft_entry": false,
      "activity_heat": 0.0,
      "slugify_computed_str": "abdul saibou",
      "profile_image": "",
      "signature": "",
      "external_identifier": null,
      "salutation": "Dear Abdul Saibou"
    }
  },
  {
    "model": "directory.entry",
    "pk": 115,
    "fields": {
      "computed_str": "Bujar Sejdija",
      "is_active": true,
      "deletion_datetime": null,
      "uuid": "47da371a-1e54-411a-86c8-74ed06d2a597",
      "entry_type": "Person",
      "additional_fields": {},
      "is_draft_entry": false,
      "activity_heat": 0.0,
      "slugify_computed_str": "bujar sejdija",
      "profile_image": "",
      "signature": "",
      "external_identifier": null,
      "salutation": "Dear Bujar Sejdija"
    }
  },
  {
    "model": "directory.entry",
    "pk": 116,
    "fields": {
      "computed_str": "Felix Brych",
      "is_active": true,
      "deletion_datetime": null,
      "uuid": "1504edda-6928-4fd1-af4f-74df89a888e2",
      "entry_type": "Person",
      "additional_fields": {},
      "is_draft_entry": false,
      "activity_heat": 0.0,
      "slugify_computed_str": "felix brych",
      "profile_image": "",
      "signature": "",
      "external_identifier": null,
      "salutation": "Dear Felix Brych"
    }
  },
  {
    "model": "directory.entry",
    "pk": 117,
    "fields": {
      "computed_str": "Marius Liesegang",
      "is_active": true,
      "deletion_datetime": null,
      "uuid": "fcd23619-69fd-431f-ab58-47eeeccec931",
      "entry_type": "Person",
      "additional_fields": {},
      "is_draft_entry": false,
      "activity_heat": 0.0,
      "slugify_computed_str": "marius liesegang",
      "profile_image": "",
      "signature": "",
      "external_identifier": null,
      "salutation": "Dear Marius Liesegang"
    }
  },
  {
    "model": "directory.entry",
    "pk": 118,
    "fields": {
      "computed_str": "Marcus Coffie",
      "is_active": true,
      "deletion_datetime": null,
      "uuid": "fd57ff79-c0ad-4337-a3a5-c83788cba3db",
      "entry_type": "Person",
      "additional_fields": {},
      "is_draft_entry": false,
      "activity_heat": 0.0,
      "slugify_computed_str": "marcus coffie",
      "profile_image": "",
      "signature": "",
      "external_identifier": null,
      "salutation": "Dear Marcus Coffie"
    }
  },
  {
    "model": "directory.entry",
    "pk": 119,
    "fields": {
      "computed_str": "Immanuel Höhn",
      "is_active": true,
      "deletion_datetime": null,
      "uuid": "c98a0e9a-d107-416e-9411-05b9afa49ca6",
      "entry_type": "Person",
      "additional_fields": {},
      "is_draft_entry": false,
      "activity_heat": 0.0,
      "slugify_computed_str": "immanuel hohn",
      "profile_image": "",
      "signature": "",
      "external_identifier": null,
      "salutation": "Dear Immanuel Höhn"
    }
  },
  {
    "model": "directory.entry",
    "pk": 120,
    "fields": {
      "computed_str": "Sebastian Hertner",
      "is_active": true,
      "deletion_datetime": null,
      "uuid": "ee1fddc8-539a-4ddf-a322-b4b6f1bd8489",
      "entry_type": "Person",
      "additional_fields": {},
      "is_draft_entry": false,
      "activity_heat": 0.0,
      "slugify_computed_str": "sebastian hertner",
      "profile_image": "",
      "signature": "",
      "external_identifier": null,
      "salutation": "Dear Sebastian Hertner"
    }
  },
  {
    "model": "directory.entry",
    "pk": 121,
    "fields": {
      "computed_str": "Leonard Brodersen",
      "is_active": true,
      "deletion_datetime": null,
      "uuid": "e425acdb-cf72-4f7f-9255-5aa272970d23",
      "entry_type": "Person",
      "additional_fields": {},
      "is_draft_entry": false,
      "activity_heat": 0.0,
      "slugify_computed_str": "leonard brodersen",
      "profile_image": "",
      "signature": "",
      "external_identifier": null,
      "salutation": "Dear Leonard Brodersen"
    }
  },
  {
    "model": "directory.entry",
    "pk": 122,
    "fields": {
      "computed_str": "Kevin Weidlich",
      "is_active": true,
      "deletion_datetime": null,
      "uuid": "7dccf18e-7f22-48d9-b3d3-5d2815b94bf0",
      "entry_type": "Person",
      "additional_fields": {},
      "is_draft_entry": false,
      "activity_heat": 0.0,
      "slugify_computed_str": "kevin weidlich",
      "profile_image": "",
      "signature": "",
      "external_identifier": null,
      "salutation": "Dear Kevin Weidlich"
    }
  },
  {
    "model": "directory.entry",
    "pk": 123,
    "fields": {
      "computed_str": "Fabio Maiolo",
      "is_active": true,
      "deletion_datetime": null,
      "uuid": "814da580-e6c6-4200-a2a1-dd33118d73c5",
      "entry_type": "Person",
      "additional_fields": {},
      "is_draft_entry": false,
      "activity_heat": 0.0,
      "slugify_computed_str": "fabio maiolo",
      "profile_image": "",
      "signature": "",
      "external_identifier": null,
      "salutation": "Dear Fabio Maiolo"
    }
  },
  {
    "model": "directory.entry",
    "pk": 124,
    "fields": {
      "computed_str": "Fabian Istefo",
      "is_active": true,
      "deletion_datetime": null,
      "uuid": "56bba22b-f4dc-4805-bb21-9c38e18d3a5d",
      "entry_type": "Person",
      "additional_fields": {},
      "is_draft_entry": false,
      "activity_heat": 0.0,
      "slugify_computed_str": "fabian istefo",
      "profile_image": "",
      "signature": "",
      "external_identifier": null,
      "salutation": "Dear Fabian Istefo"
    }
  },
  {
    "model": "directory.entry",
    "pk": 125,
    "fields": {
      "computed_str": "Gazi Siala",
      "is_active": true,
      "deletion_datetime": null,
      "uuid": "1fa44a3f-4ad0-480c-b79d-70c5d18d6b64",
      "entry_type": "Person",
      "additional_fields": {},
      "is_draft_entry": false,
      "activity_heat": 0.0,
      "slugify_computed_str": "gazi siala",
      "profile_image": "",
      "signature": "",
      "external_identifier": null,
      "salutation": "Dear Gazi Siala"
    }
  },
  {
    "model": "directory.entry",
    "pk": 126,
    "fields": {
      "computed_str": "Ole Wohlers",
      "is_active": true,
      "deletion_datetime": null,
      "uuid": "de570be0-1615-46f8-a105-9ba0370ef698",
      "entry_type": "Person",
      "additional_fields": {},
      "is_draft_entry": false,
      "activity_heat": 0.0,
      "slugify_computed_str": "ole wohlers",
      "profile_image": "",
      "signature": "",
      "external_identifier": null,
      "salutation": "Dear Ole Wohlers"
    }
  },
  {
    "model": "directory.entry",
    "pk": 127,
    "fields": {
      "computed_str": "Serkan Dursun",
      "is_active": true,
      "deletion_datetime": null,
      "uuid": "ff953c18-403e-4d96-a541-2243df60f2df",
      "entry_type": "Person",
      "additional_fields": {},
      "is_draft_entry": false,
      "activity_heat": 0.0,
      "slugify_computed_str": "serkan dursun",
      "profile_image": "",
      "signature": "",
      "external_identifier": null,
      "salutation": "Dear Serkan Dursun"
    }
  },
  {
    "model": "directory.entry",
    "pk": 128,
    "fields": {
      "computed_str": "Dominik Glawogger",
      "is_active": true,
      "deletion_datetime": null,
      "uuid": "1bbf0df1-7300-4dd2-b762-72a57c2ae895",
      "entry_type": "Person",
      "additional_fields": {},
      "is_draft_entry": false,
      "activity_heat": 0.0,
      "slugify_computed_str": "dominik glawogger",
      "profile_image": "",
      "signature": "",
      "external_identifier": null,
      "salutation": "Dear Dominik Glawogger"
    }
  },
  {
    "model": "directory.entry",
    "pk": 129,
    "fields": {
      "computed_str": "Torsten Jansen",
      "is_active": true,
      "deletion_datetime": null,
      "uuid": "f9da932b-a14c-4956-b8cb-02f2f3043772",
      "entry_type": "Person",
      "additional_fields": {},
      "is_draft_entry": false,
      "activity_heat": 0.0,
      "slugify_computed_str": "torsten jansen",
      "profile_image": "",
      "signature": "",
      "external_identifier": null,
      "salutation": "Dear Torsten Jansen"
    }
  },
  {
    "model": "directory.entry",
    "pk": 130,
    "fields": {
      "computed_str": "Filip Jícha",
      "is_active": true,
      "deletion_datetime": null,
      "uuid": "3370672a-a756-45cf-b349-731f3abe7a50",
      "entry_type": "Person",
      "additional_fields": {},
      "is_draft_entry": false,
      "activity_heat": 0.0,
      "slugify_computed_str": "filip jicha",
      "profile_image": "",
      "signature": "",
      "external_identifier": null,
      "salutation": "Dear Filip Jícha"
    }
  },
  {
    "model": "directory.entry",
    "pk": 131,
    "fields": {
      "computed_str": "Domagoj Duvnjak",
      "is_active": true,
      "deletion_datetime": null,
      "uuid": "d55c977b-e90a-4415-927d-3be59431e5a4",
      "entry_type": "Person",
      "additional_fields": {},
      "is_draft_entry": false,
      "activity_heat": 0.0,
      "slugify_computed_str": "domagoj duvnjak",
      "profile_image": "",
      "signature": "",
      "external_identifier": null,
      "salutation": "Dear Domagoj Duvnjak"
    }
  },
  {
    "model": "directory.entry",
    "pk": 132,
    "fields": {
      "computed_str": "Harald Reinkind",
      "is_active": true,
      "deletion_datetime": null,
      "uuid": "d7cdb2e5-cd21-494c-b64a-86453f2d86c2",
      "entry_type": "Person",
      "additional_fields": {},
      "is_draft_entry": false,
      "activity_heat": 0.0,
      "slugify_computed_str": "harald reinkind",
      "profile_image": "",
      "signature": "",
      "external_identifier": null,
      "salutation": "Dear Harald Reinkind"
    }
  },
  {
    "model": "directory.entry",
    "pk": 133,
    "fields": {
      "computed_str": "Magnus Jacobsen",
      "is_active": true,
      "deletion_datetime": null,
      "uuid": "862e252d-c91c-41aa-ae5d-41e5f48bfa2b",
      "entry_type": "Person",
      "additional_fields": {},
      "is_draft_entry": false,
      "activity_heat": 0.0,
      "slugify_computed_str": "magnus jacobsen",
      "profile_image": "",
      "signature": "",
      "external_identifier": null,
      "salutation": "Dear Magnus Jacobsen"
    }
  },
  {
    "model": "directory.entry",
    "pk": 134,
    "fields": {
      "computed_str": "Petter Øverby",
      "is_active": true,
      "deletion_datetime": null,
      "uuid": "86de6e3d-e052-4eb8-8cdf-a5d679f4a747",
      "entry_type": "Person",
      "additional_fields": {},
      "is_draft_entry": false,
      "activity_heat": 0.0,
      "slugify_computed_str": "petter overby",
      "profile_image": "",
      "signature": "",
      "external_identifier": null,
      "salutation": "Dear Petter Øverby"
    }
  },
  {
    "model": "directory.entry",
    "pk": 135,
    "fields": {
      "computed_str": "Patrick Wiencek",
      "is_active": true,
      "deletion_datetime": null,
      "uuid": "e5fd2474-598c-4162-aca2-fd4f45f24c28",
      "entry_type": "Person",
      "additional_fields": {},
      "is_draft_entry": false,
      "activity_heat": 0.0,
      "slugify_computed_str": "patrick wiencek",
      "profile_image": "",
      "signature": "",
      "external_identifier": null,
      "salutation": "Dear Patrick Wiencek"
    }
  },
  {
    "model": "directory.entry",
    "pk": 136,
    "fields": {
      "computed_str": "Niclas Ekberg",
      "is_active": true,
      "deletion_datetime": null,
      "uuid": "eb9ab322-7fb6-4523-99fd-39341b3c5355",
      "entry_type": "Person",
      "additional_fields": {},
      "is_draft_entry": false,
      "activity_heat": 0.0,
      "slugify_computed_str": "niclas ekberg",
      "profile_image": "",
      "signature": "",
      "external_identifier": null,
      "salutation": "Dear Niclas Ekberg"
    }
  },
  {
    "model": "directory.entry",
    "pk": 137,
    "fields": {
      "computed_str": "Eric Johansson",
      "is_active": true,
      "deletion_datetime": null,
      "uuid": "c3218892-c2b3-4fb0-90b2-6d9e3f30f805",
      "entry_type": "Person",
      "additional_fields": {},
      "is_draft_entry": false,
      "activity_heat": 0.0,
      "slugify_computed_str": "eric johansson",
      "profile_image": "",
      "signature": "",
      "external_identifier": null,
      "salutation": "Dear Eric Johansson"
    }
  },
  {
    "model": "directory.entry",
    "pk": 138,
    "fields": {
      "computed_str": "Rune Dahmke",
      "is_active": true,
      "deletion_datetime": null,
      "uuid": "7066dbb6-821a-436f-9594-76c432dbe1bc",
      "entry_type": "Person",
      "additional_fields": {},
      "is_draft_entry": false,
      "activity_heat": 0.0,
      "slugify_computed_str": "rune dahmke",
      "profile_image": "",
      "signature": "",
      "external_identifier": null,
      "salutation": "Dear Rune Dahmke"
    }
  },
  {
    "model": "directory.entry",
    "pk": 139,
    "fields": {
      "computed_str": "Eduardo Martinez",
      "is_active": true,
      "deletion_datetime": null,
      "uuid": "1e83368d-42bb-44c6-96fc-965f72cb2bb0",
      "entry_type": "Person",
      "additional_fields": {},
      "is_draft_entry": false,
      "activity_heat": 0.0,
      "slugify_computed_str": "eduardo martinez",
      "profile_image": "",
      "signature": "",
      "external_identifier": null,
      "salutation": "Dear Eduardo Martinez"
    }
  },
  {
    "model": "directory.entry",
    "pk": 140,
    "fields": {
      "computed_str": "Karl Wallinius",
      "is_active": true,
      "deletion_datetime": null,
      "uuid": "d450ca59-23be-45a1-a585-c2a467a5471d",
      "entry_type": "Person",
      "additional_fields": {},
      "is_draft_entry": false,
      "activity_heat": 0.0,
      "slugify_computed_str": "karl wallinius",
      "profile_image": "",
      "signature": "",
      "external_identifier": null,
      "salutation": "Dear Karl Wallinius"
    }
  },
  {
    "model": "directory.entry",
    "pk": 141,
    "fields": {
      "computed_str": "Elias Skipagøtu",
      "is_active": true,
      "deletion_datetime": null,
      "uuid": "f5dea8ee-c377-418b-9e93-af759174b712",
      "entry_type": "Person",
      "additional_fields": {},
      "is_draft_entry": false,
      "activity_heat": 0.0,
      "slugify_computed_str": "elias skipagotu",
      "profile_image": "",
      "signature": "",
      "external_identifier": null,
      "salutation": "Dear Elias Skipagøtu"
    }
  },
  {
    "model": "directory.entry",
    "pk": 142,
    "fields": {
      "computed_str": "Andreas Magaard",
      "is_active": true,
      "deletion_datetime": null,
      "uuid": "cd71c378-b267-46c4-bba6-2e0d703417ad",
      "entry_type": "Person",
      "additional_fields": {},
      "is_draft_entry": false,
      "activity_heat": 0.0,
      "slugify_computed_str": "andreas magaard",
      "profile_image": "",
      "signature": "",
      "external_identifier": null,
      "salutation": "Dear Andreas Magaard"
    }
  },
  {
    "model": "directory.entry",
    "pk": 143,
    "fields": {
      "computed_str": "Casper Mortensen",
      "is_active": true,
      "deletion_datetime": null,
      "uuid": "5569db81-f0fe-4b4a-b9f3-530779426d43",
      "entry_type": "Person",
      "additional_fields": {},
      "is_draft_entry": false,
      "activity_heat": 0.0,
      "slugify_computed_str": "casper mortensen",
      "profile_image": "",
      "signature": "",
      "external_identifier": null,
      "salutation": "Dear Casper Mortensen"
    }
  },
  {
    "model": "directory.entry",
    "pk": 144,
    "fields": {
      "computed_str": "Leif Tissier",
      "is_active": true,
      "deletion_datetime": null,
      "uuid": "f3048fe4-b10c-4f0f-8595-eef9dac8cfeb",
      "entry_type": "Person",
      "additional_fields": {},
      "is_draft_entry": false,
      "activity_heat": 0.0,
      "slugify_computed_str": "leif tissier",
      "profile_image": "",
      "signature": "",
      "external_identifier": null,
      "salutation": "Dear Leif Tissier"
    }
  },
  {
    "model": "directory.entry",
    "pk": 145,
    "fields": {
      "computed_str": "Jacob Lassen",
      "is_active": true,
      "deletion_datetime": null,
      "uuid": "f995be87-00d5-4d2c-975f-792284007c1a",
      "entry_type": "Person",
      "additional_fields": {},
      "is_draft_entry": false,
      "activity_heat": 0.0,
      "slugify_computed_str": "jacob lassen",
      "profile_image": "",
      "signature": "",
      "external_identifier": null,
      "salutation": "Dear Jacob Lassen"
    }
  },
  {
    "model": "directory.entry",
    "pk": 146,
    "fields": {
      "computed_str": "Niklas Weller",
      "is_active": true,
      "deletion_datetime": null,
      "uuid": "3a130967-07e2-48d3-9386-5481432f8c87",
      "entry_type": "Person",
      "additional_fields": {},
      "is_draft_entry": false,
      "activity_heat": 0.0,
      "slugify_computed_str": "niklas weller",
      "profile_image": "",
      "signature": "",
      "external_identifier": null,
      "salutation": "Dear Niklas Weller"
    }
  },
  {
    "model": "directory.entry",
    "pk": 147,
    "fields": {
      "computed_str": "Frederik Andersen",
      "is_active": true,
      "deletion_datetime": null,
      "uuid": "3cb1c5a4-02db-4d3f-9fb8-f1616c4c3c33",
      "entry_type": "Person",
      "additional_fields": {},
      "is_draft_entry": false,
      "activity_heat": 0.0,
      "slugify_computed_str": "frederik andersen",
      "profile_image": "",
      "signature": "",
      "external_identifier": null,
      "salutation": "Dear Frederik Andersen"
    }
  },
  {
    "model": "directory.entry",
    "pk": 148,
    "fields": {
      "computed_str": "Tomislav Severec",
      "is_active": true,
      "deletion_datetime": null,
      "uuid": "0c63f851-6328-4863-8868-15fcb6000047",
      "entry_type": "Person",
      "additional_fields": {},
      "is_draft_entry": false,
      "activity_heat": 0.0,
      "slugify_computed_str": "tomislav severec",
      "profile_image": "",
      "signature": "",
      "external_identifier": null,
      "salutation": "Dear Tomislav Severec"
    }
  },
  {
    "model": "directory.entry",
    "pk": 149,
    "fields": {
      "computed_str": "Dani Baijens",
      "is_active": true,
      "deletion_datetime": null,
      "uuid": "ab2604a0-6b00-4c3a-b201-3621d579f648",
      "entry_type": "Person",
      "additional_fields": {},
      "is_draft_entry": false,
      "activity_heat": 0.0,
      "slugify_computed_str": "dani baijens",
      "profile_image": "",
      "signature": "",
      "external_identifier": null,
      "salutation": "Dear Dani Baijens"
    }
  },
  {
    "model": "directory.entry",
    "pk": 150,
    "fields": {
      "computed_str": "Frank Bohmann",
      "is_active": true,
      "deletion_datetime": null,
      "uuid": "01e275c6-cd12-4359-9b61-2926de072b4d",
      "entry_type": "Person",
      "additional_fields": {},
      "is_draft_entry": false,
      "activity_heat": 0.0,
      "slugify_computed_str": "frank bohmann",
      "profile_image": "",
      "signature": "",
      "external_identifier": null,
      "salutation": "Dear Frank Bohmann"
    }
  },
  {
    "model": "directory.entry",
    "pk": 151,
    "fields": {
      "computed_str": "Tobias Tönnies",
      "is_active": true,
      "deletion_datetime": null,
      "uuid": "4e60ccd2-a562-4779-a8fa-de5ebe008c1e",
      "entry_type": "Person",
      "additional_fields": {},
      "is_draft_entry": false,
      "activity_heat": 0.0,
      "slugify_computed_str": "tobias tonnies",
      "profile_image": "",
      "signature": "",
      "external_identifier": null,
      "salutation": "Dear Tobias Tönnies"
    }
  },
  {
    "model": "directory.person",
    "pk": 97,
    "fields": {
      "prefix": "",
      "first_name": "Marcel",
      "last_name": "Hartel",
      "initials": "MH",
      "active_employee": true,
      "birthday": null,
      "personality_profile_red": 0.0,
      "personality_profile_green": 0.0,
      "personality_profile_blue": 0.0,
      "formal": true,
      "specializations": []
    }
  },
  {
    "model": "directory.person",
    "pk": 90,
    "fields": {
      "prefix": "",
      "first_name": "Bakery",
      "last_name": "Jatta",
      "initials": "BJ",
      "active_employee": true,
      "birthday": null,
      "personality_profile_red": 0.0,
      "personality_profile_green": 0.0,
      "personality_profile_blue": 0.0,
      "formal": true,
      "specializations": []
    }
  },
  {
    "model": "directory.person",
    "pk": 110,
    "fields": {
      "prefix": "",
      "first_name": "Moritz",
      "last_name": "Grosche",
      "initials": "MG",
      "active_employee": true,
      "birthday": null,
      "personality_profile_red": 0.0,
      "personality_profile_green": 0.0,
      "personality_profile_blue": 0.0,
      "formal": true,
      "specializations": []
    }
  },
  {
    "model": "directory.person",
    "pk": 135,
    "fields": {
      "prefix": "",
      "first_name": "Patrick",
      "last_name": "Wiencek",
      "initials": "PW",
      "active_employee": true,
      "birthday": null,
      "personality_profile_red": 0.0,
      "personality_profile_green": 0.0,
      "personality_profile_blue": 0.0,
      "formal": true,
      "specializations": []
    }
  },
  {
    "model": "directory.person",
    "pk": 132,
    "fields": {
      "prefix": "",
      "first_name": "Harald",
      "last_name": "Reinkind",
      "initials": "HR",
      "active_employee": true,
      "birthday": null,
      "personality_profile_red": 0.0,
      "personality_profile_green": 0.0,
      "personality_profile_blue": 0.0,
      "formal": true,
      "specializations": []
    }
  },
  {
    "model": "directory.person",
    "pk": 112,
    "fields": {
      "prefix": "",
      "first_name": "Gianluca",
      "last_name": "Przondziono",
      "initials": "GP",
      "active_employee": true,
      "birthday": null,
      "personality_profile_red": 0.0,
      "personality_profile_green": 0.0,
      "personality_profile_blue": 0.0,
      "formal": true,
      "specializations": []
    }
  },
  {
    "model": "directory.person",
    "pk": 100,
    "fields": {
      "prefix": "",
      "first_name": "Elias",
      "last_name": "Saad",
      "initials": "ES",
      "active_employee": true,
      "birthday": null,
      "personality_profile_red": 0.0,
      "personality_profile_green": 0.0,
      "personality_profile_blue": 0.0,
      "formal": true,
      "specializations": []
    }
  },
  {
    "model": "directory.person",
    "pk": 143,
    "fields": {
      "prefix": "",
      "first_name": "Casper",
      "last_name": "Mortensen",
      "initials": "CM",
      "active_employee": true,
      "birthday": null,
      "personality_profile_red": 0.0,
      "personality_profile_green": 0.0,
      "personality_profile_blue": 0.0,
      "formal": true,
      "specializations": []
    }
  },
  {
    "model": "directory.person",
    "pk": 98,
    "fields": {
      "prefix": "",
      "first_name": "Lars",
      "last_name": "Ritzka",
      "initials": "LR",
      "active_employee": true,
      "birthday": null,
      "personality_profile_red": 0.0,
      "personality_profile_green": 0.0,
      "personality_profile_blue": 0.0,
      "formal": true,
      "specializations": []
    }
  },
  {
    "model": "directory.person",
    "pk": 78,
    "fields": {
      "prefix": "",
      "first_name": "Fabian",
      "last_name": "Huerzeler",
      "initials": "FH",
      "active_employee": true,
      "birthday": null,
      "personality_profile_red": 0.0,
      "personality_profile_green": 0.0,
      "personality_profile_blue": 0.0,
      "formal": true,
      "specializations": []
    }
  },
  {
    "model": "directory.person",
    "pk": 121,
    "fields": {
      "prefix": "",
      "first_name": "Leonard",
      "last_name": "Brodersen",
      "initials": "LB",
      "active_employee": true,
      "birthday": null,
      "personality_profile_red": 0.0,
      "personality_profile_green": 0.0,
      "personality_profile_blue": 0.0,
      "formal": true,
      "specializations": []
    }
  },
  {
    "model": "directory.person",
    "pk": 92,
    "fields": {
      "prefix": "",
      "first_name": "Hauke",
      "last_name": "Wahl",
      "initials": "HW",
      "active_employee": true,
      "birthday": null,
      "personality_profile_red": 0.0,
      "personality_profile_green": 0.0,
      "personality_profile_blue": 0.0,
      "formal": true,
      "specializations": []
    }
  },
  {
    "model": "directory.person",
    "pk": 96,
    "fields": {
      "prefix": "",
      "first_name": "Jackson",
      "last_name": "Irvine",
      "initials": "JI",
      "active_employee": true,
      "birthday": null,
      "personality_profile_red": 0.0,
      "personality_profile_green": 0.0,
      "personality_profile_blue": 0.0,
      "formal": true,
      "specializations": []
    }
  },
  {
    "model": "directory.person",
    "pk": 106,
    "fields": {
      "prefix": "",
      "first_name": "Michael",
      "last_name": "Ambrosius",
      "initials": "MA",
      "active_employee": true,
      "birthday": null,
      "personality_profile_red": 0.0,
      "personality_profile_green": 0.0,
      "personality_profile_blue": 0.0,
      "formal": true,
      "specializations": []
    }
  },
  {
    "model": "directory.person",
    "pk": 77,
    "fields": {
      "prefix": "",
      "first_name": "Tim",
      "last_name": "Walter",
      "initials": "TW",
      "active_employee": true,
      "birthday": null,
      "personality_profile_red": 0.0,
      "personality_profile_green": 0.0,
      "personality_profile_blue": 0.0,
      "formal": true,
      "specializations": []
    }
  },
  {
    "model": "directory.person",
    "pk": 125,
    "fields": {
      "prefix": "",
      "first_name": "Gazi",
      "last_name": "Siala",
      "initials": "GS",
      "active_employee": true,
      "birthday": null,
      "personality_profile_red": 0.0,
      "personality_profile_green": 0.0,
      "personality_profile_blue": 0.0,
      "formal": true,
      "specializations": []
    }
  },
  {
    "model": "directory.person",
    "pk": 127,
    "fields": {
      "prefix": "",
      "first_name": "Serkan",
      "last_name": "Dursun",
      "initials": "SD",
      "active_employee": true,
      "birthday": null,
      "personality_profile_red": 0.0,
      "personality_profile_green": 0.0,
      "personality_profile_blue": 0.0,
      "formal": true,
      "specializations": []
    }
  },
  {
    "model": "directory.person",
    "pk": 150,
    "fields": {
      "prefix": "",
      "first_name": "Frank",
      "last_name": "Bohmann",
      "initials": "FB",
      "active_employee": true,
      "birthday": null,
      "personality_profile_red": 0.0,
      "personality_profile_green": 0.0,
      "personality_profile_blue": 0.0,
      "formal": true,
      "specializations": []
    }
  },
  {
    "model": "directory.person",
    "pk": 88,
    "fields": {
      "prefix": "",
      "first_name": "Levin",
      "last_name": "Öztunali",
      "initials": "LÖ",
      "active_employee": true,
      "birthday": null,
      "personality_profile_red": 0.0,
      "personality_profile_green": 0.0,
      "personality_profile_blue": 0.0,
      "formal": true,
      "specializations": []
    }
  },
  {
    "model": "directory.person",
    "pk": 123,
    "fields": {
      "prefix": "",
      "first_name": "Fabio",
      "last_name": "Maiolo",
      "initials": "FM",
      "active_employee": true,
      "birthday": null,
      "personality_profile_red": 0.0,
      "personality_profile_green": 0.0,
      "personality_profile_blue": 0.0,
      "formal": true,
      "specializations": []
    }
  },
  {
    "model": "directory.person",
    "pk": 91,
    "fields": {
      "prefix": "",
      "first_name": "Nikola",
      "last_name": "Vasilj",
      "initials": "NV",
      "active_employee": true,
      "birthday": null,
      "personality_profile_red": 0.0,
      "personality_profile_green": 0.0,
      "personality_profile_blue": 0.0,
      "formal": true,
      "specializations": []
    }
  },
  {
    "model": "directory.person",
    "pk": 114,
    "fields": {
      "prefix": "",
      "first_name": "Abdul",
      "last_name": "Saibou",
      "initials": "AS",
      "active_employee": true,
      "birthday": null,
      "personality_profile_red": 0.0,
      "personality_profile_green": 0.0,
      "personality_profile_blue": 0.0,
      "formal": true,
      "specializations": []
    }
  },
  {
    "model": "directory.person",
    "pk": 109,
    "fields": {
      "prefix": "",
      "first_name": "Armel",
      "last_name": "Gohoua",
      "initials": "AG",
      "active_employee": true,
      "birthday": null,
      "personality_profile_red": 0.0,
      "personality_profile_green": 0.0,
      "personality_profile_blue": 0.0,
      "formal": true,
      "specializations": []
    }
  },
  {
    "model": "directory.person",
    "pk": 136,
    "fields": {
      "prefix": "",
      "first_name": "Niclas",
      "last_name": "Ekberg",
      "initials": "NE",
      "active_employee": true,
      "birthday": null,
      "personality_profile_red": 0.0,
      "personality_profile_green": 0.0,
      "personality_profile_blue": 0.0,
      "formal": true,
      "specializations": []
    }
  },
  {
    "model": "directory.person",
    "pk": 93,
    "fields": {
      "prefix": "",
      "first_name": "Eric",
      "last_name": "Smith",
      "initials": "ES",
      "active_employee": true,
      "birthday": null,
      "personality_profile_red": 0.0,
      "personality_profile_green": 0.0,
      "personality_profile_blue": 0.0,
      "formal": true,
      "specializations": []
    }
  },
  {
    "model": "directory.person",
    "pk": 101,
    "fields": {
      "prefix": "",
      "first_name": "Johannes",
      "last_name": "Eggestein",
      "initials": "JE",
      "active_employee": true,
      "birthday": null,
      "personality_profile_red": 0.0,
      "personality_profile_green": 0.0,
      "personality_profile_blue": 0.0,
      "formal": true,
      "specializations": []
    }
  },
  {
    "model": "directory.person",
    "pk": 103,
    "fields": {
      "prefix": "",
      "first_name": "Tom",
      "last_name": "Bauer",
      "initials": "TB",
      "active_employee": true,
      "birthday": null,
      "personality_profile_red": 0.0,
      "personality_profile_green": 0.0,
      "personality_profile_blue": 0.0,
      "formal": true,
      "specializations": []
    }
  },
  {
    "model": "directory.person",
    "pk": 107,
    "fields": {
      "prefix": "",
      "first_name": "Gideon",
      "last_name": "Baur",
      "initials": "GB",
      "active_employee": true,
      "birthday": null,
      "personality_profile_red": 0.0,
      "personality_profile_green": 0.0,
      "personality_profile_blue": 0.0,
      "formal": true,
      "specializations": []
    }
  },
  {
    "model": "directory.person",
    "pk": 118,
    "fields": {
      "prefix": "",
      "first_name": "Marcus",
      "last_name": "Coffie",
      "initials": "MC",
      "active_employee": true,
      "birthday": null,
      "personality_profile_red": 0.0,
      "personality_profile_green": 0.0,
      "personality_profile_blue": 0.0,
      "formal": true,
      "specializations": []
    }
  },
  {
    "model": "directory.person",
    "pk": 111,
    "fields": {
      "prefix": "",
      "first_name": "Steffen",
      "last_name": "Neelsen",
      "initials": "SN",
      "active_employee": true,
      "birthday": null,
      "personality_profile_red": 0.0,
      "personality_profile_green": 0.0,
      "personality_profile_blue": 0.0,
      "formal": true,
      "specializations": []
    }
  },
  {
    "model": "directory.person",
    "pk": 134,
    "fields": {
      "prefix": "",
      "first_name": "Petter",
      "last_name": "Øverby",
      "initials": "PØ",
      "active_employee": true,
      "birthday": null,
      "personality_profile_red": 0.0,
      "personality_profile_green": 0.0,
      "personality_profile_blue": 0.0,
      "formal": true,
      "specializations": []
    }
  },
  {
    "model": "directory.person",
    "pk": 86,
    "fields": {
      "prefix": "",
      "first_name": "Jonas",
      "last_name": "Meffert",
      "initials": "JM",
      "active_employee": true,
      "birthday": null,
      "personality_profile_red": 0.0,
      "personality_profile_green": 0.0,
      "personality_profile_blue": 0.0,
      "formal": true,
      "specializations": []
    }
  },
  {
    "model": "directory.person",
    "pk": 87,
    "fields": {
      "prefix": "",
      "first_name": "Ludovit",
      "last_name": "Reis",
      "initials": "LR",
      "active_employee": true,
      "birthday": null,
      "personality_profile_red": 0.0,
      "personality_profile_green": 0.0,
      "personality_profile_blue": 0.0,
      "formal": true,
      "specializations": []
    }
  },
  {
    "model": "directory.person",
    "pk": 95,
    "fields": {
      "prefix": "",
      "first_name": "Manolis",
      "last_name": "Saliakas",
      "initials": "MS",
      "active_employee": true,
      "birthday": null,
      "personality_profile_red": 0.0,
      "personality_profile_green": 0.0,
      "personality_profile_blue": 0.0,
      "formal": true,
      "specializations": []
    }
  },
  {
    "model": "directory.person",
    "pk": 128,
    "fields": {
      "prefix": "",
      "first_name": "Dominik",
      "last_name": "Glawogger",
      "initials": "DG",
      "active_employee": true,
      "birthday": null,
      "personality_profile_red": 0.0,
      "personality_profile_green": 0.0,
      "personality_profile_blue": 0.0,
      "formal": true,
      "specializations": []
    }
  },
  {
    "model": "directory.person",
    "pk": 120,
    "fields": {
      "prefix": "",
      "first_name": "Sebastian",
      "last_name": "Hertner",
      "initials": "SH",
      "active_employee": true,
      "birthday": null,
      "personality_profile_red": 0.0,
      "personality_profile_green": 0.0,
      "personality_profile_blue": 0.0,
      "formal": true,
      "specializations": []
    }
  },
  {
    "model": "directory.person",
    "pk": 130,
    "fields": {
      "prefix": "",
      "first_name": "Filip",
      "last_name": "Jícha",
      "initials": "FJ",
      "active_employee": true,
      "birthday": null,
      "personality_profile_red": 0.0,
      "personality_profile_green": 0.0,
      "personality_profile_blue": 0.0,
      "formal": true,
      "specializations": []
    }
  },
  {
    "model": "directory.person",
    "pk": 102,
    "fields": {
      "prefix": "",
      "first_name": "Florian",
      "last_name": "Lechner",
      "initials": "FL",
      "active_employee": true,
      "birthday": null,
      "personality_profile_red": 0.0,
      "personality_profile_green": 0.0,
      "personality_profile_blue": 0.0,
      "formal": true,
      "specializations": []
    }
  },
  {
    "model": "directory.person",
    "pk": 145,
    "fields": {
      "prefix": "",
      "first_name": "Jacob",
      "last_name": "Lassen",
      "initials": "JL",
      "active_employee": true,
      "birthday": null,
      "personality_profile_red": 0.0,
      "personality_profile_green": 0.0,
      "personality_profile_blue": 0.0,
      "formal": true,
      "specializations": []
    }
  },
  {
    "model": "directory.person",
    "pk": 119,
    "fields": {
      "prefix": "",
      "first_name": "Immanuel",
      "last_name": "Höhn",
      "initials": "IH",
      "active_employee": true,
      "birthday": null,
      "personality_profile_red": 0.0,
      "personality_profile_green": 0.0,
      "personality_profile_blue": 0.0,
      "formal": true,
      "specializations": []
    }
  },
  {
    "model": "directory.person",
    "pk": 124,
    "fields": {
      "prefix": "",
      "first_name": "Fabian",
      "last_name": "Istefo",
      "initials": "FI",
      "active_employee": true,
      "birthday": null,
      "personality_profile_red": 0.0,
      "personality_profile_green": 0.0,
      "personality_profile_blue": 0.0,
      "formal": true,
      "specializations": []
    }
  },
  {
    "model": "directory.person",
    "pk": 126,
    "fields": {
      "prefix": "",
      "first_name": "Ole",
      "last_name": "Wohlers",
      "initials": "OW",
      "active_employee": true,
      "birthday": null,
      "personality_profile_red": 0.0,
      "personality_profile_green": 0.0,
      "personality_profile_blue": 0.0,
      "formal": true,
      "specializations": []
    }
  },
  {
    "model": "directory.person",
    "pk": 129,
    "fields": {
      "prefix": "",
      "first_name": "Torsten",
      "last_name": "Jansen",
      "initials": "TJ",
      "active_employee": true,
      "birthday": null,
      "personality_profile_red": 0.0,
      "personality_profile_green": 0.0,
      "personality_profile_blue": 0.0,
      "formal": true,
      "specializations": []
    }
  },
  {
    "model": "directory.person",
    "pk": 104,
    "fields": {
      "prefix": "",
      "first_name": "Andreas",
      "last_name": "Bergmann",
      "initials": "AB",
      "active_employee": true,
      "birthday": null,
      "personality_profile_red": 0.0,
      "personality_profile_green": 0.0,
      "personality_profile_blue": 0.0,
      "formal": true,
      "specializations": []
    }
  },
  {
    "model": "directory.person",
    "pk": 131,
    "fields": {
      "prefix": "",
      "first_name": "Domagoj",
      "last_name": "Duvnjak",
      "initials": "DD",
      "active_employee": true,
      "birthday": null,
      "personality_profile_red": 0.0,
      "personality_profile_green": 0.0,
      "personality_profile_blue": 0.0,
      "formal": true,
      "specializations": []
    }
  },
  {
    "model": "directory.person",
    "pk": 140,
    "fields": {
      "prefix": "",
      "first_name": "Karl",
      "last_name": "Wallinius",
      "initials": "KW",
      "active_employee": true,
      "birthday": null,
      "personality_profile_red": 0.0,
      "personality_profile_green": 0.0,
      "personality_profile_blue": 0.0,
      "formal": true,
      "specializations": []
    }
  },
  {
    "model": "directory.person",
    "pk": 141,
    "fields": {
      "prefix": "",
      "first_name": "Elias",
      "last_name": "Skipagøtu",
      "initials": "ES",
      "active_employee": true,
      "birthday": null,
      "personality_profile_red": 0.0,
      "personality_profile_green": 0.0,
      "personality_profile_blue": 0.0,
      "formal": true,
      "specializations": []
    }
  },
  {
    "model": "directory.person",
    "pk": 94,
    "fields": {
      "prefix": "",
      "first_name": "Karol",
      "last_name": "Mets",
      "initials": "KM",
      "active_employee": true,
      "birthday": null,
      "personality_profile_red": 0.0,
      "personality_profile_green": 0.0,
      "personality_profile_blue": 0.0,
      "formal": true,
      "specializations": []
    }
  },
  {
    "model": "directory.person",
    "pk": 133,
    "fields": {
      "prefix": "",
      "first_name": "Magnus",
      "last_name": "Jacobsen",
      "initials": "MJ",
      "active_employee": true,
      "birthday": null,
      "personality_profile_red": 0.0,
      "personality_profile_green": 0.0,
      "personality_profile_blue": 0.0,
      "formal": true,
      "specializations": []
    }
  },
  {
    "model": "directory.person",
    "pk": 137,
    "fields": {
      "prefix": "",
      "first_name": "Eric",
      "last_name": "Johansson",
      "initials": "EJ",
      "active_employee": true,
      "birthday": null,
      "personality_profile_red": 0.0,
      "personality_profile_green": 0.0,
      "personality_profile_blue": 0.0,
      "formal": true,
      "specializations": []
    }
  },
  {
    "model": "directory.person",
    "pk": 147,
    "fields": {
      "prefix": "",
      "first_name": "Frederik",
      "last_name": "Andersen",
      "initials": "FA",
      "active_employee": true,
      "birthday": null,
      "personality_profile_red": 0.0,
      "personality_profile_green": 0.0,
      "personality_profile_blue": 0.0,
      "formal": true,
      "specializations": []
    }
  },
  {
    "model": "directory.person",
    "pk": 151,
    "fields": {
      "prefix": "",
      "first_name": "Tobias",
      "last_name": "Tönnies",
      "initials": "TT",
      "active_employee": true,
      "birthday": null,
      "personality_profile_red": 0.0,
      "personality_profile_green": 0.0,
      "personality_profile_blue": 0.0,
      "formal": true,
      "specializations": []
    }
  },
  {
    "model": "directory.person",
    "pk": 144,
    "fields": {
      "prefix": "",
      "first_name": "Leif",
      "last_name": "Tissier",
      "initials": "LT",
      "active_employee": true,
      "birthday": null,
      "personality_profile_red": 0.0,
      "personality_profile_green": 0.0,
      "personality_profile_blue": 0.0,
      "formal": true,
      "specializations": []
    }
  },
  {
    "model": "directory.person",
    "pk": 139,
    "fields": {
      "prefix": "",
      "first_name": "Eduardo",
      "last_name": "Martinez",
      "initials": "EM",
      "active_employee": true,
      "birthday": null,
      "personality_profile_red": 0.0,
      "personality_profile_green": 0.0,
      "personality_profile_blue": 0.0,
      "formal": true,
      "specializations": []
    }
  },
  {
    "model": "directory.person",
    "pk": 113,
    "fields": {
      "prefix": "",
      "first_name": "Fynn",
      "last_name": "Rathjen",
      "initials": "FR",
      "active_employee": true,
      "birthday": null,
      "personality_profile_red": 0.0,
      "personality_profile_green": 0.0,
      "personality_profile_blue": 0.0,
      "formal": true,
      "specializations": []
    }
  },
  {
    "model": "directory.person",
    "pk": 142,
    "fields": {
      "prefix": "",
      "first_name": "Andreas",
      "last_name": "Magaard",
      "initials": "AM",
      "active_employee": true,
      "birthday": null,
      "personality_profile_red": 0.0,
      "personality_profile_green": 0.0,
      "personality_profile_blue": 0.0,
      "formal": true,
      "specializations": []
    }
  },
  {
    "model": "directory.person",
    "pk": 105,
    "fields": {
      "prefix": "",
      "first_name": "Julian",
      "last_name": "Barkmann",
      "initials": "JB",
      "active_employee": true,
      "birthday": null,
      "personality_profile_red": 0.0,
      "personality_profile_green": 0.0,
      "personality_profile_blue": 0.0,
      "formal": true,
      "specializations": []
    }
  },
  {
    "model": "directory.person",
    "pk": 81,
    "fields": {
      "prefix": "",
      "first_name": "Dennis",
      "last_name": "Hadzikadunic",
      "initials": "DH",
      "active_employee": true,
      "birthday": null,
      "personality_profile_red": 0.0,
      "personality_profile_green": 0.0,
      "personality_profile_blue": 0.0,
      "formal": true,
      "specializations": []
    }
  },
  {
    "model": "directory.person",
    "pk": 80,
    "fields": {
      "prefix": "",
      "first_name": "Miro",
      "last_name": "Muheim",
      "initials": "MM",
      "active_employee": true,
      "birthday": null,
      "personality_profile_red": 0.0,
      "personality_profile_green": 0.0,
      "personality_profile_blue": 0.0,
      "formal": true,
      "specializations": []
    }
  },
  {
    "model": "directory.person",
    "pk": 82,
    "fields": {
      "prefix": "",
      "first_name": "Christian",
      "last_name": "Seifert",
      "initials": "CS",
      "active_employee": true,
      "birthday": null,
      "personality_profile_red": 0.0,
      "personality_profile_green": 0.0,
      "personality_profile_blue": 0.0,
      "formal": true,
      "specializations": []
    }
  },
  {
    "model": "directory.person",
    "pk": 108,
    "fields": {
      "prefix": "",
      "first_name": "Lenny",
      "last_name": "Glissmann",
      "initials": "LG",
      "active_employee": true,
      "birthday": null,
      "personality_profile_red": 0.0,
      "personality_profile_green": 0.0,
      "personality_profile_blue": 0.0,
      "formal": true,
      "specializations": []
    }
  },
  {
    "model": "directory.person",
    "pk": 84,
    "fields": {
      "prefix": "",
      "first_name": "Ignace",
      "last_name": "Van der Brempt",
      "initials": "IV",
      "active_employee": true,
      "birthday": null,
      "personality_profile_red": 0.0,
      "personality_profile_green": 0.0,
      "personality_profile_blue": 0.0,
      "formal": true,
      "specializations": []
    }
  },
  {
    "model": "directory.person",
    "pk": 122,
    "fields": {
      "prefix": "",
      "first_name": "Kevin",
      "last_name": "Weidlich",
      "initials": "KW",
      "active_employee": true,
      "birthday": null,
      "personality_profile_red": 0.0,
      "personality_profile_green": 0.0,
      "personality_profile_blue": 0.0,
      "formal": true,
      "specializations": []
    }
  },
  {
    "model": "directory.person",
    "pk": 115,
    "fields": {
      "prefix": "",
      "first_name": "Bujar",
      "last_name": "Sejdija",
      "initials": "BS",
      "active_employee": true,
      "birthday": null,
      "personality_profile_red": 0.0,
      "personality_profile_green": 0.0,
      "personality_profile_blue": 0.0,
      "formal": true,
      "specializations": []
    }
  },
  {
    "model": "directory.person",
    "pk": 116,
    "fields": {
      "prefix": "",
      "first_name": "Felix",
      "last_name": "Brych",
      "initials": "FB",
      "active_employee": true,
      "birthday": null,
      "personality_profile_red": 0.0,
      "personality_profile_green": 0.0,
      "personality_profile_blue": 0.0,
      "formal": true,
      "specializations": []
    }
  },
  {
    "model": "directory.person",
    "pk": 83,
    "fields": {
      "prefix": "",
      "first_name": "Guilherme",
      "last_name": "Ramos",
      "initials": "GR",
      "active_employee": true,
      "birthday": null,
      "personality_profile_red": 0.0,
      "personality_profile_green": 0.0,
      "personality_profile_blue": 0.0,
      "formal": true,
      "specializations": []
    }
  },
  {
    "model": "directory.person",
    "pk": 99,
    "fields": {
      "prefix": "",
      "first_name": "Oladapo",
      "last_name": "Afolayan",
      "initials": "OA",
      "active_employee": true,
      "birthday": null,
      "personality_profile_red": 0.0,
      "personality_profile_green": 0.0,
      "personality_profile_blue": 0.0,
      "formal": true,
      "specializations": []
    }
  },
  {
    "model": "directory.person",
    "pk": 117,
    "fields": {
      "prefix": "",
      "first_name": "Marius",
      "last_name": "Liesegang",
      "initials": "ML",
      "active_employee": true,
      "birthday": null,
      "personality_profile_red": 0.0,
      "personality_profile_green": 0.0,
      "personality_profile_blue": 0.0,
      "formal": true,
      "specializations": []
    }
  },
  {
    "model": "directory.person",
    "pk": 146,
    "fields": {
      "prefix": "",
      "first_name": "Niklas",
      "last_name": "Weller",
      "initials": "NW",
      "active_employee": true,
      "birthday": null,
      "personality_profile_red": 0.0,
      "personality_profile_green": 0.0,
      "personality_profile_blue": 0.0,
      "formal": true,
      "specializations": []
    }
  },
  {
    "model": "directory.person",
    "pk": 79,
    "fields": {
      "prefix": "",
      "first_name": "Daniel",
      "last_name": "Heuer",
      "initials": "DH",
      "active_employee": true,
      "birthday": null,
      "personality_profile_red": 0.0,
      "personality_profile_green": 0.0,
      "personality_profile_blue": 0.0,
      "formal": true,
      "specializations": []
    }
  },
  {
    "model": "directory.person",
    "pk": 89,
    "fields": {
      "prefix": "",
      "first_name": "Robert",
      "last_name": "Glatzel",
      "initials": "RG",
      "active_employee": true,
      "birthday": null,
      "personality_profile_red": 0.0,
      "personality_profile_green": 0.0,
      "personality_profile_blue": 0.0,
      "formal": true,
      "specializations": []
    }
  },
  {
    "model": "directory.person",
    "pk": 148,
    "fields": {
      "prefix": "",
      "first_name": "Tomislav",
      "last_name": "Severec",
      "initials": "TS",
      "active_employee": true,
      "birthday": null,
      "personality_profile_red": 0.0,
      "personality_profile_green": 0.0,
      "personality_profile_blue": 0.0,
      "formal": true,
      "specializations": []
    }
  },
  {
    "model": "directory.person",
    "pk": 149,
    "fields": {
      "prefix": "",
      "first_name": "Dani",
      "last_name": "Baijens",
      "initials": "DB",
      "active_employee": true,
      "birthday": null,
      "personality_profile_red": 0.0,
      "personality_profile_green": 0.0,
      "personality_profile_blue": 0.0,
      "formal": true,
      "specializations": []
    }
  },
  {
    "model": "directory.person",
    "pk": 138,
    "fields": {
      "prefix": "",
      "first_name": "Rune",
      "last_name": "Dahmke",
      "initials": "RD",
      "active_employee": true,
      "birthday": null,
      "personality_profile_red": 0.0,
      "personality_profile_green": 0.0,
      "personality_profile_blue": 0.0,
      "formal": true,
      "specializations": []
    }
  },
  {
    "model": "directory.person",
    "pk": 85,
    "fields": {
      "prefix": "",
      "first_name": "László",
      "last_name": "Bénes",
      "initials": "LB",
      "active_employee": true,
      "birthday": null,
      "personality_profile_red": 0.0,
      "personality_profile_green": 0.0,
      "personality_profile_blue": 0.0,
      "formal": true,
      "specializations": []
    }
  },
  {
    "model": "agenda.calendaritem",
    "pk": 6,
    "fields": {
      "is_active": true,
      "deletion_datetime": null,
      "color": "#f7be2f",
      "entity_list": null,
      "icon": "sports_soccer",
      "visibility": "PUBLIC",
      "item_type": "example_app.match",
      "period": "{\"bounds\": \"[)\", \"lower\": \"2023-10-07T18:30:46+00:00\", \"upper\": \"2023-10-07T20:00:46+00:00\"}",
      "title": "Hamburger SV vs. FC St. Pauli",
      "conference_room": null,
      "all_day": false,
      "is_cancelled": false,
      "is_deletable": true,
      "entities": [
        51,
        52,
        77,
        78,
        79,
        80,
        81,
        83,
        84,
        85,
        86,
        87,
        88,
        89,
        90,
        91,
        92,
        93,
        94,
        95,
        96,
        97,
        98,
        99,
        100,
        101,
        102
      ]
    }
  },
  {
    "model": "agenda.calendaritem",
    "pk": 7,
    "fields": {
      "is_active": true,
      "deletion_datetime": null,
      "color": "#f7be2f",
      "entity_list": null,
      "icon": "sports_soccer",
      "visibility": "PUBLIC",
      "item_type": "example_app.match",
      "period": "{\"bounds\": \"[)\", \"lower\": \"2023-08-13T11:00:48+00:00\", \"upper\": \"2023-08-13T12:30:48+00:00\"}",
      "title": "FC St. Pauli vs. Hamburger SV",
      "conference_room": null,
      "all_day": false,
      "is_cancelled": false,
      "is_deletable": true,
      "entities": [
        51,
        52,
        77,
        78,
        79,
        80,
        81,
        83,
        84,
        85,
        86,
        87,
        88,
        89,
        90,
        91,
        92,
        93,
        94,
        95,
        96,
        97,
        98,
        99,
        100,
        101,
        103
      ]
    }
  },
  {
    "model": "agenda.calendaritem",
    "pk": 8,
    "fields": {
      "is_active": true,
      "deletion_datetime": null,
      "color": "#f7be2f",
      "entity_list": null,
      "icon": "sports_soccer",
      "visibility": "PUBLIC",
      "item_type": "example_app.match",
      "period": "{\"bounds\": \"[)\", \"lower\": \"2023-10-06T18:30:37+00:00\", \"upper\": \"2023-10-06T20:00:37+00:00\"}",
      "title": "Altona 93 vs. Hamburger SV",
      "conference_room": null,
      "all_day": false,
      "is_cancelled": false,
      "is_deletable": true,
      "entities": [
        51,
        73,
        77,
        79,
        80,
        81,
        83,
        84,
        85,
        86,
        87,
        88,
        89,
        90,
        104,
        105,
        106,
        107,
        108,
        109,
        110,
        111,
        112,
        113,
        114,
        115,
        116
      ]
    }
  },
  {
    "model": "agenda.calendaritem",
    "pk": 9,
    "fields": {
      "is_active": true,
      "deletion_datetime": null,
      "color": "#f7be2f",
      "entity_list": null,
      "icon": "sports_soccer",
      "visibility": "PUBLIC",
      "item_type": "example_app.match",
      "period": "{\"bounds\": \"[)\", \"lower\": \"2023-09-30T13:30:11+00:00\", \"upper\": \"2023-09-30T15:00:11+00:00\"}",
      "title": "Altona 93 vs. FC St. Pauli",
      "conference_room": null,
      "all_day": false,
      "is_cancelled": false,
      "is_deletable": true,
      "entities": [
        52,
        73,
        78,
        91,
        92,
        93,
        94,
        95,
        96,
        97,
        98,
        99,
        100,
        101,
        103,
        104,
        105,
        106,
        107,
        108,
        109,
        110,
        111,
        112,
        113,
        114,
        115
      ]
    }
  },
  {
    "model": "agenda.calendaritem",
    "pk": 10,
    "fields": {
      "is_active": true,
      "deletion_datetime": null,
      "color": "#f7be2f",
      "entity_list": null,
      "icon": "sports_soccer",
      "visibility": "PUBLIC",
      "item_type": "example_app.match",
      "period": "{\"bounds\": \"[)\", \"lower\": \"2023-09-16T13:30:05+00:00\", \"upper\": \"2023-09-16T15:00:05+00:00\"}",
      "title": "FC St. Pauli vs. FC Teutonia Ottensen",
      "conference_room": null,
      "all_day": false,
      "is_cancelled": false,
      "is_deletable": true,
      "entities": [
        52,
        74,
        78,
        91,
        92,
        93,
        94,
        95,
        96,
        97,
        98,
        99,
        100,
        101,
        116,
        117,
        118,
        119,
        120,
        121,
        122,
        123,
        124,
        125,
        126,
        127,
        128
      ]
    }
  },
  {
    "model": "agenda.calendaritem",
    "pk": 11,
    "fields": {
      "is_active": true,
      "deletion_datetime": null,
      "color": "#f7be2f",
      "entity_list": null,
      "icon": "sports_soccer",
      "visibility": "PUBLIC",
      "item_type": "example_app.match",
      "period": "{\"bounds\": \"[)\", \"lower\": \"2023-09-29T18:30:51+00:00\", \"upper\": \"2023-09-29T20:00:51+00:00\"}",
      "title": "FC Teutonia Ottensen vs. Altona 93",
      "conference_room": null,
      "all_day": false,
      "is_cancelled": false,
      "is_deletable": true,
      "entities": [
        73,
        74,
        102,
        104,
        105,
        106,
        107,
        108,
        109,
        110,
        111,
        112,
        113,
        114,
        115,
        117,
        118,
        119,
        120,
        121,
        122,
        123,
        124,
        125,
        126,
        127,
        128
      ]
    }
  },
  {
    "model": "agenda.calendaritem",
    "pk": 12,
    "fields": {
      "is_active": true,
      "deletion_datetime": null,
      "color": "#f7be2f",
      "entity_list": null,
      "icon": "sports_soccer",
      "visibility": "PUBLIC",
      "item_type": "example_app.match",
      "period": "{\"bounds\": \"[)\", \"lower\": \"2023-10-08T13:30:47+00:00\", \"upper\": \"2023-10-08T15:00:47+00:00\"}",
      "title": "FC Teutonia Ottensen vs. Hamburger SV",
      "conference_room": null,
      "all_day": false,
      "is_cancelled": false,
      "is_deletable": true,
      "entities": [
        51,
        74,
        77,
        79,
        80,
        81,
        83,
        84,
        85,
        86,
        87,
        88,
        89,
        90,
        103,
        117,
        118,
        119,
        120,
        121,
        122,
        123,
        124,
        125,
        126,
        127,
        128
      ]
    }
  },
  {
    "model": "agenda.calendaritem",
    "pk": 13,
    "fields": {
      "is_active": true,
      "deletion_datetime": null,
      "color": "#f7be2f",
      "entity_list": null,
      "icon": "sports_soccer",
      "visibility": "PUBLIC",
      "item_type": "example_app.match",
      "period": "{\"bounds\": \"[)\", \"lower\": \"2023-10-20T18:30:46+00:00\", \"upper\": \"2023-10-20T20:00:46+00:00\"}",
      "title": "Altona 93 vs. FC Teutonia Ottensen",
      "conference_room": null,
      "all_day": false,
      "is_cancelled": false,
      "is_deletable": true,
      "entities": [
        73,
        74,
        104,
        105,
        106,
        107,
        108,
        109,
        110,
        111,
        112,
        113,
        114,
        115,
        116,
        117,
        118,
        119,
        120,
        121,
        122,
        123,
        124,
        125,
        126,
        127,
        128
      ]
    }
  },
  {
    "model": "agenda.calendaritem",
    "pk": 14,
    "fields": {
      "is_active": true,
      "deletion_datetime": null,
      "color": "#f7be2f",
      "entity_list": null,
      "icon": "sports_soccer",
      "visibility": "PUBLIC",
      "item_type": "example_app.match",
      "period": "{\"bounds\": \"[)\", \"lower\": \"2023-10-22T13:30:29+00:00\", \"upper\": \"2023-10-22T15:00:29+00:00\"}",
      "title": "Hamburger SV vs. FC Teutonia Ottensen",
      "conference_room": null,
      "all_day": false,
      "is_cancelled": false,
      "is_deletable": true,
      "entities": [
        51,
        74,
        77,
        79,
        80,
        81,
        83,
        84,
        85,
        86,
        87,
        88,
        89,
        90,
        103,
        117,
        118,
        119,
        120,
        121,
        122,
        123,
        124,
        125,
        126,
        127,
        128
      ]
    }
  },
  {
    "model": "agenda.calendaritem",
    "pk": 15,
    "fields": {
      "is_active": true,
      "deletion_datetime": null,
      "color": "#f7be2f",
      "entity_list": null,
      "icon": "sports_soccer",
      "visibility": "PUBLIC",
      "item_type": "example_app.match",
      "period": "{\"bounds\": \"[)\", \"lower\": \"2023-10-28T18:30:14+00:00\", \"upper\": \"2023-10-28T20:00:14+00:00\"}",
      "title": "Hamburger SV vs. Altona 93",
      "conference_room": null,
      "all_day": false,
      "is_cancelled": false,
      "is_deletable": true,
      "entities": [
        51,
        73,
        77,
        79,
        80,
        81,
        83,
        84,
        85,
        86,
        87,
        88,
        89,
        90,
        104,
        105,
        106,
        107,
        108,
        109,
        110,
        111,
        112,
        113,
        114,
        115,
        116
      ]
    }
  },
  {
    "model": "agenda.calendaritem",
    "pk": 16,
    "fields": {
      "is_active": true,
      "deletion_datetime": null,
      "color": "#f7be2f",
      "entity_list": null,
      "icon": "sports_soccer",
      "visibility": "PUBLIC",
      "item_type": "example_app.match",
      "period": "{\"bounds\": \"[)\", \"lower\": \"2023-10-29T13:30:03+00:00\", \"upper\": \"2023-10-29T15:00:03+00:00\"}",
      "title": "FC St. Pauli vs. Altona 93",
      "conference_room": null,
      "all_day": false,
      "is_cancelled": false,
      "is_deletable": true,
      "entities": [
        52,
        73,
        78,
        91,
        92,
        93,
        94,
        95,
        96,
        97,
        98,
        99,
        100,
        101,
        102,
        104,
        105,
        106,
        107,
        108,
        109,
        110,
        111,
        112,
        113,
        114,
        115
      ]
    }
  },
  {
    "model": "agenda.calendaritem",
    "pk": 17,
    "fields": {
      "is_active": true,
      "deletion_datetime": null,
      "color": "#f7be2f",
      "entity_list": null,
      "icon": "sports_soccer",
      "visibility": "PUBLIC",
      "item_type": "example_app.match",
      "period": "{\"bounds\": \"[)\", \"lower\": \"2023-11-04T13:30:33+00:00\", \"upper\": \"2023-11-04T15:00:33+00:00\"}",
      "title": "FC Teutonia Ottensen vs. FC St. Pauli",
      "conference_room": null,
      "all_day": false,
      "is_cancelled": false,
      "is_deletable": true,
      "entities": [
        52,
        74,
        78,
        91,
        92,
        93,
        94,
        95,
        96,
        97,
        98,
        99,
        100,
        101,
        116,
        117,
        118,
        119,
        120,
        121,
        122,
        123,
        124,
        125,
        126,
        127,
        128
      ]
    }
  },
  {
    "model": "agenda.calendaritem",
    "pk": 18,
    "fields": {
      "is_active": true,
      "deletion_datetime": null,
      "color": "#f7be2f",
      "entity_list": null,
      "icon": "sports_soccer",
      "visibility": "PUBLIC",
      "item_type": "example_app.match",
      "period": "{\"bounds\": \"[)\", \"lower\": \"2023-10-20T17:00:06+00:00\", \"upper\": \"2023-10-20T18:00:06+00:00\"}",
      "title": "HSV Hamburg vs. THW Kiel",
      "conference_room": null,
      "all_day": false,
      "is_cancelled": false,
      "is_deletable": true,
      "entities": [
        75,
        76,
        129,
        130,
        131,
        132,
        133,
        134,
        135,
        136,
        137,
        138,
        139,
        140,
        141,
        142,
        143,
        144,
        145,
        146,
        147,
        148,
        149,
        151
      ]
    }
  },
  {
    "model": "agenda.calendaritem",
    "pk": 19,
    "fields": {
      "is_active": true,
      "deletion_datetime": null,
      "color": "#f7be2f",
      "entity_list": null,
      "icon": "sports_soccer",
      "visibility": "PUBLIC",
      "item_type": "example_app.match",
      "period": "{\"bounds\": \"[)\", \"lower\": \"2023-10-29T17:00:23+00:00\", \"upper\": \"2023-10-29T18:00:23+00:00\"}",
      "title": "THW Kiel vs. HSV Hamburg",
      "conference_room": null,
      "all_day": false,
      "is_cancelled": false,
      "is_deletable": true,
      "entities": [
        75,
        76,
        129,
        130,
        131,
        132,
        133,
        134,
        135,
        136,
        137,
        138,
        139,
        140,
        141,
        142,
        143,
        144,
        145,
        146,
        147,
        148,
        149,
        151
      ]
    }
  },
  {
    "model": "agenda.calendaritem",
    "pk": 20,
    "fields": {
      "is_active": true,
      "deletion_datetime": null,
      "color": "#f7be2f",
      "entity_list": null,
      "icon": "sports_soccer",
      "visibility": "PUBLIC",
      "item_type": "example_app.Match",
      "period": "{\"bounds\": \"[)\", \"lower\": \"2024-06-13T10:00:00+00:00\", \"upper\": \"2024-06-13T11:00:00+00:00\"}",
      "title": "Hamburger SV vs. HSV Hamburg",
      "conference_room": null,
      "all_day": false,
      "is_cancelled": false,
      "is_deletable": true,
      "entities": [
        51,
        75,
        77,
        79,
        80,
        81,
        83,
        84,
        85,
        86,
        87,
        88,
        89,
        90,
        129,
        142,
        143,
        144,
        145,
        146,
        147,
        148,
        149
      ]
    }
  },
  {
    "model": "directory.company",
    "pk": 51,
    "fields": {
      "type": null,
      "name": "Hamburger SV",
      "customer_status": null,
      "headcount": "",
      "tier": null,
      "description": ""
    }
  },
  {
    "model": "directory.company",
    "pk": 52,
    "fields": {
      "type": null,
      "name": "FC St. Pauli",
      "customer_status": null,
      "headcount": "",
      "tier": null,
      "description": ""
    }
  },
  {
    "model": "directory.company",
    "pk": 73,
    "fields": {
      "type": null,
      "name": "Altona 93",
      "customer_status": null,
      "headcount": "",
      "tier": null,
      "description": ""
    }
  },
  {
    "model": "directory.company",
    "pk": 74,
    "fields": {
      "type": null,
      "name": "FC Teutonia Ottensen",
      "customer_status": null,
      "headcount": "",
      "tier": null,
      "description": ""
    }
  },
  {
    "model": "directory.company",
    "pk": 75,
    "fields": {
      "type": null,
      "name": "HSV Hamburg",
      "customer_status": null,
      "headcount": "",
      "tier": null,
      "description": ""
    }
  },
  {
    "model": "directory.company",
    "pk": 76,
    "fields": {
      "type": null,
      "name": "THW Kiel",
      "customer_status": null,
      "headcount": "",
      "tier": null,
      "description": ""
    }
  },
  {
    "model": "directory.entry",
    "pk": 51,
    "fields": {
      "computed_str": "Hamburger SV",
      "is_active": true,
      "deletion_datetime": null,
      "uuid": "9b0ac430-fd0c-41e3-8320-1939e623a999",
      "entry_type": "Team",
      "additional_fields": {},
      "is_draft_entry": false,
      "activity_heat": 0.0,
      "slugify_computed_str": "hamburger sv",
      "profile_image": "",
      "signature": "",
      "external_identifier": null
    }
  },
  {
    "model": "directory.entry",
    "pk": 52,
    "fields": {
      "computed_str": "FC St. Pauli",
      "is_active": true,
      "deletion_datetime": null,
      "uuid": "8ece7931-bcf7-4d5c-a646-e37295b3a291",
      "entry_type": "Team",
      "additional_fields": {},
      "is_draft_entry": false,
      "activity_heat": 0.0,
      "slugify_computed_str": "fc st pauli",
      "profile_image": "",
      "signature": "",
      "external_identifier": null
    }
  },
  {
    "model": "directory.entry",
    "pk": 73,
    "fields": {
      "computed_str": "Altona 93",
      "is_active": true,
      "deletion_datetime": null,
      "uuid": "be6bf1c1-7cb7-468c-87b0-1c0f708701e2",
      "entry_type": "Team",
      "additional_fields": {},
      "is_draft_entry": false,
      "activity_heat": 0.0,
      "slugify_computed_str": "altona 93",
      "profile_image": "",
      "signature": "",
      "external_identifier": null
    }
  },
  {
    "model": "directory.entry",
    "pk": 74,
    "fields": {
      "computed_str": "FC Teutonia Ottensen",
      "is_active": true,
      "deletion_datetime": null,
      "uuid": "6185ec61-12f7-40b0-9265-d5bf3a43bc02",
      "entry_type": "Team",
      "additional_fields": {},
      "is_draft_entry": false,
      "activity_heat": 0.0,
      "slugify_computed_str": "fc teutonia ottensen",
      "profile_image": "",
      "signature": "",
      "external_identifier": null
    }
  },
  {
    "model": "directory.entry",
    "pk": 75,
    "fields": {
      "computed_str": "HSV Hamburg",
      "is_active": true,
      "deletion_datetime": null,
      "uuid": "0c2e5a4c-32fa-4537-b792-f91317f5f114",
      "entry_type": "Team",
      "additional_fields": {},
      "is_draft_entry": false,
      "activity_heat": 0.0,
      "slugify_computed_str": "hsv hamburg",
      "profile_image": "",
      "signature": "",
      "external_identifier": null
    }
  },
  {
    "model": "directory.entry",
    "pk": 76,
    "fields": {
      "computed_str": "THW Kiel",
      "is_active": true,
      "deletion_datetime": null,
      "uuid": "dc61ca9a-504b-41ed-8bf9-def04ee8da0f",
      "entry_type": "Team",
      "additional_fields": {},
      "is_draft_entry": false,
      "activity_heat": 0.0,
      "slugify_computed_str": "thw kiel",
      "profile_image": "",
      "signature": "",
      "external_identifier": null
    }
  }
]
