[
    {
        "model": "workflow.condition",
        "pk": 6,
        "fields": {
            "transition": 29,
            "attribute_name": "title",
            "operator": "==",
            "negate_operator": true,
            "expected_value": "This title was edited by ScriptStep2"
        }
    },
    {
        "model": "workflow.condition",
        "pk": 7,
        "fields": {
            "transition": 28,
            "attribute_name": "testdata",
            "operator": "==",
            "negate_operator": false,
            "expected_value": "22.06.2023 13:00:00"
        }
    },
    {
        "model": "workflow.data",
        "pk": 2,
        "fields": {
            "workflow": 3,
            "label": "TestData",
            "help_text": null,
            "data_type": "Date Time",
            "required": true,
            "default": null
        }
    },
    {
        "model": "workflow.display",
        "pk": 1,
        "fields": {
            "grid_template_areas": [
                [
                    "process__instance__result",
                    "state"
                ]
            ],
            "name": "ActivityDisplay"
        }
    },
    {
        "model": "workflow.transition",
        "pk": 1,
        "fields": {
            "name": "Workflow1Transition1",
            "from_step": 21,
            "to_step": 5,
            "icon": "arrow_forward"
        }
    },
    {
        "model": "workflow.transition",
        "pk": 2,
        "fields": {
            "name": "Workflow1Transition11",
            "from_step": 5,
            "to_step": 11,
            "icon": "account_balance"
        }
    },
    {
        "model": "workflow.transition",
        "pk": 3,
        "fields": {
            "name": "Workflow1Transition12",
            "from_step": 5,
            "to_step": 1,
            "icon": "account_box"
        }
    },
    {
        "model": "workflow.transition",
        "pk": 4,
        "fields": {
            "name": "Workflow1Transition21",
            "from_step": 11,
            "to_step": 7,
            "icon": "adf_scanner"
        }
    },
    {
        "model": "workflow.transition",
        "pk": 5,
        "fields": {
            "name": "Workflow1Transition22",
            "from_step": 1,
            "to_step": 7,
            "icon": "attractions"
        }
    },
    {
        "model": "workflow.transition",
        "pk": 8,
        "fields": {
            "name": "Workflow1Transition3",
            "from_step": 7,
            "to_step": 9,
            "icon": "align_vertical_top"
        }
    },
    {
        "model": "workflow.transition",
        "pk": 10,
        "fields": {
            "name": "Workflow1Transition4",
            "from_step": 9,
            "to_step": 3,
            "icon": "airlines"
        }
    },
    {
        "model": "workflow.transition",
        "pk": 14,
        "fields": {
            "name": "Workflow2Transition1",
            "from_step": 22,
            "to_step": 6,
            "icon": "add_card"
        }
    },
    {
        "model": "workflow.transition",
        "pk": 15,
        "fields": {
            "name": "Workflow2Transition11",
            "from_step": 6,
            "to_step": 12,
            "icon": "add_ic_call"
        }
    },
    {
        "model": "workflow.transition",
        "pk": 16,
        "fields": {
            "name": "Workflow2Transition12",
            "from_step": 6,
            "to_step": 2,
            "icon": "assignment_late"
        }
    },
    {
        "model": "workflow.transition",
        "pk": 17,
        "fields": {
            "name": "Workflow2Transition21",
            "from_step": 12,
            "to_step": 8,
            "icon": "assistant"
        }
    },
    {
        "model": "workflow.transition",
        "pk": 18,
        "fields": {
            "name": "Workflow2Transition22",
            "from_step": 2,
            "to_step": 8,
            "icon": "backspace"
        }
    },
    {
        "model": "workflow.transition",
        "pk": 20,
        "fields": {
            "name": "Workflow2Transition3",
            "from_step": 8,
            "to_step": 10,
            "icon": "airline_seat_legroom_reduced"
        }
    },
    {
        "model": "workflow.transition",
        "pk": 23,
        "fields": {
            "name": "Workflow2Transition4",
            "from_step": 10,
            "to_step": 4,
            "icon": "batch_prediction"
        }
    },
    {
        "model": "workflow.transition",
        "pk": 28,
        "fields": {
            "name": "Workflow1Transition51",
            "from_step": 3,
            "to_step": 20,
            "icon": "airline_seat_legroom_normal"
        }
    },
    {
        "model": "workflow.transition",
        "pk": 29,
        "fields": {
            "name": "Workflow2Transition51",
            "from_step": 4,
            "to_step": 19,
            "icon": "addchart"
        }
    },
    {
        "model": "workflow.transition",
        "pk": 30,
        "fields": {
            "name": "Workflow2Transition52",
            "from_step": 4,
            "to_step": 14,
            "icon": "assistant"
        }
    },
    {
        "model": "workflow.transition",
        "pk": 31,
        "fields": {
            "name": "Workflow1Transition52",
            "from_step": 3,
            "to_step": 13,
            "icon": "airlines"
        }
    },
    {
        "model": "workflow.step",
        "pk": 1,
        "fields": {
            "name": "UserStep1",
            "workflow": 3,
            "code": 1,
            "status": null,
            "step_type": "UserStep",
            "permission": null
        }
    },
    {
        "model": "workflow.step",
        "pk": 2,
        "fields": {
            "name": "UserStep2",
            "workflow": 4,
            "code": 2,
            "status": "PLANNED",
            "step_type": "UserStep",
            "permission": 365
        }
    },
    {
        "model": "workflow.step",
        "pk": 3,
        "fields": {
            "name": "DecisionStep1",
            "workflow": 3,
            "code": 3,
            "status": null,
            "step_type": "DecisionStep",
            "permission": null
        }
    },
    {
        "model": "workflow.step",
        "pk": 4,
        "fields": {
            "name": "DecisionStep2",
            "workflow": 4,
            "code": 4,
            "status": "PLANNED",
            "step_type": "DecisionStep",
            "permission": 363
        }
    },
    {
        "model": "workflow.step",
        "pk": 5,
        "fields": {
            "name": "SplitStep1",
            "workflow": 3,
            "code": 5,
            "status": null,
            "step_type": "SplitStep",
            "permission": null
        }
    },
    {
        "model": "workflow.step",
        "pk": 6,
        "fields": {
            "name": "SplitStep2",
            "workflow": 4,
            "code": 6,
            "status": "FINISHED",
            "step_type": "SplitStep",
            "permission": 366
        }
    },
    {
        "model": "workflow.step",
        "pk": 7,
        "fields": {
            "name": "JoinStep1",
            "workflow": 3,
            "code": 7,
            "status": null,
            "step_type": "JoinStep",
            "permission": null
        }
    },
    {
        "model": "workflow.step",
        "pk": 8,
        "fields": {
            "name": "JoinStep2",
            "workflow": 4,
            "code": 8,
            "status": "REVIEWED",
            "step_type": "JoinStep",
            "permission": 362
        }
    },
    {
        "model": "workflow.step",
        "pk": 9,
        "fields": {
            "name": "ScriptStep1",
            "workflow": 3,
            "code": 9,
            "status": null,
            "step_type": "ScriptStep",
            "permission": null
        }
    },
    {
        "model": "workflow.step",
        "pk": 10,
        "fields": {
            "name": "ScriptStep2",
            "workflow": 4,
            "code": 10,
            "status": "PLANNED",
            "step_type": "ScriptStep",
            "permission": 364
        }
    },
    {
        "model": "workflow.step",
        "pk": 11,
        "fields": {
            "name": "EmailStep1",
            "workflow": 3,
            "code": 11,
            "status": null,
            "step_type": "EmailStep",
            "permission": null
        }
    },
    {
        "model": "workflow.step",
        "pk": 12,
        "fields": {
            "name": "EmailStep2",
            "workflow": 4,
            "code": 12,
            "status": "REVIEWED",
            "step_type": "EmailStep",
            "permission": 365
        }
    },
    {
        "model": "workflow.step",
        "pk": 13,
        "fields": {
            "name": "FinishStep1",
            "workflow": 3,
            "code": 13,
            "status": null,
            "step_type": "FinishStep",
            "permission": null
        }
    },
    {
        "model": "workflow.step",
        "pk": 14,
        "fields": {
            "name": "FinishStep2",
            "workflow": 4,
            "code": 14,
            "status": "FINISHED",
            "step_type": "FinishStep",
            "permission": 363
        }
    },
    {
        "model": "workflow.step",
        "pk": 19,
        "fields": {
            "name": "UserStep3",
            "workflow": 4,
            "code": 17,
            "status": "PLANNED",
            "step_type": "UserStep",
            "permission": null
        }
    },
    {
        "model": "workflow.step",
        "pk": 20,
        "fields": {
            "name": "UserStep4",
            "workflow": 3,
            "code": 18,
            "status": "",
            "step_type": "UserStep",
            "permission": null
        }
    },
    {
        "model": "workflow.step",
        "pk": 21,
        "fields": {
            "name": "StartStep1",
            "workflow": 3,
            "code": 19,
            "status": "",
            "step_type": "StartStep",
            "permission": null
        }
    },
    {
        "model": "workflow.step",
        "pk": 22,
        "fields": {
            "name": "StartStep2",
            "workflow": 4,
            "code": 20,
            "status": "",
            "step_type": "StartStep",
            "permission": null
        }
    },
    {
        "model": "workflow.startstep",
        "pk": 21,
        "fields": {}
    },
    {
        "model": "workflow.startstep",
        "pk": 22,
        "fields": {}
    },
    {
        "model": "workflow.userstep",
        "pk": 1,
        "fields": {
            "assignee": 1,
            "notify_user": true,
            "group": null,
            "display": null
        }
    },
    {
        "model": "workflow.userstep",
        "pk": 2,
        "fields": {
            "assignee": 1,
            "notify_user": true,
            "group": null,
            "display": 1
        }
    },
    {
        "model": "workflow.userstep",
        "pk": 19,
        "fields": {
            "assignee": 1,
            "notify_user": true,
            "group": null,
            "display": 1
        }
    },
    {
        "model": "workflow.userstep",
        "pk": 20,
        "fields": {
            "assignee": 1,
            "notify_user": true,
            "group": null,
            "display": null
        }
    },
    {
        "model": "workflow.decisionstep",
        "pk": 3,
        "fields": {}
    },
    {
        "model": "workflow.decisionstep",
        "pk": 4,
        "fields": {}
    },
    {
        "model": "workflow.splitstep",
        "pk": 5,
        "fields": {}
    },
    {
        "model": "workflow.splitstep",
        "pk": 6,
        "fields": {}
    },
    {
        "model": "workflow.joinstep",
        "pk": 7,
        "fields": {
            "wait_for_all": false
        }
    },
    {
        "model": "workflow.joinstep",
        "pk": 8,
        "fields": {
            "wait_for_all": true
        }
    },
    {
        "model": "workflow.scriptstep",
        "pk": 9,
        "fields": {
            "script": "def run(process_step):\r\n   process_step.error_message = \"Script worked!\"\r\n   process_step.save()"
        }
    },
    {
        "model": "workflow.scriptstep",
        "pk": 10,
        "fields": {
            "script": "def run(process_step):\r\n   activity = process_step.process.instance\r\n   activity.title = \"This title was edited by ScriptStep2\"\r\n   activity.save()"
        }
    },
    {
        "model": "workflow.emailstep",
        "pk": 11,
        "fields": {
            "template": "workflow/templates/Test_Templates.txt/Test_Templates_jPzC3xN.txt",
            "subject": "WB Makes Me Sick",
            "to": [
                9
            ],
            "cc": [
                25
            ],
            "bcc": [
                18
            ]
        }
    },
    {
        "model": "workflow.emailstep",
        "pk": 12,
        "fields": {
            "template": "workflow/templates/Test_Templates.txt/Test_Templates_s7EXaCI.txt",
            "subject": "Meeting Tomorrow",
            "to": [
                6,
                34
            ],
            "cc": [],
            "bcc": [
                38
            ]
        }
    },
    {
        "model": "workflow.finishstep",
        "pk": 13,
        "fields": {
            "write_preserved_instance": false
        }
    },
    {
        "model": "workflow.finishstep",
        "pk": 14,
        "fields": {
            "write_preserved_instance": true
        }
    },
    {
        "model": "workflow.workflow",
        "pk": 3,
        "fields": {
            "name": "Workflow1",
            "single_instance_execution": false,
            "preserve_instance": false,
            "model": null,
            "status_field": ""
        }
    },
    {
        "model": "workflow.workflow",
        "pk": 4,
        "fields": {
            "name": "Workflow2",
            "single_instance_execution": true,
            "model": 91,
            "preserve_instance": true,
            "status_field": "status"
        }
    }
]
