REPLACE INTO "capacity_factor_tech" VALUES('Testregion',2000,'S1','TOD1','TechCurtailment',1.0,NULL);
REPLACE INTO "capacity_factor_tech" VALUES('Testregion',2000,'S1','TOD2','TechCurtailment',0.5,NULL);
REPLACE INTO "capacity_factor_tech" VALUES('Testregion',2000,'S1','TOD1','TechOrdinary',1.0,NULL);
REPLACE INTO "capacity_factor_tech" VALUES('Testregion',2000,'S1','TOD2','TechOrdinary',0.5,NULL);
REPLACE INTO "commodity" VALUES('annual_in', 's', NULL, NULL);
REPLACE INTO "commodity" VALUES('flex_in', 's', NULL, NULL);
REPLACE INTO "commodity" VALUES('ordinary_in', 's', NULL, NULL);
REPLACE INTO "commodity" VALUES('curtailment_in', 's', NULL, NULL);
REPLACE INTO "commodity" VALUES('annual_out', 'd', NULL, NULL);
REPLACE INTO "commodity" VALUES('flex_out', 'p', NULL, NULL);
REPLACE INTO "commodity" VALUES('ordinary_out', 'd', NULL, NULL);
REPLACE INTO "commodity" VALUES('curtailment_out', 'd', NULL, NULL);
REPLACE INTO "commodity" VALUES('emission', 'e', NULL, NULL);
REPLACE INTO "commodity" VALUES('flex_null', 'd', NULL, NULL);
REPLACE INTO "commodity" VALUES('annual_flex_out', 'p', NULL, NULL);
REPLACE INTO "commodity" VALUES('annual_flex_in', 's', NULL, NULL);
REPLACE INTO "commodity" VALUES('annual_flex_null', 'd', NULL, NULL);
REPLACE INTO "commodity" VALUES('embodied_in', 's', NULL, NULL);
REPLACE INTO "commodity" VALUES('embodied_out', 'd', NULL, NULL);
REPLACE INTO "commodity" VALUES('eol_in', 's', NULL, NULL);
REPLACE INTO "commodity" VALUES('eol_out', 'd', NULL, NULL);
REPLACE INTO "commodity_type" VALUES('w','waste commodity');
REPLACE INTO "commodity_type" VALUES('wa','waste annual commodity');
REPLACE INTO "commodity_type" VALUES('wp','waste physical commodity');
REPLACE INTO "commodity_type" VALUES('a','annual commodity');
REPLACE INTO "commodity_type" VALUES('p','physical commodity');
REPLACE INTO "commodity_type" VALUES('e','emissions commodity');
REPLACE INTO "commodity_type" VALUES('d','demand commodity');
REPLACE INTO "commodity_type" VALUES('s','source commodity');
REPLACE INTO "cost_emission" VALUES('Testregion',2000,'emission',0.7,NULL,NULL);
REPLACE INTO "cost_emission" VALUES('Testregion',2005,'emission',0.7,NULL,NULL);
REPLACE INTO "demand" VALUES('Testregion',2000,'annual_out',1.0,NULL,NULL);
REPLACE INTO "demand" VALUES('Testregion',2000,'ordinary_out',0.3,NULL,NULL);
REPLACE INTO "demand" VALUES('Testregion',2000,'curtailment_out',0.3,NULL,NULL);
REPLACE INTO "demand" VALUES('Testregion',2000,'flex_null',0.3,NULL,NULL);
REPLACE INTO "demand" VALUES('Testregion',2000,'annual_flex_null',0.3,NULL,NULL);
REPLACE INTO "demand" VALUES('Testregion',2000,'embodied_out',0.6,NULL,NULL);
REPLACE INTO "demand" VALUES('Testregion',2000,'eol_out',0.6,NULL,NULL);
REPLACE INTO "demand" VALUES('Testregion',2005,'ordinary_out',0.3,NULL,NULL);
REPLACE INTO "demand" VALUES('Testregion',2005,'annual_out',1.0,NULL,NULL);
REPLACE INTO "demand" VALUES('Testregion',2005,'curtailment_out',0.3,NULL,NULL);
REPLACE INTO "demand" VALUES('Testregion',2005,'flex_null',0.3,NULL,NULL);
REPLACE INTO "demand" VALUES('Testregion',2005,'annual_flex_null',0.3,NULL,NULL);
REPLACE INTO "demand" VALUES('Testregion',2005,'embodied_out',0.6,NULL,NULL);
REPLACE INTO "efficiency" VALUES('Testregion', 'annual_in', 'TechAnnual', 2000, 'annual_out', 1.0, NULL, NULL);
REPLACE INTO "efficiency" VALUES('Testregion', 'flex_in', 'TechFlex', 2000, 'flex_out', 1.0, NULL, NULL);
REPLACE INTO "efficiency" VALUES('Testregion', 'ordinary_in', 'TechOrdinary', 2000, 'ordinary_out', 1.0, NULL, NULL);
REPLACE INTO "efficiency" VALUES('Testregion', 'curtailment_in', 'TechCurtailment', 2000, 'curtailment_out', 1.0, NULL, NULL);
REPLACE INTO "efficiency" VALUES('Testregion', 'flex_out', 'TechFlexNull', 2000, 'flex_null', 1.0, NULL, NULL);
REPLACE INTO "efficiency" VALUES('Testregion', 'annual_flex_out', 'TechFlexNull', 2000, 'annual_flex_null', 1.0, NULL, NULL);
REPLACE INTO "efficiency" VALUES('Testregion', 'annual_flex_in', 'TechAnnualFlex', 2000, 'annual_flex_out', 1.0, NULL, NULL);
REPLACE INTO "efficiency" VALUES('Testregion', 'embodied_in', 'TechEmbodied', 2000, 'embodied_out', 1.0, NULL, NULL);
REPLACE INTO "efficiency" VALUES('Testregion', 'eol_in', 'TechEndOfLife', 2000, 'eol_out', 1.0, NULL, NULL);
REPLACE INTO "emission_activity" VALUES('Testregion','emission','annual_in','TechAnnual',2000,'annual_out',1.0,NULL,NULL);
REPLACE INTO "emission_activity" VALUES('Testregion','emission','flex_in','TechFlex',2000,'flex_out',1.0,NULL,NULL);
REPLACE INTO "emission_activity" VALUES('Testregion','emission','ordinary_in','TechOrdinary',2000,'ordinary_out',1.0,NULL,NULL);
REPLACE INTO "emission_activity" VALUES('Testregion','emission','curtailment_in','TechCurtailment',2000,'curtailment_out',1.0,NULL,NULL);
REPLACE INTO "emission_activity" VALUES('Testregion','emission','annual_flex_in','TechAnnualFlex',2000,'annual_flex_out',1.0,NULL,NULL);
REPLACE INTO "emission_embodied" VALUES('Testregion','emission','TechEmbodied',2000,0.5,NULL,NULL);
REPLACE INTO "emission_end_of_life" VALUES('Testregion','emission','TechEndOfLife',2000,0.5,NULL,NULL);
REPLACE INTO "lifetime_tech" VALUES('Testregion', 'TechEndOfLife', 5.0, NULL, NULL);
REPLACE INTO "limit_activity" VALUES('Testregion',2000,'TechFlex','ge',1.0,NULL,NULL);
REPLACE INTO "limit_activity" VALUES('Testregion',2000,'TechAnnualFlex','ge',1.0,NULL,NULL);
REPLACE INTO "limit_activity" VALUES('Testregion',2000,'TechFlex','le',1.0,NULL,NULL);
REPLACE INTO "limit_activity" VALUES('Testregion',2000,'TechAnnualFlex','le',1.0,NULL,NULL);
REPLACE INTO "limit_capacity" VALUES('Testregion',2000,'TechOrdinary','ge',1.0,NULL,NULL);
REPLACE INTO "limit_capacity" VALUES('Testregion',2000,'TechCurtailment','ge',1.0,NULL,NULL);
REPLACE INTO "limit_capacity" VALUES('Testregion',2000,'TechOrdinary','le',1.0,NULL,NULL);
REPLACE INTO "limit_capacity" VALUES('Testregion',2000,'TechCurtailment','le',1.0,NULL,NULL);
REPLACE INTO "metadata" VALUES('days_per_period',365,'count of days in each period');
REPLACE INTO "metadata" VALUES('DB_MAJOR',4,'');
REPLACE INTO "metadata" VALUES('DB_MINOR',0,'');
REPLACE INTO "metadata_real" VALUES('global_discount_rate',0.05,'Discount Rate for future costs');
REPLACE INTO "metadata_real" VALUES('default_loan_rate',0.05,'Default Loan Rate if not specified in loan_rate table');
REPLACE INTO "operator" VALUES('e','equal to');
REPLACE INTO "operator" VALUES('le','less than or equal to');
REPLACE INTO "operator" VALUES('ge','greater than or equal to');
REPLACE INTO "region" VALUES('Testregion',NULL);
REPLACE INTO "season_label" VALUES('S1',NULL);
REPLACE INTO "technology" VALUES('TechAnnual','p','energy',NULL,NULL,0,1,0,0,0,0,0,0,NULL);
REPLACE INTO "technology" VALUES('TechFlex','p','energy',NULL,NULL,0,0,0,0,0,1,0,0,NULL);
REPLACE INTO "technology" VALUES('TechOrdinary','p','energy',NULL,NULL,0,0,0,0,0,0,0,0,NULL);
REPLACE INTO "technology" VALUES('TechCurtailment','p','energy',NULL,NULL,0,0,0,1,0,0,0,0,NULL);
REPLACE INTO "technology" VALUES('TechFlexNull','p','energy',NULL,NULL,0,0,0,0,0,0,0,0,NULL);
REPLACE INTO "technology" VALUES('TechAnnualFlex','p','energy',NULL,NULL,0,1,0,0,0,1,0,0,NULL);
REPLACE INTO "technology" VALUES('TechEmbodied','p','energy',NULL,NULL,0,0,0,0,0,0,0,0,NULL);
REPLACE INTO "technology" VALUES('TechEndOfLife','p','energy',NULL,NULL,0,0,0,0,0,0,0,0,NULL);
REPLACE INTO "technology_type" VALUES('p','production technology');
REPLACE INTO "technology_type" VALUES('pb','baseload production technology');
REPLACE INTO "technology_type" VALUES('ps','storage production technology');
REPLACE INTO "time_of_day" VALUES(1,'TOD1');
REPLACE INTO "time_of_day" VALUES(2,'TOD2');
REPLACE INTO "time_period" VALUES(1,1999,'e');
REPLACE INTO "time_period" VALUES(2,2000,'f');
REPLACE INTO "time_period" VALUES(3,2005,'f');
REPLACE INTO "time_period" VALUES(4,2010,'f');
REPLACE INTO "time_period_type" VALUES('e','existing vintages');
REPLACE INTO "time_period_type" VALUES('f','future');
REPLACE INTO "time_season" VALUES(2000,1,'S1',NULL);
REPLACE INTO "time_season" VALUES(2005,1,'S1',NULL);
REPLACE INTO "time_segment_fraction" VALUES(2000,'S1','TOD1',0.5,NULL);
REPLACE INTO "time_segment_fraction" VALUES(2000,'S1','TOD2',0.5,NULL);
REPLACE INTO "time_segment_fraction" VALUES(2005,'S1','TOD1',0.5,NULL);
REPLACE INTO "time_segment_fraction" VALUES(2005,'S1','TOD2',0.5,NULL);
