REPLACE INTO "capacity_factor_tech" VALUES('regionA',2000,'summer','morning','SOL_PV',0.3,NULL);
REPLACE INTO "capacity_factor_tech" VALUES('regionA',2000,'autumn','morning','SOL_PV',0.2,NULL);
REPLACE INTO "capacity_factor_tech" VALUES('regionA',2000,'winter','morning','SOL_PV',0.1,NULL);
REPLACE INTO "capacity_factor_tech" VALUES('regionA',2000,'spring','morning','SOL_PV',0.2,NULL);
REPLACE INTO "capacity_factor_tech" VALUES('regionA',2000,'summer','afternoon','SOL_PV',0.3,NULL);
REPLACE INTO "capacity_factor_tech" VALUES('regionA',2000,'autumn','afternoon','SOL_PV',0.2,NULL);
REPLACE INTO "capacity_factor_tech" VALUES('regionA',2000,'winter','afternoon','SOL_PV',0.1,NULL);
REPLACE INTO "capacity_factor_tech" VALUES('regionA',2000,'spring','afternoon','SOL_PV',0.2,NULL);
REPLACE INTO "capacity_factor_tech" VALUES('regionA',2000,'summer','evening','SOL_PV',0.1,NULL);
REPLACE INTO "capacity_factor_tech" VALUES('regionA',2000,'autumn','evening','SOL_PV',0.0,NULL);
REPLACE INTO "capacity_factor_tech" VALUES('regionA',2000,'winter','evening','SOL_PV',0.0,NULL);
REPLACE INTO "capacity_factor_tech" VALUES('regionA',2000,'spring','evening','SOL_PV',0.0,NULL);
REPLACE INTO "capacity_factor_tech" VALUES('regionA',2000,'summer','overnight','SOL_PV',0.0,NULL);
REPLACE INTO "capacity_factor_tech" VALUES('regionA',2000,'autumn','overnight','SOL_PV',0.0,NULL);
REPLACE INTO "capacity_factor_tech" VALUES('regionA',2000,'winter','overnight','SOL_PV',0.0,NULL);
REPLACE INTO "capacity_factor_tech" VALUES('regionA',2000,'spring','overnight','SOL_PV',0.0,NULL);
REPLACE INTO "capacity_factor_tech" VALUES('regionA',2010,'summer','morning','SOL_PV',0.3,NULL);
REPLACE INTO "capacity_factor_tech" VALUES('regionA',2010,'autumn','morning','SOL_PV',0.2,NULL);
REPLACE INTO "capacity_factor_tech" VALUES('regionA',2010,'winter','morning','SOL_PV',0.1,NULL);
REPLACE INTO "capacity_factor_tech" VALUES('regionA',2010,'spring','morning','SOL_PV',0.2,NULL);
REPLACE INTO "capacity_factor_tech" VALUES('regionA',2010,'summer','afternoon','SOL_PV',0.3,NULL);
REPLACE INTO "capacity_factor_tech" VALUES('regionA',2010,'autumn','afternoon','SOL_PV',0.2,NULL);
REPLACE INTO "capacity_factor_tech" VALUES('regionA',2010,'winter','afternoon','SOL_PV',0.1,NULL);
REPLACE INTO "capacity_factor_tech" VALUES('regionA',2010,'spring','afternoon','SOL_PV',0.2,NULL);
REPLACE INTO "capacity_factor_tech" VALUES('regionA',2010,'summer','evening','SOL_PV',0.1,NULL);
REPLACE INTO "capacity_factor_tech" VALUES('regionA',2010,'autumn','evening','SOL_PV',0.0,NULL);
REPLACE INTO "capacity_factor_tech" VALUES('regionA',2010,'winter','evening','SOL_PV',0.0,NULL);
REPLACE INTO "capacity_factor_tech" VALUES('regionA',2010,'spring','evening','SOL_PV',0.0,NULL);
REPLACE INTO "capacity_factor_tech" VALUES('regionA',2010,'summer','overnight','SOL_PV',0.0,NULL);
REPLACE INTO "capacity_factor_tech" VALUES('regionA',2010,'autumn','overnight','SOL_PV',0.0,NULL);
REPLACE INTO "capacity_factor_tech" VALUES('regionA',2010,'winter','overnight','SOL_PV',0.0,NULL);
REPLACE INTO "capacity_factor_tech" VALUES('regionA',2010,'spring','overnight','SOL_PV',0.0,NULL);
REPLACE INTO "capacity_factor_tech" VALUES('regionA',2020,'summer','morning','SOL_PV',0.3,NULL);
REPLACE INTO "capacity_factor_tech" VALUES('regionA',2020,'autumn','morning','SOL_PV',0.2,NULL);
REPLACE INTO "capacity_factor_tech" VALUES('regionA',2020,'winter','morning','SOL_PV',0.1,NULL);
REPLACE INTO "capacity_factor_tech" VALUES('regionA',2020,'spring','morning','SOL_PV',0.2,NULL);
REPLACE INTO "capacity_factor_tech" VALUES('regionA',2020,'summer','afternoon','SOL_PV',0.3,NULL);
REPLACE INTO "capacity_factor_tech" VALUES('regionA',2020,'autumn','afternoon','SOL_PV',0.2,NULL);
REPLACE INTO "capacity_factor_tech" VALUES('regionA',2020,'winter','afternoon','SOL_PV',0.1,NULL);
REPLACE INTO "capacity_factor_tech" VALUES('regionA',2020,'spring','afternoon','SOL_PV',0.2,NULL);
REPLACE INTO "capacity_factor_tech" VALUES('regionA',2020,'summer','evening','SOL_PV',0.1,NULL);
REPLACE INTO "capacity_factor_tech" VALUES('regionA',2020,'autumn','evening','SOL_PV',0.0,NULL);
REPLACE INTO "capacity_factor_tech" VALUES('regionA',2020,'winter','evening','SOL_PV',0.0,NULL);
REPLACE INTO "capacity_factor_tech" VALUES('regionA',2020,'spring','evening','SOL_PV',0.0,NULL);
REPLACE INTO "capacity_factor_tech" VALUES('regionA',2020,'summer','overnight','SOL_PV',0.0,NULL);
REPLACE INTO "capacity_factor_tech" VALUES('regionA',2020,'autumn','overnight','SOL_PV',0.0,NULL);
REPLACE INTO "capacity_factor_tech" VALUES('regionA',2020,'winter','overnight','SOL_PV',0.0,NULL);
REPLACE INTO "capacity_factor_tech" VALUES('regionA',2020,'spring','overnight','SOL_PV',0.0,NULL);
REPLACE INTO "capacity_factor_tech" VALUES('regionB',2000,'summer','morning','SOL_PV',0.3,NULL);
REPLACE INTO "capacity_factor_tech" VALUES('regionB',2000,'autumn','morning','SOL_PV',0.2,NULL);
REPLACE INTO "capacity_factor_tech" VALUES('regionB',2000,'winter','morning','SOL_PV',0.1,NULL);
REPLACE INTO "capacity_factor_tech" VALUES('regionB',2000,'spring','morning','SOL_PV',0.2,NULL);
REPLACE INTO "capacity_factor_tech" VALUES('regionB',2000,'summer','afternoon','SOL_PV',0.3,NULL);
REPLACE INTO "capacity_factor_tech" VALUES('regionB',2000,'autumn','afternoon','SOL_PV',0.2,NULL);
REPLACE INTO "capacity_factor_tech" VALUES('regionB',2000,'winter','afternoon','SOL_PV',0.1,NULL);
REPLACE INTO "capacity_factor_tech" VALUES('regionB',2000,'spring','afternoon','SOL_PV',0.2,NULL);
REPLACE INTO "capacity_factor_tech" VALUES('regionB',2000,'summer','evening','SOL_PV',0.1,NULL);
REPLACE INTO "capacity_factor_tech" VALUES('regionB',2000,'autumn','evening','SOL_PV',0.0,NULL);
REPLACE INTO "capacity_factor_tech" VALUES('regionB',2000,'winter','evening','SOL_PV',0.0,NULL);
REPLACE INTO "capacity_factor_tech" VALUES('regionB',2000,'spring','evening','SOL_PV',0.0,NULL);
REPLACE INTO "capacity_factor_tech" VALUES('regionB',2000,'summer','overnight','SOL_PV',0.0,NULL);
REPLACE INTO "capacity_factor_tech" VALUES('regionB',2000,'autumn','overnight','SOL_PV',0.0,NULL);
REPLACE INTO "capacity_factor_tech" VALUES('regionB',2000,'winter','overnight','SOL_PV',0.0,NULL);
REPLACE INTO "capacity_factor_tech" VALUES('regionB',2000,'spring','overnight','SOL_PV',0.0,NULL);
REPLACE INTO "capacity_factor_tech" VALUES('regionB',2010,'summer','morning','SOL_PV',0.3,NULL);
REPLACE INTO "capacity_factor_tech" VALUES('regionB',2010,'autumn','morning','SOL_PV',0.2,NULL);
REPLACE INTO "capacity_factor_tech" VALUES('regionB',2010,'winter','morning','SOL_PV',0.1,NULL);
REPLACE INTO "capacity_factor_tech" VALUES('regionB',2010,'spring','morning','SOL_PV',0.2,NULL);
REPLACE INTO "capacity_factor_tech" VALUES('regionB',2010,'summer','afternoon','SOL_PV',0.3,NULL);
REPLACE INTO "capacity_factor_tech" VALUES('regionB',2010,'autumn','afternoon','SOL_PV',0.2,NULL);
REPLACE INTO "capacity_factor_tech" VALUES('regionB',2010,'winter','afternoon','SOL_PV',0.1,NULL);
REPLACE INTO "capacity_factor_tech" VALUES('regionB',2010,'spring','afternoon','SOL_PV',0.2,NULL);
REPLACE INTO "capacity_factor_tech" VALUES('regionB',2010,'summer','evening','SOL_PV',0.1,NULL);
REPLACE INTO "capacity_factor_tech" VALUES('regionB',2010,'autumn','evening','SOL_PV',0.0,NULL);
REPLACE INTO "capacity_factor_tech" VALUES('regionB',2010,'winter','evening','SOL_PV',0.0,NULL);
REPLACE INTO "capacity_factor_tech" VALUES('regionB',2010,'spring','evening','SOL_PV',0.0,NULL);
REPLACE INTO "capacity_factor_tech" VALUES('regionB',2010,'summer','overnight','SOL_PV',0.0,NULL);
REPLACE INTO "capacity_factor_tech" VALUES('regionB',2010,'autumn','overnight','SOL_PV',0.0,NULL);
REPLACE INTO "capacity_factor_tech" VALUES('regionB',2010,'winter','overnight','SOL_PV',0.0,NULL);
REPLACE INTO "capacity_factor_tech" VALUES('regionB',2010,'spring','overnight','SOL_PV',0.0,NULL);
REPLACE INTO "capacity_factor_tech" VALUES('regionB',2020,'summer','morning','SOL_PV',0.3,NULL);
REPLACE INTO "capacity_factor_tech" VALUES('regionB',2020,'autumn','morning','SOL_PV',0.2,NULL);
REPLACE INTO "capacity_factor_tech" VALUES('regionB',2020,'winter','morning','SOL_PV',0.1,NULL);
REPLACE INTO "capacity_factor_tech" VALUES('regionB',2020,'spring','morning','SOL_PV',0.2,NULL);
REPLACE INTO "capacity_factor_tech" VALUES('regionB',2020,'summer','afternoon','SOL_PV',0.3,NULL);
REPLACE INTO "capacity_factor_tech" VALUES('regionB',2020,'autumn','afternoon','SOL_PV',0.2,NULL);
REPLACE INTO "capacity_factor_tech" VALUES('regionB',2020,'winter','afternoon','SOL_PV',0.1,NULL);
REPLACE INTO "capacity_factor_tech" VALUES('regionB',2020,'spring','afternoon','SOL_PV',0.2,NULL);
REPLACE INTO "capacity_factor_tech" VALUES('regionB',2020,'summer','evening','SOL_PV',0.1,NULL);
REPLACE INTO "capacity_factor_tech" VALUES('regionB',2020,'autumn','evening','SOL_PV',0.0,NULL);
REPLACE INTO "capacity_factor_tech" VALUES('regionB',2020,'winter','evening','SOL_PV',0.0,NULL);
REPLACE INTO "capacity_factor_tech" VALUES('regionB',2020,'spring','evening','SOL_PV',0.0,NULL);
REPLACE INTO "capacity_factor_tech" VALUES('regionB',2020,'summer','overnight','SOL_PV',0.0,NULL);
REPLACE INTO "capacity_factor_tech" VALUES('regionB',2020,'autumn','overnight','SOL_PV',0.0,NULL);
REPLACE INTO "capacity_factor_tech" VALUES('regionB',2020,'winter','overnight','SOL_PV',0.0,NULL);
REPLACE INTO "capacity_factor_tech" VALUES('regionB',2020,'spring','overnight','SOL_PV',0.0,NULL);
REPLACE INTO "commodity" VALUES('ethos', 's', 'import dummy source', NULL);
REPLACE INTO "commodity" VALUES('electricity', 'p', 'grid electricity', NULL);
REPLACE INTO "commodity" VALUES('passenger_km', 'd', 'demand for passenger km', NULL);
REPLACE INTO "commodity" VALUES('battery_nmc', 'a', 'battery - lithium nickel manganese cobalt oxide', NULL);
REPLACE INTO "commodity" VALUES('battery_lfp', 'a', 'battery - lithium iron phosphate', NULL);
REPLACE INTO "commodity" VALUES('lithium', 'a', 'lithium', NULL);
REPLACE INTO "commodity" VALUES('cobalt', 'a', 'cobalt', NULL);
REPLACE INTO "commodity" VALUES('phosphorous', 'a', 'phosphorous', NULL);
REPLACE INTO "commodity" VALUES('diesel', 'a', 'diesel', NULL);
REPLACE INTO "commodity" VALUES('heating', 'd', 'demand for residential heating', NULL);
REPLACE INTO "commodity" VALUES('nickel', 'a', 'nickel', NULL);
REPLACE INTO "commodity" VALUES('used_batt_nmc', 'wa', 'used battery - lithium nickel manganese cobalt oxide', NULL);
REPLACE INTO "commodity" VALUES('used_batt_lfp', 'wa', 'used battery - lithium iron phosphate', NULL);
REPLACE INTO "commodity" VALUES('co2e', 'e', 'emitted co2-equivalent GHGs', NULL);
REPLACE INTO "commodity" VALUES('waste_steel', 'w', 'waste steel from cars', NULL);
REPLACE INTO "commodity_type" VALUES('w','waste commodity');
REPLACE INTO "commodity_type" VALUES('wa','waste annual commodity');
REPLACE INTO "commodity_type" VALUES('wp','waste physical commodity');
REPLACE INTO "commodity_type" VALUES('a','annual commodity');
REPLACE INTO "commodity_type" VALUES('p','physical commodity');
REPLACE INTO "commodity_type" VALUES('e','emissions commodity');
REPLACE INTO "commodity_type" VALUES('d','demand commodity');
REPLACE INTO "commodity_type" VALUES('s','source commodity');
REPLACE INTO "construction_input" VALUES('regionA','battery_nmc','CAR_BEV',2000,1.0,NULL,NULL);
REPLACE INTO "construction_input" VALUES('regionA','battery_lfp','CAR_PHEV',2000,0.1,NULL,NULL);
REPLACE INTO "construction_input" VALUES('regionA','battery_nmc','CAR_BEV',2010,1.0,NULL,NULL);
REPLACE INTO "construction_input" VALUES('regionA','battery_lfp','CAR_PHEV',2010,0.1,NULL,NULL);
REPLACE INTO "construction_input" VALUES('regionA','battery_nmc','CAR_BEV',2020,1.0,NULL,NULL);
REPLACE INTO "construction_input" VALUES('regionA','battery_lfp','CAR_PHEV',2020,0.1,NULL,NULL);
REPLACE INTO "construction_input" VALUES('regionB','battery_nmc','CAR_BEV',2000,1.0,NULL,NULL);
REPLACE INTO "construction_input" VALUES('regionB','battery_lfp','CAR_PHEV',2000,0.1,NULL,NULL);
REPLACE INTO "construction_input" VALUES('regionB','battery_nmc','CAR_BEV',2010,1.0,NULL,NULL);
REPLACE INTO "construction_input" VALUES('regionB','battery_lfp','CAR_PHEV',2010,0.1,NULL,NULL);
REPLACE INTO "construction_input" VALUES('regionB','battery_nmc','CAR_BEV',2020,1.0,NULL,NULL);
REPLACE INTO "construction_input" VALUES('regionB','battery_lfp','CAR_PHEV',2020,0.1,NULL,NULL);
REPLACE INTO "cost_emission" VALUES('regionA',2000,'co2e',1.0,NULL,NULL);
REPLACE INTO "cost_emission" VALUES('regionA',2010,'co2e',1.0,NULL,NULL);
REPLACE INTO "cost_emission" VALUES('regionA',2020,'co2e',1.0,NULL,NULL);
REPLACE INTO "cost_emission" VALUES('regionB',2000,'co2e',1.0,NULL,NULL);
REPLACE INTO "cost_emission" VALUES('regionB',2010,'co2e',1.0,NULL,NULL);
REPLACE INTO "cost_emission" VALUES('regionB',2020,'co2e',1.0,NULL,NULL);
REPLACE INTO "cost_invest" VALUES('regionA','CAR_BEV',2000,1.0,NULL,NULL);
REPLACE INTO "cost_invest" VALUES('regionA','CAR_BEV',2010,1.0,NULL,NULL);
REPLACE INTO "cost_invest" VALUES('regionA','CAR_BEV',2020,1.0,NULL,NULL);
REPLACE INTO "cost_invest" VALUES('regionA','CAR_PHEV',2000,1.0,NULL,NULL);
REPLACE INTO "cost_invest" VALUES('regionA','CAR_PHEV',2010,1.0,NULL,NULL);
REPLACE INTO "cost_invest" VALUES('regionA','CAR_PHEV',2020,1.0,NULL,NULL);
REPLACE INTO "cost_invest" VALUES('regionA','CAR_ICE',2000,1.0,NULL,NULL);
REPLACE INTO "cost_invest" VALUES('regionA','CAR_ICE',2010,1.0,NULL,NULL);
REPLACE INTO "cost_invest" VALUES('regionA','CAR_ICE',2020,1.0,NULL,NULL);
REPLACE INTO "cost_invest" VALUES('regionA','RECYCLE_NMC',2000,1.0,NULL,NULL);
REPLACE INTO "cost_invest" VALUES('regionA','RECYCLE_LFP',2000,1.0,NULL,NULL);
REPLACE INTO "cost_invest" VALUES('regionA','MANUFAC_NMC',2000,1.0,NULL,NULL);
REPLACE INTO "cost_invest" VALUES('regionA','MANUFAC_LFP',2000,1.0,NULL,NULL);
REPLACE INTO "cost_invest" VALUES('regionA','BATT_GRID',2000,1.0,NULL,NULL);
REPLACE INTO "cost_invest" VALUES('regionA','SOL_PV',2000,10.0,NULL,NULL);
REPLACE INTO "cost_invest" VALUES('regionA','GEN_DSL',2000,2.0,NULL,NULL);
REPLACE INTO "cost_invest" VALUES('regionB','CAR_BEV',2000,1.0,NULL,NULL);
REPLACE INTO "cost_invest" VALUES('regionB','CAR_BEV',2010,1.0,NULL,NULL);
REPLACE INTO "cost_invest" VALUES('regionB','CAR_BEV',2020,1.0,NULL,NULL);
REPLACE INTO "cost_invest" VALUES('regionB','CAR_PHEV',2000,1.0,NULL,NULL);
REPLACE INTO "cost_invest" VALUES('regionB','CAR_PHEV',2010,1.0,NULL,NULL);
REPLACE INTO "cost_invest" VALUES('regionB','CAR_PHEV',2020,1.0,NULL,NULL);
REPLACE INTO "cost_invest" VALUES('regionB','CAR_ICE',2000,1.0,NULL,NULL);
REPLACE INTO "cost_invest" VALUES('regionB','CAR_ICE',2010,1.0,NULL,NULL);
REPLACE INTO "cost_invest" VALUES('regionB','CAR_ICE',2020,1.0,NULL,NULL);
REPLACE INTO "cost_invest" VALUES('regionB','RECYCLE_NMC',2000,1.0,NULL,NULL);
REPLACE INTO "cost_invest" VALUES('regionB','RECYCLE_LFP',2000,1.0,NULL,NULL);
REPLACE INTO "cost_invest" VALUES('regionB','MANUFAC_NMC',2000,1.0,NULL,NULL);
REPLACE INTO "cost_invest" VALUES('regionB','MANUFAC_LFP',2000,1.0,NULL,NULL);
REPLACE INTO "cost_invest" VALUES('regionB','BATT_GRID',2000,1.0,NULL,NULL);
REPLACE INTO "cost_invest" VALUES('regionB','GEN_DSL',2000,2.0,NULL,NULL);
REPLACE INTO "cost_invest" VALUES('regionA-regionB','ELEC_INTERTIE',2000,1.0,NULL,NULL);
REPLACE INTO "cost_invest" VALUES('regionB-regionA','ELEC_INTERTIE',2000,1.0,NULL,NULL);
REPLACE INTO "cost_invest" VALUES('regionB','SOL_PV',2000,1.0,NULL,NULL);
REPLACE INTO "cost_variable" VALUES('regionA',2000,'IMPORT_DSL',2000,1.0,NULL,NULL);
REPLACE INTO "cost_variable" VALUES('regionA',2010,'IMPORT_DSL',2000,1.0,NULL,NULL);
REPLACE INTO "cost_variable" VALUES('regionA',2020,'IMPORT_DSL',2000,1.0,NULL,NULL);
REPLACE INTO "cost_variable" VALUES('regionA',2000,'IMPORT_LI',2000,2.0,NULL,NULL);
REPLACE INTO "cost_variable" VALUES('regionA',2010,'IMPORT_LI',2000,2.0,NULL,NULL);
REPLACE INTO "cost_variable" VALUES('regionA',2020,'IMPORT_LI',2000,2.0,NULL,NULL);
REPLACE INTO "cost_variable" VALUES('regionA',2000,'IMPORT_NI',2000,1.0,NULL,NULL);
REPLACE INTO "cost_variable" VALUES('regionA',2010,'IMPORT_NI',2000,1.0,NULL,NULL);
REPLACE INTO "cost_variable" VALUES('regionA',2020,'IMPORT_NI',2000,1.0,NULL,NULL);
REPLACE INTO "cost_variable" VALUES('regionA',2000,'IMPORT_CO',2000,5.0,NULL,NULL);
REPLACE INTO "cost_variable" VALUES('regionA',2010,'IMPORT_CO',2000,5.0,NULL,NULL);
REPLACE INTO "cost_variable" VALUES('regionA',2020,'IMPORT_CO',2000,5.0,NULL,NULL);
REPLACE INTO "cost_variable" VALUES('regionA',2000,'IMPORT_P',2000,3.0,NULL,NULL);
REPLACE INTO "cost_variable" VALUES('regionA',2010,'IMPORT_P',2000,3.0,NULL,NULL);
REPLACE INTO "cost_variable" VALUES('regionA',2020,'IMPORT_P',2000,3.0,NULL,NULL);
REPLACE INTO "cost_variable" VALUES('regionA',2000,'DOMESTIC_NI',2000,0.5,NULL,NULL);
REPLACE INTO "cost_variable" VALUES('regionA',2010,'DOMESTIC_NI',2000,0.5,NULL,NULL);
REPLACE INTO "cost_variable" VALUES('regionA',2020,'DOMESTIC_NI',2000,0.5,NULL,NULL);
REPLACE INTO "cost_variable" VALUES('regionB',2000,'IMPORT_DSL',2000,1.0,NULL,NULL);
REPLACE INTO "cost_variable" VALUES('regionB',2010,'IMPORT_DSL',2000,1.0,NULL,NULL);
REPLACE INTO "cost_variable" VALUES('regionB',2020,'IMPORT_DSL',2000,1.0,NULL,NULL);
REPLACE INTO "cost_variable" VALUES('regionB',2000,'IMPORT_LI',2000,2.0,NULL,NULL);
REPLACE INTO "cost_variable" VALUES('regionB',2010,'IMPORT_LI',2000,2.0,NULL,NULL);
REPLACE INTO "cost_variable" VALUES('regionB',2020,'IMPORT_LI',2000,2.0,NULL,NULL);
REPLACE INTO "cost_variable" VALUES('regionB',2000,'IMPORT_NI',2000,1.0,NULL,NULL);
REPLACE INTO "cost_variable" VALUES('regionB',2010,'IMPORT_NI',2000,1.0,NULL,NULL);
REPLACE INTO "cost_variable" VALUES('regionB',2020,'IMPORT_NI',2000,1.0,NULL,NULL);
REPLACE INTO "cost_variable" VALUES('regionB',2000,'IMPORT_CO',2000,5.0,NULL,NULL);
REPLACE INTO "cost_variable" VALUES('regionB',2010,'IMPORT_CO',2000,5.0,NULL,NULL);
REPLACE INTO "cost_variable" VALUES('regionB',2020,'IMPORT_CO',2000,5.0,NULL,NULL);
REPLACE INTO "cost_variable" VALUES('regionB',2000,'IMPORT_P',2000,3.0,NULL,NULL);
REPLACE INTO "cost_variable" VALUES('regionB',2010,'IMPORT_P',2000,3.0,NULL,NULL);
REPLACE INTO "cost_variable" VALUES('regionB',2020,'IMPORT_P',2000,3.0,NULL,NULL);
REPLACE INTO "cost_variable" VALUES('regionB',2000,'DOMESTIC_NI',2000,0.5,NULL,NULL);
REPLACE INTO "cost_variable" VALUES('regionB',2010,'DOMESTIC_NI',2000,0.5,NULL,NULL);
REPLACE INTO "cost_variable" VALUES('regionB',2020,'DOMESTIC_NI',2000,0.5,NULL,NULL);
REPLACE INTO "demand" VALUES('regionA',2000,'passenger_km',1.0,NULL,NULL);
REPLACE INTO "demand" VALUES('regionA',2010,'passenger_km',1.0,NULL,NULL);
REPLACE INTO "demand" VALUES('regionA',2020,'passenger_km',1.0,NULL,NULL);
REPLACE INTO "demand" VALUES('regionA',2000,'heating',1.0,NULL,NULL);
REPLACE INTO "demand" VALUES('regionA',2010,'heating',1.0,NULL,NULL);
REPLACE INTO "demand" VALUES('regionA',2020,'heating',1.0,NULL,NULL);
REPLACE INTO "demand" VALUES('regionB',2000,'passenger_km',1.0,NULL,NULL);
REPLACE INTO "demand" VALUES('regionB',2010,'passenger_km',1.0,NULL,NULL);
REPLACE INTO "demand" VALUES('regionB',2020,'passenger_km',1.0,NULL,NULL);
REPLACE INTO "demand" VALUES('regionB',2000,'heating',1.0,NULL,NULL);
REPLACE INTO "demand" VALUES('regionB',2010,'heating',1.0,NULL,NULL);
REPLACE INTO "demand" VALUES('regionB',2020,'heating',1.0,NULL,NULL);
REPLACE INTO "efficiency" VALUES('regionA', 'ethos', 'DOMESTIC_NI', 2000, 'nickel', 1.0, NULL, NULL);
REPLACE INTO "efficiency" VALUES('regionA', 'ethos', 'IMPORT_LI', 2000, 'lithium', 1.0, NULL, NULL);
REPLACE INTO "efficiency" VALUES('regionA', 'ethos', 'IMPORT_NI', 2000, 'nickel', 1.0, NULL, NULL);
REPLACE INTO "efficiency" VALUES('regionA', 'ethos', 'IMPORT_CO', 2000, 'cobalt', 1.0, NULL, NULL);
REPLACE INTO "efficiency" VALUES('regionA', 'ethos', 'IMPORT_P', 2000, 'phosphorous', 1.0, NULL, NULL);
REPLACE INTO "efficiency" VALUES('regionA', 'used_batt_nmc', 'RECYCLE_NMC', 2000, 'battery_nmc', 0.2, NULL, NULL);
REPLACE INTO "efficiency" VALUES('regionA', 'used_batt_lfp', 'RECYCLE_LFP', 2000, 'battery_lfp', 0.2, NULL, NULL);
REPLACE INTO "efficiency" VALUES('regionA', 'lithium', 'MANUFAC_NMC', 2000, 'battery_nmc', 1.0, NULL, NULL);
REPLACE INTO "efficiency" VALUES('regionA', 'nickel', 'MANUFAC_NMC', 2000, 'battery_nmc', 1.0, NULL, NULL);
REPLACE INTO "efficiency" VALUES('regionA', 'cobalt', 'MANUFAC_NMC', 2000, 'battery_nmc', 1.0, NULL, NULL);
REPLACE INTO "efficiency" VALUES('regionA', 'lithium', 'MANUFAC_LFP', 2000, 'battery_lfp', 1.0, NULL, NULL);
REPLACE INTO "efficiency" VALUES('regionA', 'phosphorous', 'MANUFAC_LFP', 2000, 'battery_lfp', 1.0, NULL, NULL);
REPLACE INTO "efficiency" VALUES('regionA', 'electricity', 'RECYCLE_NMC', 2000, 'battery_nmc', 0.001, NULL, 'Effectively zero');
REPLACE INTO "efficiency" VALUES('regionA', 'electricity', 'RECYCLE_LFP', 2000, 'battery_lfp', 0.001, NULL, 'Effectively zero');
REPLACE INTO "efficiency" VALUES('regionA', 'electricity', 'MANUFAC_NMC', 2000, 'battery_nmc', 0.001, NULL, 'Effectively zero');
REPLACE INTO "efficiency" VALUES('regionA', 'electricity', 'MANUFAC_LFP', 2000, 'battery_lfp', 0.001, NULL, 'Effectively zero');
REPLACE INTO "efficiency" VALUES('regionA', 'diesel', 'GEN_DSL', 2000, 'electricity', 1.0, NULL, NULL);
REPLACE INTO "efficiency" VALUES('regionA', 'ethos', 'SOL_PV', 2000, 'electricity', 1.0, NULL, NULL);
REPLACE INTO "efficiency" VALUES('regionA', 'electricity', 'BATT_GRID', 2000, 'electricity', 1.0, NULL, NULL);
REPLACE INTO "efficiency" VALUES('regionA', 'ethos', 'IMPORT_DSL', 2000, 'diesel', 1.0, NULL, NULL);
REPLACE INTO "efficiency" VALUES('regionA', 'diesel', 'FURNACE', 2000, 'heating', 1.0, NULL, NULL);
REPLACE INTO "efficiency" VALUES('regionA', 'electricity', 'HEATPUMP', 2000, 'heating', 1.0, NULL, NULL);
REPLACE INTO "efficiency" VALUES('regionA', 'electricity', 'CAR_BEV', 1990, 'passenger_km', 1.0, NULL, NULL);
REPLACE INTO "efficiency" VALUES('regionA', 'electricity', 'CAR_PHEV', 1990, 'passenger_km', 1.0, NULL, NULL);
REPLACE INTO "efficiency" VALUES('regionA', 'diesel', 'CAR_PHEV', 1990, 'passenger_km', 1.0, NULL, NULL);
REPLACE INTO "efficiency" VALUES('regionA', 'diesel', 'CAR_ICE', 1990, 'passenger_km', 1.0, NULL, NULL);
REPLACE INTO "efficiency" VALUES('regionA', 'electricity', 'CAR_BEV', 2000, 'passenger_km', 1.0, NULL, NULL);
REPLACE INTO "efficiency" VALUES('regionA', 'electricity', 'CAR_PHEV', 2000, 'passenger_km', 1.0, NULL, NULL);
REPLACE INTO "efficiency" VALUES('regionA', 'diesel', 'CAR_PHEV', 2000, 'passenger_km', 1.0, NULL, NULL);
REPLACE INTO "efficiency" VALUES('regionA', 'diesel', 'CAR_ICE', 2000, 'passenger_km', 1.0, NULL, NULL);
REPLACE INTO "efficiency" VALUES('regionA', 'electricity', 'CAR_BEV', 2010, 'passenger_km', 1.0, NULL, NULL);
REPLACE INTO "efficiency" VALUES('regionA', 'electricity', 'CAR_PHEV', 2010, 'passenger_km', 1.0, NULL, NULL);
REPLACE INTO "efficiency" VALUES('regionA', 'diesel', 'CAR_PHEV', 2010, 'passenger_km', 1.0, NULL, NULL);
REPLACE INTO "efficiency" VALUES('regionA', 'diesel', 'CAR_ICE', 2010, 'passenger_km', 1.0, NULL, NULL);
REPLACE INTO "efficiency" VALUES('regionA', 'electricity', 'CAR_BEV', 2020, 'passenger_km', 1.0, NULL, NULL);
REPLACE INTO "efficiency" VALUES('regionA', 'electricity', 'CAR_PHEV', 2020, 'passenger_km', 1.0, NULL, NULL);
REPLACE INTO "efficiency" VALUES('regionA', 'diesel', 'CAR_PHEV', 2020, 'passenger_km', 1.0, NULL, NULL);
REPLACE INTO "efficiency" VALUES('regionA', 'diesel', 'CAR_ICE', 2020, 'passenger_km', 1.0, NULL, NULL);
REPLACE INTO "efficiency" VALUES('regionB', 'ethos', 'DOMESTIC_NI', 2000, 'nickel', 1.0, NULL, NULL);
REPLACE INTO "efficiency" VALUES('regionB', 'ethos', 'IMPORT_LI', 2000, 'lithium', 1.0, NULL, NULL);
REPLACE INTO "efficiency" VALUES('regionB', 'ethos', 'IMPORT_NI', 2000, 'nickel', 1.0, NULL, NULL);
REPLACE INTO "efficiency" VALUES('regionB', 'ethos', 'IMPORT_CO', 2000, 'cobalt', 1.0, NULL, NULL);
REPLACE INTO "efficiency" VALUES('regionB', 'ethos', 'IMPORT_P', 2000, 'phosphorous', 1.0, NULL, NULL);
REPLACE INTO "efficiency" VALUES('regionB', 'used_batt_nmc', 'RECYCLE_NMC', 2000, 'battery_nmc', 0.2, NULL, NULL);
REPLACE INTO "efficiency" VALUES('regionB', 'used_batt_lfp', 'RECYCLE_LFP', 2000, 'battery_lfp', 0.2, NULL, NULL);
REPLACE INTO "efficiency" VALUES('regionB', 'lithium', 'MANUFAC_NMC', 2000, 'battery_nmc', 1.0, NULL, NULL);
REPLACE INTO "efficiency" VALUES('regionB', 'nickel', 'MANUFAC_NMC', 2000, 'battery_nmc', 1.0, NULL, NULL);
REPLACE INTO "efficiency" VALUES('regionB', 'cobalt', 'MANUFAC_NMC', 2000, 'battery_nmc', 1.0, NULL, NULL);
REPLACE INTO "efficiency" VALUES('regionB', 'lithium', 'MANUFAC_LFP', 2000, 'battery_lfp', 1.0, NULL, NULL);
REPLACE INTO "efficiency" VALUES('regionB', 'phosphorous', 'MANUFAC_LFP', 2000, 'battery_lfp', 1.0, NULL, NULL);
REPLACE INTO "efficiency" VALUES('regionB', 'electricity', 'RECYCLE_NMC', 2000, 'battery_nmc', 0.001, NULL, 'Effectively zero');
REPLACE INTO "efficiency" VALUES('regionB', 'electricity', 'RECYCLE_LFP', 2000, 'battery_lfp', 0.001, NULL, 'Effectively zero');
REPLACE INTO "efficiency" VALUES('regionB', 'electricity', 'MANUFAC_NMC', 2000, 'battery_nmc', 0.001, NULL, 'Effectively zero');
REPLACE INTO "efficiency" VALUES('regionB', 'electricity', 'MANUFAC_LFP', 2000, 'battery_lfp', 0.001, NULL, 'Effectively zero');
REPLACE INTO "efficiency" VALUES('regionB', 'diesel', 'GEN_DSL', 2000, 'electricity', 1.0, NULL, NULL);
REPLACE INTO "efficiency" VALUES('regionB', 'ethos', 'SOL_PV', 2000, 'electricity', 1.0, NULL, NULL);
REPLACE INTO "efficiency" VALUES('regionB', 'electricity', 'BATT_GRID', 2000, 'electricity', 1.0, NULL, NULL);
REPLACE INTO "efficiency" VALUES('regionB', 'ethos', 'IMPORT_DSL', 2000, 'diesel', 1.0, NULL, NULL);
REPLACE INTO "efficiency" VALUES('regionB', 'diesel', 'FURNACE', 2000, 'heating', 1.0, NULL, NULL);
REPLACE INTO "efficiency" VALUES('regionB', 'electricity', 'HEATPUMP', 2000, 'heating', 1.0, NULL, NULL);
REPLACE INTO "efficiency" VALUES('regionB', 'electricity', 'CAR_BEV', 1990, 'passenger_km', 1.0, NULL, NULL);
REPLACE INTO "efficiency" VALUES('regionB', 'electricity', 'CAR_PHEV', 1990, 'passenger_km', 1.0, NULL, NULL);
REPLACE INTO "efficiency" VALUES('regionB', 'diesel', 'CAR_PHEV', 1990, 'passenger_km', 1.0, NULL, NULL);
REPLACE INTO "efficiency" VALUES('regionB', 'diesel', 'CAR_ICE', 1990, 'passenger_km', 1.0, NULL, NULL);
REPLACE INTO "efficiency" VALUES('regionB', 'electricity', 'CAR_BEV', 2000, 'passenger_km', 1.0, NULL, NULL);
REPLACE INTO "efficiency" VALUES('regionB', 'electricity', 'CAR_PHEV', 2000, 'passenger_km', 1.0, NULL, NULL);
REPLACE INTO "efficiency" VALUES('regionB', 'diesel', 'CAR_PHEV', 2000, 'passenger_km', 1.0, NULL, NULL);
REPLACE INTO "efficiency" VALUES('regionB', 'diesel', 'CAR_ICE', 2000, 'passenger_km', 1.0, NULL, NULL);
REPLACE INTO "efficiency" VALUES('regionB', 'electricity', 'CAR_BEV', 2010, 'passenger_km', 1.0, NULL, NULL);
REPLACE INTO "efficiency" VALUES('regionB', 'electricity', 'CAR_PHEV', 2010, 'passenger_km', 1.0, NULL, NULL);
REPLACE INTO "efficiency" VALUES('regionB', 'diesel', 'CAR_PHEV', 2010, 'passenger_km', 1.0, NULL, NULL);
REPLACE INTO "efficiency" VALUES('regionB', 'diesel', 'CAR_ICE', 2010, 'passenger_km', 1.0, NULL, NULL);
REPLACE INTO "efficiency" VALUES('regionB', 'electricity', 'CAR_BEV', 2020, 'passenger_km', 1.0, NULL, NULL);
REPLACE INTO "efficiency" VALUES('regionB', 'electricity', 'CAR_PHEV', 2020, 'passenger_km', 1.0, NULL, NULL);
REPLACE INTO "efficiency" VALUES('regionB', 'diesel', 'CAR_PHEV', 2020, 'passenger_km', 1.0, NULL, NULL);
REPLACE INTO "efficiency" VALUES('regionB', 'diesel', 'CAR_ICE', 2020, 'passenger_km', 1.0, NULL, NULL);
REPLACE INTO "efficiency" VALUES('regionA-regionB', 'electricity', 'ELEC_INTERTIE', 2000, 'electricity', 0.9, NULL, NULL);
REPLACE INTO "efficiency" VALUES('regionB-regionA', 'electricity', 'ELEC_INTERTIE', 2000, 'electricity', 0.9, NULL, NULL);
REPLACE INTO "emission_activity" VALUES('regionA','co2e','ethos','IMPORT_DSL',2000,'diesel',1.0,NULL,'assumed combusted');
REPLACE INTO "emission_activity" VALUES('regionB','co2e','ethos','IMPORT_DSL',2000,'diesel',1.0,NULL,'assumed combusted');
REPLACE INTO "end_of_life_output" VALUES('regionA','CAR_BEV',1990,'used_batt_nmc',1.0,NULL,NULL);
REPLACE INTO "end_of_life_output" VALUES('regionA','CAR_PHEV',1990,'used_batt_lfp',0.1,NULL,NULL);
REPLACE INTO "end_of_life_output" VALUES('regionA','CAR_BEV',2000,'used_batt_nmc',1.0,NULL,NULL);
REPLACE INTO "end_of_life_output" VALUES('regionA','CAR_PHEV',2000,'used_batt_lfp',0.1,NULL,NULL);
REPLACE INTO "end_of_life_output" VALUES('regionA','CAR_BEV',2010,'used_batt_nmc',1.0,NULL,NULL);
REPLACE INTO "end_of_life_output" VALUES('regionA','CAR_PHEV',2010,'used_batt_lfp',0.1,NULL,NULL);
REPLACE INTO "end_of_life_output" VALUES('regionB','CAR_BEV',1990,'used_batt_nmc',1.0,NULL,NULL);
REPLACE INTO "end_of_life_output" VALUES('regionB','CAR_PHEV',1990,'used_batt_lfp',0.1,NULL,NULL);
REPLACE INTO "end_of_life_output" VALUES('regionB','CAR_BEV',2000,'used_batt_nmc',1.0,NULL,NULL);
REPLACE INTO "end_of_life_output" VALUES('regionB','CAR_PHEV',2000,'used_batt_lfp',0.1,NULL,NULL);
REPLACE INTO "end_of_life_output" VALUES('regionB','CAR_BEV',2010,'used_batt_nmc',1.0,NULL,NULL);
REPLACE INTO "end_of_life_output" VALUES('regionB','CAR_PHEV',2010,'used_batt_lfp',0.1,NULL,NULL);
REPLACE INTO "end_of_life_output" VALUES('regionA','CAR_BEV',1990,'waste_steel',1.0,NULL,NULL);
REPLACE INTO "end_of_life_output" VALUES('regionA','CAR_ICE',1990,'waste_steel',1.0,NULL,NULL);
REPLACE INTO "end_of_life_output" VALUES('regionA','CAR_PHEV',1990,'waste_steel',1.0,NULL,NULL);
REPLACE INTO "end_of_life_output" VALUES('regionA','CAR_BEV',2000,'waste_steel',1.0,NULL,NULL);
REPLACE INTO "end_of_life_output" VALUES('regionA','CAR_ICE',2000,'waste_steel',1.0,NULL,NULL);
REPLACE INTO "end_of_life_output" VALUES('regionA','CAR_PHEV',2000,'waste_steel',1.0,NULL,NULL);
REPLACE INTO "end_of_life_output" VALUES('regionA','CAR_BEV',2010,'waste_steel',1.0,NULL,NULL);
REPLACE INTO "end_of_life_output" VALUES('regionA','CAR_ICE',2010,'waste_steel',1.0,NULL,NULL);
REPLACE INTO "end_of_life_output" VALUES('regionA','CAR_PHEV',2010,'waste_steel',1.0,NULL,NULL);
REPLACE INTO "end_of_life_output" VALUES('regionB','CAR_BEV',1990,'waste_steel',1.0,NULL,NULL);
REPLACE INTO "end_of_life_output" VALUES('regionB','CAR_ICE',1990,'waste_steel',1.0,NULL,NULL);
REPLACE INTO "end_of_life_output" VALUES('regionB','CAR_PHEV',1990,'waste_steel',1.0,NULL,NULL);
REPLACE INTO "end_of_life_output" VALUES('regionB','CAR_BEV',2000,'waste_steel',1.0,NULL,NULL);
REPLACE INTO "end_of_life_output" VALUES('regionB','CAR_ICE',2000,'waste_steel',1.0,NULL,NULL);
REPLACE INTO "end_of_life_output" VALUES('regionB','CAR_PHEV',2000,'waste_steel',1.0,NULL,NULL);
REPLACE INTO "end_of_life_output" VALUES('regionB','CAR_BEV',2010,'waste_steel',1.0,NULL,NULL);
REPLACE INTO "end_of_life_output" VALUES('regionB','CAR_ICE',2010,'waste_steel',1.0,NULL,NULL);
REPLACE INTO "end_of_life_output" VALUES('regionB','CAR_PHEV',2010,'waste_steel',1.0,NULL,NULL);
REPLACE INTO "existing_capacity" VALUES('regionA','CAR_BEV',1990,1.0,NULL,NULL);
REPLACE INTO "existing_capacity" VALUES('regionA','CAR_PHEV',1990,1.0,NULL,NULL);
REPLACE INTO "existing_capacity" VALUES('regionA','CAR_ICE',1990,1.0,NULL,NULL);
REPLACE INTO "existing_capacity" VALUES('regionB','CAR_BEV',1990,1.0,NULL,NULL);
REPLACE INTO "existing_capacity" VALUES('regionB','CAR_PHEV',1990,1.0,NULL,NULL);
REPLACE INTO "existing_capacity" VALUES('regionB','CAR_ICE',1990,1.0,NULL,NULL);
REPLACE INTO "lifetime_tech" VALUES('regionA', 'CAR_BEV', 10.0, NULL, NULL);
REPLACE INTO "lifetime_tech" VALUES('regionA', 'CAR_PHEV', 10.0, NULL, NULL);
REPLACE INTO "lifetime_tech" VALUES('regionA', 'CAR_ICE', 10.0, NULL, NULL);
REPLACE INTO "lifetime_tech" VALUES('regionB', 'CAR_BEV', 10.0, NULL, NULL);
REPLACE INTO "lifetime_tech" VALUES('regionB', 'CAR_PHEV', 10.0, NULL, NULL);
REPLACE INTO "lifetime_tech" VALUES('regionB', 'CAR_ICE', 10.0, NULL, NULL);
REPLACE INTO "limit_tech_input_split_annual" VALUES('regionA',2000,'lithium','MANUFAC_NMC','le',0.8,'');
REPLACE INTO "limit_tech_input_split_annual" VALUES('regionA',2000,'nickel','MANUFAC_NMC','le',0.15,'');
REPLACE INTO "limit_tech_input_split_annual" VALUES('regionA',2000,'cobalt','MANUFAC_NMC','le',0.04,'');
REPLACE INTO "limit_tech_input_split_annual" VALUES('regionA',2000,'electricity','MANUFAC_NMC','le',0.01,'');
REPLACE INTO "limit_tech_input_split_annual" VALUES('regionA',2000,'lithium','MANUFAC_LFP','le',0.8,'');
REPLACE INTO "limit_tech_input_split_annual" VALUES('regionA',2000,'phosphorous','MANUFAC_LFP','le',0.19,'');
REPLACE INTO "limit_tech_input_split_annual" VALUES('regionA',2000,'electricity','MANUFAC_LFP','le',0.01,'');
REPLACE INTO "limit_tech_input_split_annual" VALUES('regionA',2010,'lithium','MANUFAC_NMC','le',0.8,'');
REPLACE INTO "limit_tech_input_split_annual" VALUES('regionA',2010,'nickel','MANUFAC_NMC','le',0.15,'');
REPLACE INTO "limit_tech_input_split_annual" VALUES('regionA',2010,'cobalt','MANUFAC_NMC','le',0.04,'');
REPLACE INTO "limit_tech_input_split_annual" VALUES('regionA',2010,'electricity','MANUFAC_NMC','le',0.01,'');
REPLACE INTO "limit_tech_input_split_annual" VALUES('regionA',2010,'lithium','MANUFAC_LFP','le',0.8,'');
REPLACE INTO "limit_tech_input_split_annual" VALUES('regionA',2010,'phosphorous','MANUFAC_LFP','le',0.19,'');
REPLACE INTO "limit_tech_input_split_annual" VALUES('regionA',2010,'electricity','MANUFAC_LFP','le',0.01,'');
REPLACE INTO "limit_tech_input_split_annual" VALUES('regionA',2020,'lithium','MANUFAC_NMC','le',0.8,'');
REPLACE INTO "limit_tech_input_split_annual" VALUES('regionA',2020,'nickel','MANUFAC_NMC','le',0.15,'');
REPLACE INTO "limit_tech_input_split_annual" VALUES('regionA',2020,'cobalt','MANUFAC_NMC','le',0.04,'');
REPLACE INTO "limit_tech_input_split_annual" VALUES('regionA',2020,'electricity','MANUFAC_NMC','le',0.01,'');
REPLACE INTO "limit_tech_input_split_annual" VALUES('regionA',2020,'lithium','MANUFAC_LFP','le',0.8,'');
REPLACE INTO "limit_tech_input_split_annual" VALUES('regionA',2020,'phosphorous','MANUFAC_LFP','le',0.19,'');
REPLACE INTO "limit_tech_input_split_annual" VALUES('regionA',2020,'electricity','MANUFAC_LFP','le',0.01,'');
REPLACE INTO "limit_tech_input_split_annual" VALUES('regionA',2000,'electricity','CAR_PHEV','le',0.2,'');
REPLACE INTO "limit_tech_input_split_annual" VALUES('regionA',2000,'diesel','CAR_PHEV','le',0.8,'');
REPLACE INTO "limit_tech_input_split_annual" VALUES('regionA',2010,'electricity','CAR_PHEV','le',0.2,'');
REPLACE INTO "limit_tech_input_split_annual" VALUES('regionA',2010,'diesel','CAR_PHEV','le',0.8,'');
REPLACE INTO "limit_tech_input_split_annual" VALUES('regionA',2020,'electricity','CAR_PHEV','le',0.2,'');
REPLACE INTO "limit_tech_input_split_annual" VALUES('regionA',2020,'diesel','CAR_PHEV','le',0.8,NULL);
REPLACE INTO "limit_tech_input_split_annual" VALUES('regionB',2000,'lithium','MANUFAC_NMC','le',0.8,'');
REPLACE INTO "limit_tech_input_split_annual" VALUES('regionB',2000,'nickel','MANUFAC_NMC','le',0.15,'');
REPLACE INTO "limit_tech_input_split_annual" VALUES('regionB',2000,'cobalt','MANUFAC_NMC','le',0.04,'');
REPLACE INTO "limit_tech_input_split_annual" VALUES('regionB',2000,'electricity','MANUFAC_NMC','le',0.01,'');
REPLACE INTO "limit_tech_input_split_annual" VALUES('regionB',2000,'lithium','MANUFAC_LFP','le',0.8,'');
REPLACE INTO "limit_tech_input_split_annual" VALUES('regionB',2000,'phosphorous','MANUFAC_LFP','le',0.19,'');
REPLACE INTO "limit_tech_input_split_annual" VALUES('regionB',2000,'electricity','MANUFAC_LFP','le',0.01,'');
REPLACE INTO "limit_tech_input_split_annual" VALUES('regionB',2010,'lithium','MANUFAC_NMC','le',0.8,'');
REPLACE INTO "limit_tech_input_split_annual" VALUES('regionB',2010,'nickel','MANUFAC_NMC','le',0.15,'');
REPLACE INTO "limit_tech_input_split_annual" VALUES('regionB',2010,'cobalt','MANUFAC_NMC','le',0.04,'');
REPLACE INTO "limit_tech_input_split_annual" VALUES('regionB',2010,'electricity','MANUFAC_NMC','le',0.01,'');
REPLACE INTO "limit_tech_input_split_annual" VALUES('regionB',2010,'lithium','MANUFAC_LFP','le',0.8,'');
REPLACE INTO "limit_tech_input_split_annual" VALUES('regionB',2010,'phosphorous','MANUFAC_LFP','le',0.19,'');
REPLACE INTO "limit_tech_input_split_annual" VALUES('regionB',2010,'electricity','MANUFAC_LFP','le',0.01,'');
REPLACE INTO "limit_tech_input_split_annual" VALUES('regionB',2020,'lithium','MANUFAC_NMC','le',0.8,'');
REPLACE INTO "limit_tech_input_split_annual" VALUES('regionB',2020,'nickel','MANUFAC_NMC','le',0.15,'');
REPLACE INTO "limit_tech_input_split_annual" VALUES('regionB',2020,'cobalt','MANUFAC_NMC','le',0.04,'');
REPLACE INTO "limit_tech_input_split_annual" VALUES('regionB',2020,'electricity','MANUFAC_NMC','le',0.01,'');
REPLACE INTO "limit_tech_input_split_annual" VALUES('regionB',2020,'lithium','MANUFAC_LFP','le',0.8,'');
REPLACE INTO "limit_tech_input_split_annual" VALUES('regionB',2020,'phosphorous','MANUFAC_LFP','le',0.19,'');
REPLACE INTO "limit_tech_input_split_annual" VALUES('regionB',2020,'electricity','MANUFAC_LFP','le',0.01,'');
REPLACE INTO "limit_tech_input_split_annual" VALUES('regionB',2000,'electricity','CAR_PHEV','le',0.2,'');
REPLACE INTO "limit_tech_input_split_annual" VALUES('regionB',2000,'diesel','CAR_PHEV','le',0.8,'');
REPLACE INTO "limit_tech_input_split_annual" VALUES('regionB',2010,'electricity','CAR_PHEV','le',0.2,'');
REPLACE INTO "limit_tech_input_split_annual" VALUES('regionB',2010,'diesel','CAR_PHEV','le',0.8,'');
REPLACE INTO "limit_tech_input_split_annual" VALUES('regionB',2020,'electricity','CAR_PHEV','le',0.2,'');
REPLACE INTO "limit_tech_input_split_annual" VALUES('regionB',2020,'diesel','CAR_PHEV','le',0.8,NULL);
REPLACE INTO "metadata" VALUES('days_per_period',365,'count of days in each period');
REPLACE INTO "metadata" VALUES('DB_MAJOR',4,'');
REPLACE INTO "metadata" VALUES('DB_MINOR',0,'');
REPLACE INTO "metadata_real" VALUES('global_discount_rate',0.05,'Discount Rate for future costs');
REPLACE INTO "metadata_real" VALUES('default_loan_rate',0.05,'Default Loan Rate if not specified in loan_rate table');
REPLACE INTO "operator" VALUES('e','equal to');
REPLACE INTO "operator" VALUES('le','less than or equal to');
REPLACE INTO "operator" VALUES('ge','greater than or equal to');
REPLACE INTO "region" VALUES('regionA',NULL);
REPLACE INTO "region" VALUES('regionB',NULL);
REPLACE INTO "season_label" VALUES('summer',NULL);
REPLACE INTO "season_label" VALUES('autumn',NULL);
REPLACE INTO "season_label" VALUES('winter',NULL);
REPLACE INTO "season_label" VALUES('spring',NULL);
REPLACE INTO "storage_duration" VALUES('regionA','BATT_GRID',2.0,'2 hours energy storage');
REPLACE INTO "storage_duration" VALUES('regionB','BATT_GRID',2.0,'2 hours energy storage');
REPLACE INTO "technology" VALUES('IMPORT_LI','p','materials',NULL,NULL,1,1,0,0,0,0,0,0,'lithium importer');
REPLACE INTO "technology" VALUES('IMPORT_CO','p','materials',NULL,NULL,1,1,0,0,0,0,0,0,'cobalt importer');
REPLACE INTO "technology" VALUES('IMPORT_P','p','materials',NULL,NULL,1,1,0,0,0,0,0,0,'phosphorous importer');
REPLACE INTO "technology" VALUES('CAR_BEV','p','transportation',NULL,NULL,0,0,0,0,0,0,0,0,'car - battery electric');
REPLACE INTO "technology" VALUES('CAR_PHEV','p','transportation',NULL,NULL,0,0,0,0,0,0,0,0,'car - plug in hybrid');
REPLACE INTO "technology" VALUES('CAR_ICE','p','transportation',NULL,NULL,0,0,0,0,0,0,0,0,'car - internal combustion');
REPLACE INTO "technology" VALUES('RECYCLE_NMC','p','materials',NULL,NULL,0,1,0,0,0,0,0,0,'nmc battery recycler');
REPLACE INTO "technology" VALUES('RECYCLE_LFP','p','materials',NULL,NULL,0,1,0,0,0,0,0,0,'lfp battery recycler');
REPLACE INTO "technology" VALUES('MANUFAC_NMC','p','materials',NULL,NULL,0,1,0,0,0,0,0,0,'nmc battery manufacturing');
REPLACE INTO "technology" VALUES('MANUFAC_LFP','p','materials',NULL,NULL,0,1,0,0,0,0,0,0,'lfp battery manufacturing');
REPLACE INTO "technology" VALUES('IMPORT_NI','p','materials',NULL,NULL,1,1,0,0,0,0,0,0,'nickel importer');
REPLACE INTO "technology" VALUES('DOMESTIC_NI','p','materials',NULL,NULL,1,1,0,0,0,0,0,0,'domestic nickel production');
REPLACE INTO "technology" VALUES('GEN_DSL','p','electricity',NULL,NULL,0,0,0,0,0,0,0,0,'diesel generators');
REPLACE INTO "technology" VALUES('SOL_PV','p','electricity',NULL,NULL,0,0,0,1,0,0,0,0,'solar panels');
REPLACE INTO "technology" VALUES('BATT_GRID','ps','electricity',NULL,NULL,0,0,0,0,0,0,0,0,'grid battery storage');
REPLACE INTO "technology" VALUES('FURNACE','p','residential',NULL,NULL,1,0,0,0,0,0,0,0,'diesel furnace heater');
REPLACE INTO "technology" VALUES('HEATPUMP','p','residential',NULL,NULL,1,0,0,0,0,0,0,0,'heat pump');
REPLACE INTO "technology" VALUES('IMPORT_DSL','p','fuels',NULL,NULL,1,1,0,0,0,0,0,0,'diesel importer');
REPLACE INTO "technology" VALUES('ELEC_INTERTIE','p','electricity',NULL,NULL,0,0,0,0,0,0,1,0,'dummy tech to make landfill feasible');
REPLACE INTO "technology_type" VALUES('p','production technology');
REPLACE INTO "technology_type" VALUES('pb','baseload production technology');
REPLACE INTO "technology_type" VALUES('ps','storage production technology');
REPLACE INTO "time_of_day" VALUES(1,'morning');
REPLACE INTO "time_of_day" VALUES(2,'afternoon');
REPLACE INTO "time_of_day" VALUES(3,'evening');
REPLACE INTO "time_of_day" VALUES(4,'overnight');
REPLACE INTO "time_period" VALUES(1,1990,'e');
REPLACE INTO "time_period" VALUES(2,2000,'f');
REPLACE INTO "time_period" VALUES(3,2010,'f');
REPLACE INTO "time_period" VALUES(4,2020,'f');
REPLACE INTO "time_period" VALUES(5,2030,'f');
REPLACE INTO "time_period_type" VALUES('e','existing vintages');
REPLACE INTO "time_period_type" VALUES('f','future');
REPLACE INTO "time_season" VALUES(2000,1,'summer',NULL);
REPLACE INTO "time_season" VALUES(2000,2,'autumn',NULL);
REPLACE INTO "time_season" VALUES(2000,3,'winter',NULL);
REPLACE INTO "time_season" VALUES(2000,4,'spring',NULL);
REPLACE INTO "time_season" VALUES(2010,5,'summer',NULL);
REPLACE INTO "time_season" VALUES(2010,6,'autumn',NULL);
REPLACE INTO "time_season" VALUES(2010,7,'winter',NULL);
REPLACE INTO "time_season" VALUES(2010,8,'spring',NULL);
REPLACE INTO "time_season" VALUES(2020,9,'summer',NULL);
REPLACE INTO "time_season" VALUES(2020,10,'autumn',NULL);
REPLACE INTO "time_season" VALUES(2020,11,'winter',NULL);
REPLACE INTO "time_season" VALUES(2020,12,'spring',NULL);
REPLACE INTO "time_segment_fraction" VALUES(2000,'summer','morning',0.0625,NULL);
REPLACE INTO "time_segment_fraction" VALUES(2000,'autumn','morning',0.0625,NULL);
REPLACE INTO "time_segment_fraction" VALUES(2000,'winter','morning',0.0625,NULL);
REPLACE INTO "time_segment_fraction" VALUES(2000,'spring','morning',0.0625,NULL);
REPLACE INTO "time_segment_fraction" VALUES(2000,'summer','afternoon',0.0625,NULL);
REPLACE INTO "time_segment_fraction" VALUES(2000,'autumn','afternoon',0.0625,NULL);
REPLACE INTO "time_segment_fraction" VALUES(2000,'winter','afternoon',0.0625,NULL);
REPLACE INTO "time_segment_fraction" VALUES(2000,'spring','afternoon',0.0625,NULL);
REPLACE INTO "time_segment_fraction" VALUES(2000,'summer','evening',0.0625,NULL);
REPLACE INTO "time_segment_fraction" VALUES(2000,'autumn','evening',0.0625,NULL);
REPLACE INTO "time_segment_fraction" VALUES(2000,'winter','evening',0.0625,NULL);
REPLACE INTO "time_segment_fraction" VALUES(2000,'spring','evening',0.0625,NULL);
REPLACE INTO "time_segment_fraction" VALUES(2000,'summer','overnight',0.0625,NULL);
REPLACE INTO "time_segment_fraction" VALUES(2000,'autumn','overnight',0.0625,NULL);
REPLACE INTO "time_segment_fraction" VALUES(2000,'winter','overnight',0.0625,NULL);
REPLACE INTO "time_segment_fraction" VALUES(2000,'spring','overnight',0.0625,NULL);
REPLACE INTO "time_segment_fraction" VALUES(2010,'summer','morning',0.0625,NULL);
REPLACE INTO "time_segment_fraction" VALUES(2010,'autumn','morning',0.0625,NULL);
REPLACE INTO "time_segment_fraction" VALUES(2010,'winter','morning',0.0625,NULL);
REPLACE INTO "time_segment_fraction" VALUES(2010,'spring','morning',0.0625,NULL);
REPLACE INTO "time_segment_fraction" VALUES(2010,'summer','afternoon',0.0625,NULL);
REPLACE INTO "time_segment_fraction" VALUES(2010,'autumn','afternoon',0.0625,NULL);
REPLACE INTO "time_segment_fraction" VALUES(2010,'winter','afternoon',0.0625,NULL);
REPLACE INTO "time_segment_fraction" VALUES(2010,'spring','afternoon',0.0625,NULL);
REPLACE INTO "time_segment_fraction" VALUES(2010,'summer','evening',0.0625,NULL);
REPLACE INTO "time_segment_fraction" VALUES(2010,'autumn','evening',0.0625,NULL);
REPLACE INTO "time_segment_fraction" VALUES(2010,'winter','evening',0.0625,NULL);
REPLACE INTO "time_segment_fraction" VALUES(2010,'spring','evening',0.0625,NULL);
REPLACE INTO "time_segment_fraction" VALUES(2010,'summer','overnight',0.0625,NULL);
REPLACE INTO "time_segment_fraction" VALUES(2010,'autumn','overnight',0.0625,NULL);
REPLACE INTO "time_segment_fraction" VALUES(2010,'winter','overnight',0.0625,NULL);
REPLACE INTO "time_segment_fraction" VALUES(2010,'spring','overnight',0.0625,NULL);
REPLACE INTO "time_segment_fraction" VALUES(2020,'summer','morning',0.0625,NULL);
REPLACE INTO "time_segment_fraction" VALUES(2020,'autumn','morning',0.0625,NULL);
REPLACE INTO "time_segment_fraction" VALUES(2020,'winter','morning',0.0625,NULL);
REPLACE INTO "time_segment_fraction" VALUES(2020,'spring','morning',0.0625,NULL);
REPLACE INTO "time_segment_fraction" VALUES(2020,'summer','afternoon',0.0625,NULL);
REPLACE INTO "time_segment_fraction" VALUES(2020,'autumn','afternoon',0.0625,NULL);
REPLACE INTO "time_segment_fraction" VALUES(2020,'winter','afternoon',0.0625,NULL);
REPLACE INTO "time_segment_fraction" VALUES(2020,'spring','afternoon',0.0625,NULL);
REPLACE INTO "time_segment_fraction" VALUES(2020,'summer','evening',0.0625,NULL);
REPLACE INTO "time_segment_fraction" VALUES(2020,'autumn','evening',0.0625,NULL);
REPLACE INTO "time_segment_fraction" VALUES(2020,'winter','evening',0.0625,NULL);
REPLACE INTO "time_segment_fraction" VALUES(2020,'spring','evening',0.0625,NULL);
REPLACE INTO "time_segment_fraction" VALUES(2020,'summer','overnight',0.0625,NULL);
REPLACE INTO "time_segment_fraction" VALUES(2020,'autumn','overnight',0.0625,NULL);
REPLACE INTO "time_segment_fraction" VALUES(2020,'winter','overnight',0.0625,NULL);
REPLACE INTO "time_segment_fraction" VALUES(2020,'spring','overnight',0.0625,NULL);
