REPLACE INTO "commodity" VALUES('source', 's', NULL, NULL);
REPLACE INTO "commodity" VALUES('demand', 'd', NULL, NULL);
REPLACE INTO "commodity_type" VALUES('p','physical commodity');
REPLACE INTO "commodity_type" VALUES('a','annual commodity');
REPLACE INTO "commodity_type" VALUES('e','emissions commodity');
REPLACE INTO "commodity_type" VALUES('d','demand commodity');
REPLACE INTO "commodity_type" VALUES('s','source commodity');
REPLACE INTO "commodity_type" VALUES('w','waste commodity');
REPLACE INTO "commodity_type" VALUES('wa','waste annual commodity');
REPLACE INTO "commodity_type" VALUES('wp','waste physical commodity');
REPLACE INTO "cost_fixed" VALUES('region',2025,'tech_ancient',1994,1.0,NULL,NULL);
REPLACE INTO "cost_fixed" VALUES('region',2025,'tech_old',2010,1.0,NULL,NULL);
REPLACE INTO "cost_fixed" VALUES('region',2030,'tech_old',2010,1.0,NULL,NULL);
REPLACE INTO "cost_fixed" VALUES('region',2035,'tech_old',2010,1.0,NULL,NULL);
REPLACE INTO "cost_fixed" VALUES('region',2040,'tech_old',2010,1.0,NULL,NULL);
REPLACE INTO "cost_fixed" VALUES('region',2025,'tech_current',2025,1.0,NULL,NULL);
REPLACE INTO "cost_fixed" VALUES('region',2030,'tech_current',2025,1.0,NULL,NULL);
REPLACE INTO "cost_fixed" VALUES('region',2035,'tech_current',2025,1.0,NULL,NULL);
REPLACE INTO "cost_fixed" VALUES('region',2040,'tech_current',2025,1.0,NULL,NULL);
REPLACE INTO "cost_fixed" VALUES('region',2045,'tech_current',2025,1.0,NULL,NULL);
REPLACE INTO "cost_fixed" VALUES('region',2050,'tech_current',2025,1.0,NULL,NULL);
REPLACE INTO "cost_fixed" VALUES('region',2030,'tech_future',2030,1.0,NULL,NULL);
REPLACE INTO "cost_fixed" VALUES('region',2035,'tech_future',2035,1.0,NULL,NULL);
REPLACE INTO "cost_fixed" VALUES('region',2040,'tech_future',2040,1.0,NULL,NULL);
REPLACE INTO "cost_fixed" VALUES('region',2045,'tech_future',2045,1.0,NULL,NULL);
REPLACE INTO "cost_fixed" VALUES('region',2050,'tech_future',2050,1.0,NULL,NULL);
REPLACE INTO "cost_fixed" VALUES('region',2035,'tech_future',2030,1.0,NULL,NULL);
REPLACE INTO "cost_fixed" VALUES('region',2040,'tech_future',2035,1.0,NULL,NULL);
REPLACE INTO "cost_fixed" VALUES('region',2045,'tech_future',2040,1.0,NULL,NULL);
REPLACE INTO "cost_fixed" VALUES('region',2050,'tech_future',2045,1.0,NULL,NULL);
REPLACE INTO "cost_fixed" VALUES('region',2040,'tech_future',2030,1.0,NULL,NULL);
REPLACE INTO "cost_fixed" VALUES('region',2045,'tech_future',2035,1.0,NULL,NULL);
REPLACE INTO "cost_fixed" VALUES('region',2050,'tech_future',2040,1.0,NULL,NULL);
REPLACE INTO "cost_fixed" VALUES('region',2045,'tech_future',2030,1.0,NULL,NULL);
REPLACE INTO "cost_fixed" VALUES('region',2050,'tech_future',2035,1.0,NULL,NULL);
REPLACE INTO "cost_fixed" VALUES('region',2050,'tech_future',2030,1.0,NULL,NULL);
REPLACE INTO "cost_invest" VALUES('region','tech_current',2025,1.0,NULL,NULL);
REPLACE INTO "cost_invest" VALUES('region','tech_future',2030,1.0,NULL,NULL);
REPLACE INTO "cost_invest" VALUES('region','tech_future',2035,1.0,NULL,NULL);
REPLACE INTO "cost_invest" VALUES('region','tech_future',2040,1.0,NULL,NULL);
REPLACE INTO "cost_invest" VALUES('region','tech_future',2045,1.0,NULL,NULL);
REPLACE INTO "cost_invest" VALUES('region','tech_future',2050,1.0,NULL,NULL);
REPLACE INTO "cost_variable" VALUES('region',2025,'tech_ancient',1994,1.0,NULL,NULL);
REPLACE INTO "cost_variable" VALUES('region',2025,'tech_old',2010,1.0,NULL,NULL);
REPLACE INTO "cost_variable" VALUES('region',2030,'tech_old',2010,1.0,NULL,NULL);
REPLACE INTO "cost_variable" VALUES('region',2035,'tech_old',2010,1.0,NULL,NULL);
REPLACE INTO "cost_variable" VALUES('region',2040,'tech_old',2010,1.0,NULL,NULL);
REPLACE INTO "cost_variable" VALUES('region',2025,'tech_current',2025,1.0,NULL,NULL);
REPLACE INTO "cost_variable" VALUES('region',2030,'tech_current',2025,1.0,NULL,NULL);
REPLACE INTO "cost_variable" VALUES('region',2035,'tech_current',2025,1.0,NULL,NULL);
REPLACE INTO "cost_variable" VALUES('region',2040,'tech_current',2025,1.0,NULL,NULL);
REPLACE INTO "cost_variable" VALUES('region',2045,'tech_current',2025,1.0,NULL,NULL);
REPLACE INTO "cost_variable" VALUES('region',2050,'tech_current',2025,1.0,NULL,NULL);
REPLACE INTO "cost_variable" VALUES('region',2030,'tech_future',2030,1.0,NULL,NULL);
REPLACE INTO "cost_variable" VALUES('region',2035,'tech_future',2035,1.0,NULL,NULL);
REPLACE INTO "cost_variable" VALUES('region',2040,'tech_future',2040,1.0,NULL,NULL);
REPLACE INTO "cost_variable" VALUES('region',2045,'tech_future',2045,1.0,NULL,NULL);
REPLACE INTO "cost_variable" VALUES('region',2050,'tech_future',2050,1.0,NULL,NULL);
REPLACE INTO "cost_variable" VALUES('region',2035,'tech_future',2030,1.0,NULL,NULL);
REPLACE INTO "cost_variable" VALUES('region',2040,'tech_future',2035,1.0,NULL,NULL);
REPLACE INTO "cost_variable" VALUES('region',2045,'tech_future',2040,1.0,NULL,NULL);
REPLACE INTO "cost_variable" VALUES('region',2050,'tech_future',2045,1.0,NULL,NULL);
REPLACE INTO "cost_variable" VALUES('region',2040,'tech_future',2030,1.0,NULL,NULL);
REPLACE INTO "cost_variable" VALUES('region',2045,'tech_future',2035,1.0,NULL,NULL);
REPLACE INTO "cost_variable" VALUES('region',2050,'tech_future',2040,1.0,NULL,NULL);
REPLACE INTO "cost_variable" VALUES('region',2045,'tech_future',2030,1.0,NULL,NULL);
REPLACE INTO "cost_variable" VALUES('region',2050,'tech_future',2035,1.0,NULL,NULL);
REPLACE INTO "cost_variable" VALUES('region',2050,'tech_future',2030,1.0,NULL,NULL);
REPLACE INTO "demand" VALUES('region',2025,'demand',1.0,NULL,NULL);
REPLACE INTO "demand" VALUES('region',2030,'demand',1.0,NULL,NULL);
REPLACE INTO "demand" VALUES('region',2035,'demand',1.0,NULL,NULL);
REPLACE INTO "demand" VALUES('region',2040,'demand',1.0,NULL,NULL);
REPLACE INTO "demand" VALUES('region',2045,'demand',1.0,NULL,NULL);
REPLACE INTO "demand" VALUES('region',2050,'demand',1.0,NULL,NULL);
REPLACE INTO "efficiency" VALUES('region', 'source', 'tech_ancient', 1994, 'demand', 1.0, NULL, NULL);
REPLACE INTO "efficiency" VALUES('region', 'source', 'tech_old', 2010, 'demand', 1.0, NULL, NULL);
REPLACE INTO "efficiency" VALUES('region', 'source', 'tech_current', 2025, 'demand', 1.0, NULL, NULL);
REPLACE INTO "efficiency" VALUES('region', 'source', 'tech_future', 2030, 'demand', 1.0, NULL, NULL);
REPLACE INTO "efficiency" VALUES('region', 'source', 'tech_future', 2035, 'demand', 1.0, NULL, NULL);
REPLACE INTO "efficiency" VALUES('region', 'source', 'tech_future', 2040, 'demand', 1.0, NULL, NULL);
REPLACE INTO "efficiency" VALUES('region', 'source', 'tech_future', 2045, 'demand', 1.0, NULL, NULL);
REPLACE INTO "efficiency" VALUES('region', 'source', 'tech_future', 2050, 'demand', 1.0, NULL, NULL);
REPLACE INTO "existing_capacity" VALUES('region','tech_ancient',1994,3.0,NULL,NULL);
REPLACE INTO "existing_capacity" VALUES('region','tech_old',2010,0.7,NULL,NULL);
REPLACE INTO "lifetime_survival_curve" VALUES('region',1994,'tech_ancient',1994,1.0,NULL);
REPLACE INTO "lifetime_survival_curve" VALUES('region',1999,'tech_ancient',1994,0.97,NULL);
REPLACE INTO "lifetime_survival_curve" VALUES('region',2004,'tech_ancient',1994,8.80000000000000115e-01,NULL);
REPLACE INTO "lifetime_survival_curve" VALUES('region',2009,'tech_ancient',1994,0.62,NULL);
REPLACE INTO "lifetime_survival_curve" VALUES('region',2014,'tech_ancient',1994,0.27,NULL);
REPLACE INTO "lifetime_survival_curve" VALUES('region',2019,'tech_ancient',1994,0.08,NULL);
REPLACE INTO "lifetime_survival_curve" VALUES('region',2029,'tech_ancient',1994,0.0,NULL);
REPLACE INTO "lifetime_survival_curve" VALUES('region',2010,'tech_old',2010,1.0,NULL);
REPLACE INTO "lifetime_survival_curve" VALUES('region',2015,'tech_old',2010,0.97,NULL);
REPLACE INTO "lifetime_survival_curve" VALUES('region',2020,'tech_old',2010,8.80000000000000115e-01,NULL);
REPLACE INTO "lifetime_survival_curve" VALUES('region',2025,'tech_old',2010,0.62,NULL);
REPLACE INTO "lifetime_survival_curve" VALUES('region',2030,'tech_old',2010,0.27,NULL);
REPLACE INTO "lifetime_survival_curve" VALUES('region',2035,'tech_old',2010,0.08,NULL);
REPLACE INTO "lifetime_survival_curve" VALUES('region',2045,'tech_old',2010,0.0,NULL);
REPLACE INTO "lifetime_survival_curve" VALUES('region',2025,'tech_current',2025,1.0,NULL);
REPLACE INTO "lifetime_survival_curve" VALUES('region',2030,'tech_current',2025,0.97,NULL);
REPLACE INTO "lifetime_survival_curve" VALUES('region',2035,'tech_current',2025,8.80000000000000115e-01,NULL);
REPLACE INTO "lifetime_survival_curve" VALUES('region',2040,'tech_current',2025,0.62,NULL);
REPLACE INTO "lifetime_survival_curve" VALUES('region',2045,'tech_current',2025,0.27,NULL);
REPLACE INTO "lifetime_survival_curve" VALUES('region',2050,'tech_current',2025,0.08,NULL);
REPLACE INTO "lifetime_survival_curve" VALUES('region',2060,'tech_current',2025,0.0,NULL);
REPLACE INTO "lifetime_survival_curve" VALUES('region',2030,'tech_future',2030,1.0,NULL);
REPLACE INTO "lifetime_survival_curve" VALUES('region',2035,'tech_future',2030,0.97,NULL);
REPLACE INTO "lifetime_survival_curve" VALUES('region',2040,'tech_future',2030,8.80000000000000115e-01,NULL);
REPLACE INTO "lifetime_survival_curve" VALUES('region',2045,'tech_future',2030,0.62,NULL);
REPLACE INTO "lifetime_survival_curve" VALUES('region',2050,'tech_future',2030,0.27,NULL);
REPLACE INTO "lifetime_survival_curve" VALUES('region',2055,'tech_future',2030,0.08,NULL);
REPLACE INTO "lifetime_survival_curve" VALUES('region',2065,'tech_future',2030,0.0,NULL);
REPLACE INTO "lifetime_survival_curve" VALUES('region',2035,'tech_future',2035,1.0,NULL);
REPLACE INTO "lifetime_survival_curve" VALUES('region',2040,'tech_future',2035,0.97,NULL);
REPLACE INTO "lifetime_survival_curve" VALUES('region',2045,'tech_future',2035,8.80000000000000115e-01,NULL);
REPLACE INTO "lifetime_survival_curve" VALUES('region',2050,'tech_future',2035,0.62,NULL);
REPLACE INTO "lifetime_survival_curve" VALUES('region',2055,'tech_future',2035,0.27,NULL);
REPLACE INTO "lifetime_survival_curve" VALUES('region',2060,'tech_future',2035,0.08,NULL);
REPLACE INTO "lifetime_survival_curve" VALUES('region',2070,'tech_future',2035,0.0,NULL);
REPLACE INTO "lifetime_survival_curve" VALUES('region',2040,'tech_future',2040,1.0,NULL);
REPLACE INTO "lifetime_survival_curve" VALUES('region',2045,'tech_future',2040,0.97,NULL);
REPLACE INTO "lifetime_survival_curve" VALUES('region',2050,'tech_future',2040,8.80000000000000115e-01,NULL);
REPLACE INTO "lifetime_survival_curve" VALUES('region',2055,'tech_future',2040,0.62,NULL);
REPLACE INTO "lifetime_survival_curve" VALUES('region',2060,'tech_future',2040,0.27,NULL);
REPLACE INTO "lifetime_survival_curve" VALUES('region',2065,'tech_future',2040,0.08,NULL);
REPLACE INTO "lifetime_survival_curve" VALUES('region',2075,'tech_future',2040,0.0,NULL);
REPLACE INTO "lifetime_survival_curve" VALUES('region',2045,'tech_future',2045,1.0,NULL);
REPLACE INTO "lifetime_survival_curve" VALUES('region',2050,'tech_future',2045,0.97,NULL);
REPLACE INTO "lifetime_survival_curve" VALUES('region',2055,'tech_future',2045,8.80000000000000115e-01,NULL);
REPLACE INTO "lifetime_survival_curve" VALUES('region',2060,'tech_future',2045,0.62,NULL);
REPLACE INTO "lifetime_survival_curve" VALUES('region',2065,'tech_future',2045,0.27,NULL);
REPLACE INTO "lifetime_survival_curve" VALUES('region',2070,'tech_future',2045,0.08,NULL);
REPLACE INTO "lifetime_survival_curve" VALUES('region',2080,'tech_future',2045,0.0,NULL);
REPLACE INTO "lifetime_survival_curve" VALUES('region',2050,'tech_future',2050,1.0,NULL);
REPLACE INTO "lifetime_survival_curve" VALUES('region',2055,'tech_future',2050,0.97,NULL);
REPLACE INTO "lifetime_survival_curve" VALUES('region',2060,'tech_future',2050,8.80000000000000115e-01,NULL);
REPLACE INTO "lifetime_survival_curve" VALUES('region',2065,'tech_future',2050,0.62,NULL);
REPLACE INTO "lifetime_survival_curve" VALUES('region',2070,'tech_future',2050,0.27,NULL);
REPLACE INTO "lifetime_survival_curve" VALUES('region',2075,'tech_future',2050,0.08,NULL);
REPLACE INTO "lifetime_survival_curve" VALUES('region',2085,'tech_future',2050,0.0,NULL);
REPLACE INTO "lifetime_tech" VALUES('region', 'tech_ancient', 35.0, NULL, NULL);
REPLACE INTO "lifetime_tech" VALUES('region', 'tech_old', 35.0, NULL, NULL);
REPLACE INTO "lifetime_tech" VALUES('region', 'tech_current', 35.0, NULL, NULL);
REPLACE INTO "lifetime_tech" VALUES('region', 'tech_future', 35.0, NULL, NULL);
REPLACE INTO "metadata" VALUES('days_per_period',365,'count of days in each period');
REPLACE INTO "metadata" VALUES('DB_MAJOR',4,'');
REPLACE INTO "metadata" VALUES('DB_MINOR',0,'');
REPLACE INTO "metadata_real" VALUES('global_discount_rate',0.05,'Discount Rate for future costs');
REPLACE INTO "metadata_real" VALUES('default_loan_rate',0.05,'Default Loan Rate if not specified in loan_rate table');
REPLACE INTO "operator" VALUES('e','equal to');
REPLACE INTO "operator" VALUES('le','less than or equal to');
REPLACE INTO "operator" VALUES('ge','greater than or equal to');
REPLACE INTO "region" VALUES('region',NULL);
REPLACE INTO "season_label" VALUES('s',NULL);
REPLACE INTO "technology" VALUES('tech_ancient','p','energy',NULL,NULL,0,0,0,0,0,0,0,0,NULL);
REPLACE INTO "technology" VALUES('tech_old','p','energy',NULL,NULL,0,0,0,0,0,0,0,0,NULL);
REPLACE INTO "technology" VALUES('tech_current','p','energy',NULL,NULL,0,0,0,0,0,0,0,0,NULL);
REPLACE INTO "technology" VALUES('tech_future','p','energy',NULL,NULL,0,0,0,0,0,0,0,0,NULL);
REPLACE INTO "technology_type" VALUES('p','production technology');
REPLACE INTO "technology_type" VALUES('pb','baseload production technology');
REPLACE INTO "technology_type" VALUES('ps','storage production technology');
REPLACE INTO "time_of_day" VALUES(0,'d');
REPLACE INTO "time_period" VALUES(-2,1994,'e');
REPLACE INTO "time_period" VALUES(-1,2010,'e');
REPLACE INTO "time_period" VALUES(0,2025,'f');
REPLACE INTO "time_period" VALUES(1,2030,'f');
REPLACE INTO "time_period" VALUES(2,2035,'f');
REPLACE INTO "time_period" VALUES(3,2040,'f');
REPLACE INTO "time_period" VALUES(4,2045,'f');
REPLACE INTO "time_period" VALUES(5,2050,'f');
REPLACE INTO "time_period" VALUES(6,2055,'f');
REPLACE INTO "time_period_type" VALUES('e','existing vintages');
REPLACE INTO "time_period_type" VALUES('f','future');
REPLACE INTO "time_season" VALUES(2025,0,'s',NULL);
REPLACE INTO "time_season" VALUES(2030,1,'s',NULL);
REPLACE INTO "time_season" VALUES(2035,2,'s',NULL);
REPLACE INTO "time_season" VALUES(2040,3,'s',NULL);
REPLACE INTO "time_season" VALUES(2045,4,'s',NULL);
REPLACE INTO "time_season" VALUES(2050,5,'s',NULL);
REPLACE INTO "time_segment_fraction" VALUES(2025,'s','d',1.0,NULL);
REPLACE INTO "time_segment_fraction" VALUES(2030,'s','d',1.0,NULL);
REPLACE INTO "time_segment_fraction" VALUES(2035,'s','d',1.0,NULL);
REPLACE INTO "time_segment_fraction" VALUES(2040,'s','d',1.0,NULL);
REPLACE INTO "time_segment_fraction" VALUES(2045,'s','d',1.0,NULL);
REPLACE INTO "time_segment_fraction" VALUES(2050,'s','d',1.0,NULL);
