REPLACE INTO "capacity_factor_tech" VALUES('R1',2020,'spring','day','E_SOLPV',0.6,'');
REPLACE INTO "capacity_factor_tech" VALUES('R1',2020,'spring','night','E_SOLPV',0.0,'');
REPLACE INTO "capacity_factor_tech" VALUES('R1',2020,'summer','day','E_SOLPV',0.6,'');
REPLACE INTO "capacity_factor_tech" VALUES('R1',2020,'summer','night','E_SOLPV',0.0,'');
REPLACE INTO "capacity_factor_tech" VALUES('R1',2020,'fall','day','E_SOLPV',0.6,'');
REPLACE INTO "capacity_factor_tech" VALUES('R1',2020,'fall','night','E_SOLPV',0.0,'');
REPLACE INTO "capacity_factor_tech" VALUES('R1',2020,'winter','day','E_SOLPV',0.6,'');
REPLACE INTO "capacity_factor_tech" VALUES('R1',2020,'winter','night','E_SOLPV',0.0,'');
REPLACE INTO "capacity_factor_tech" VALUES('R2',2020,'spring','day','E_SOLPV',0.48,'');
REPLACE INTO "capacity_factor_tech" VALUES('R2',2020,'spring','night','E_SOLPV',0.0,'');
REPLACE INTO "capacity_factor_tech" VALUES('R2',2020,'summer','day','E_SOLPV',0.48,'');
REPLACE INTO "capacity_factor_tech" VALUES('R2',2020,'summer','night','E_SOLPV',0.0,'');
REPLACE INTO "capacity_factor_tech" VALUES('R2',2020,'fall','day','E_SOLPV',0.48,'');
REPLACE INTO "capacity_factor_tech" VALUES('R2',2020,'fall','night','E_SOLPV',0.0,'');
REPLACE INTO "capacity_factor_tech" VALUES('R2',2020,'winter','day','E_SOLPV',0.48,'');
REPLACE INTO "capacity_factor_tech" VALUES('R2',2020,'winter','night','E_SOLPV',0.0,'');
REPLACE INTO "capacity_factor_tech" VALUES('R1',2025,'spring','day','E_SOLPV',0.6,'');
REPLACE INTO "capacity_factor_tech" VALUES('R1',2025,'spring','night','E_SOLPV',0.0,'');
REPLACE INTO "capacity_factor_tech" VALUES('R1',2025,'summer','day','E_SOLPV',0.6,'');
REPLACE INTO "capacity_factor_tech" VALUES('R1',2025,'summer','night','E_SOLPV',0.0,'');
REPLACE INTO "capacity_factor_tech" VALUES('R1',2025,'fall','day','E_SOLPV',0.6,'');
REPLACE INTO "capacity_factor_tech" VALUES('R1',2025,'fall','night','E_SOLPV',0.0,'');
REPLACE INTO "capacity_factor_tech" VALUES('R1',2025,'winter','day','E_SOLPV',0.6,'');
REPLACE INTO "capacity_factor_tech" VALUES('R1',2025,'winter','night','E_SOLPV',0.0,'');
REPLACE INTO "capacity_factor_tech" VALUES('R2',2025,'spring','day','E_SOLPV',0.48,'');
REPLACE INTO "capacity_factor_tech" VALUES('R2',2025,'spring','night','E_SOLPV',0.0,'');
REPLACE INTO "capacity_factor_tech" VALUES('R2',2025,'summer','day','E_SOLPV',0.48,'');
REPLACE INTO "capacity_factor_tech" VALUES('R2',2025,'summer','night','E_SOLPV',0.0,'');
REPLACE INTO "capacity_factor_tech" VALUES('R2',2025,'fall','day','E_SOLPV',0.48,'');
REPLACE INTO "capacity_factor_tech" VALUES('R2',2025,'fall','night','E_SOLPV',0.0,'');
REPLACE INTO "capacity_factor_tech" VALUES('R2',2025,'winter','day','E_SOLPV',0.48,'');
REPLACE INTO "capacity_factor_tech" VALUES('R2',2025,'winter','night','E_SOLPV',0.0,'');
REPLACE INTO "capacity_factor_tech" VALUES('R1',2030,'spring','day','E_SOLPV',0.6,'');
REPLACE INTO "capacity_factor_tech" VALUES('R1',2030,'spring','night','E_SOLPV',0.0,'');
REPLACE INTO "capacity_factor_tech" VALUES('R1',2030,'summer','day','E_SOLPV',0.6,'');
REPLACE INTO "capacity_factor_tech" VALUES('R1',2030,'summer','night','E_SOLPV',0.0,'');
REPLACE INTO "capacity_factor_tech" VALUES('R1',2030,'fall','day','E_SOLPV',0.6,'');
REPLACE INTO "capacity_factor_tech" VALUES('R1',2030,'fall','night','E_SOLPV',0.0,'');
REPLACE INTO "capacity_factor_tech" VALUES('R1',2030,'winter','day','E_SOLPV',0.6,'');
REPLACE INTO "capacity_factor_tech" VALUES('R1',2030,'winter','night','E_SOLPV',0.0,'');
REPLACE INTO "capacity_factor_tech" VALUES('R2',2030,'spring','day','E_SOLPV',0.48,'');
REPLACE INTO "capacity_factor_tech" VALUES('R2',2030,'spring','night','E_SOLPV',0.0,'');
REPLACE INTO "capacity_factor_tech" VALUES('R2',2030,'summer','day','E_SOLPV',0.48,'');
REPLACE INTO "capacity_factor_tech" VALUES('R2',2030,'summer','night','E_SOLPV',0.0,'');
REPLACE INTO "capacity_factor_tech" VALUES('R2',2030,'fall','day','E_SOLPV',0.48,'');
REPLACE INTO "capacity_factor_tech" VALUES('R2',2030,'fall','night','E_SOLPV',0.0,'');
REPLACE INTO "capacity_factor_tech" VALUES('R2',2030,'winter','day','E_SOLPV',0.48,'');
REPLACE INTO "capacity_factor_tech" VALUES('R2',2030,'winter','night','E_SOLPV',0.0,'');
REPLACE INTO "capacity_to_activity" VALUES('R1', 'S_IMPETH', 1.0, NULL, '');
REPLACE INTO "capacity_to_activity" VALUES('R1', 'S_IMPOIL', 1.0, NULL, '');
REPLACE INTO "capacity_to_activity" VALUES('R1', 'S_IMPNG', 1.0, NULL, '');
REPLACE INTO "capacity_to_activity" VALUES('R1', 'S_IMPURN', 1.0, NULL, '');
REPLACE INTO "capacity_to_activity" VALUES('R1', 'S_OILREF', 1.0, NULL, '');
REPLACE INTO "capacity_to_activity" VALUES('R1', 'E_NGCC', 31.54, NULL, '');
REPLACE INTO "capacity_to_activity" VALUES('R1', 'E_SOLPV', 31.54, NULL, '');
REPLACE INTO "capacity_to_activity" VALUES('R1', 'E_BATT', 31.54, NULL, '');
REPLACE INTO "capacity_to_activity" VALUES('R1', 'E_NUCLEAR', 31.54, NULL, '');
REPLACE INTO "capacity_to_activity" VALUES('R1', 'T_BLND', 1.0, NULL, '');
REPLACE INTO "capacity_to_activity" VALUES('R1', 'T_DSL', 1.0, NULL, '');
REPLACE INTO "capacity_to_activity" VALUES('R1', 'T_GSL', 1.0, NULL, '');
REPLACE INTO "capacity_to_activity" VALUES('R1', 'T_EV', 1.0, NULL, '');
REPLACE INTO "capacity_to_activity" VALUES('R1', 'R_EH', 1.0, NULL, '');
REPLACE INTO "capacity_to_activity" VALUES('R1', 'R_NGH', 1.0, NULL, '');
REPLACE INTO "capacity_to_activity" VALUES('R2', 'S_IMPETH', 1.0, NULL, '');
REPLACE INTO "capacity_to_activity" VALUES('R2', 'S_IMPOIL', 1.0, NULL, '');
REPLACE INTO "capacity_to_activity" VALUES('R2', 'S_IMPNG', 1.0, NULL, '');
REPLACE INTO "capacity_to_activity" VALUES('R2', 'S_IMPURN', 1.0, NULL, '');
REPLACE INTO "capacity_to_activity" VALUES('R2', 'S_OILREF', 1.0, NULL, '');
REPLACE INTO "capacity_to_activity" VALUES('R2', 'E_NGCC', 31.54, NULL, '');
REPLACE INTO "capacity_to_activity" VALUES('R2', 'E_SOLPV', 31.54, NULL, '');
REPLACE INTO "capacity_to_activity" VALUES('R2', 'E_BATT', 31.54, NULL, '');
REPLACE INTO "capacity_to_activity" VALUES('R2', 'E_NUCLEAR', 31.54, NULL, '');
REPLACE INTO "capacity_to_activity" VALUES('R2', 'T_BLND', 1.0, NULL, '');
REPLACE INTO "capacity_to_activity" VALUES('R2', 'T_DSL', 1.0, NULL, '');
REPLACE INTO "capacity_to_activity" VALUES('R2', 'T_GSL', 1.0, NULL, '');
REPLACE INTO "capacity_to_activity" VALUES('R2', 'T_EV', 1.0, NULL, '');
REPLACE INTO "capacity_to_activity" VALUES('R2', 'R_EH', 1.0, NULL, '');
REPLACE INTO "capacity_to_activity" VALUES('R2', 'R_NGH', 1.0, NULL, '');
REPLACE INTO "capacity_to_activity" VALUES('R1-R2', 'E_TRANS', 31.54, NULL, '');
REPLACE INTO "capacity_to_activity" VALUES('R2-R1', 'E_TRANS', 31.54, NULL, '');
REPLACE INTO "commodity" VALUES('ethos', 's', 'dummy commodity to supply inputs (makes graph easier to read)', NULL);
REPLACE INTO "commodity" VALUES('OIL', 'p', 'crude oil', NULL);
REPLACE INTO "commodity" VALUES('NG', 'p', 'natural gas', NULL);
REPLACE INTO "commodity" VALUES('URN', 'p', 'uranium', NULL);
REPLACE INTO "commodity" VALUES('ETH', 'p', 'ethanol', NULL);
REPLACE INTO "commodity" VALUES('SOL', 'p', 'solar insolation', NULL);
REPLACE INTO "commodity" VALUES('GSL', 'p', 'gasoline', NULL);
REPLACE INTO "commodity" VALUES('DSL', 'p', 'diesel', NULL);
REPLACE INTO "commodity" VALUES('ELC', 'p', 'electricity', NULL);
REPLACE INTO "commodity" VALUES('E10', 'p', 'gasoline blend with 10% ethanol', NULL);
REPLACE INTO "commodity" VALUES('VMT', 'd', 'travel demand for vehicle-miles traveled', NULL);
REPLACE INTO "commodity" VALUES('RH', 'd', 'demand for residential heating', NULL);
REPLACE INTO "commodity" VALUES('CO2', 'e', 'CO2 emissions commodity', NULL);
REPLACE INTO "commodity_type" VALUES('w','waste commodity');
REPLACE INTO "commodity_type" VALUES('wa','waste annual commodity');
REPLACE INTO "commodity_type" VALUES('wp','waste physical commodity');
REPLACE INTO "commodity_type" VALUES('a','annual commodity');
REPLACE INTO "commodity_type" VALUES('s','source commodity');
REPLACE INTO "commodity_type" VALUES('p','physical commodity');
REPLACE INTO "commodity_type" VALUES('e','emissions commodity');
REPLACE INTO "commodity_type" VALUES('d','demand commodity');
REPLACE INTO "cost_fixed" VALUES('R1',2020,'E_NGCC',2020,30.6,'$M/GWyr','');
REPLACE INTO "cost_fixed" VALUES('R1',2025,'E_NGCC',2020,9.78,'$M/GWyr','');
REPLACE INTO "cost_fixed" VALUES('R1',2025,'E_NGCC',2025,9.78,'$M/GWyr','');
REPLACE INTO "cost_fixed" VALUES('R1',2030,'E_NGCC',2020,9.78,'$M/GWyr','');
REPLACE INTO "cost_fixed" VALUES('R1',2030,'E_NGCC',2025,9.78,'$M/GWyr','');
REPLACE INTO "cost_fixed" VALUES('R1',2030,'E_NGCC',2030,9.78,'$M/GWyr','');
REPLACE INTO "cost_fixed" VALUES('R1',2020,'E_SOLPV',2020,10.4,'$M/GWyr','');
REPLACE INTO "cost_fixed" VALUES('R1',2025,'E_SOLPV',2020,10.4,'$M/GWyr','');
REPLACE INTO "cost_fixed" VALUES('R1',2025,'E_SOLPV',2025,9.1,'$M/GWyr','');
REPLACE INTO "cost_fixed" VALUES('R1',2030,'E_SOLPV',2020,10.4,'$M/GWyr','');
REPLACE INTO "cost_fixed" VALUES('R1',2030,'E_SOLPV',2025,9.1,'$M/GWyr','');
REPLACE INTO "cost_fixed" VALUES('R1',2030,'E_SOLPV',2030,9.1,'$M/GWyr','');
REPLACE INTO "cost_fixed" VALUES('R1',2020,'E_NUCLEAR',2020,9.809999999999998e+01,'$M/GWyr','');
REPLACE INTO "cost_fixed" VALUES('R1',2025,'E_NUCLEAR',2020,9.809999999999998e+01,'$M/GWyr','');
REPLACE INTO "cost_fixed" VALUES('R1',2025,'E_NUCLEAR',2025,9.809999999999998e+01,'$M/GWyr','');
REPLACE INTO "cost_fixed" VALUES('R1',2030,'E_NUCLEAR',2020,9.809999999999998e+01,'$M/GWyr','');
REPLACE INTO "cost_fixed" VALUES('R1',2030,'E_NUCLEAR',2025,9.809999999999998e+01,'$M/GWyr','');
REPLACE INTO "cost_fixed" VALUES('R1',2030,'E_NUCLEAR',2030,9.809999999999998e+01,'$M/GWyr','');
REPLACE INTO "cost_fixed" VALUES('R1',2020,'E_BATT',2020,7.05,'$M/GWyr','');
REPLACE INTO "cost_fixed" VALUES('R1',2025,'E_BATT',2020,7.05,'$M/GWyr','');
REPLACE INTO "cost_fixed" VALUES('R1',2025,'E_BATT',2025,7.05,'$M/GWyr','');
REPLACE INTO "cost_fixed" VALUES('R1',2030,'E_BATT',2020,7.05,'$M/GWyr','');
REPLACE INTO "cost_fixed" VALUES('R1',2030,'E_BATT',2025,7.05,'$M/GWyr','');
REPLACE INTO "cost_fixed" VALUES('R1',2030,'E_BATT',2030,7.05,'$M/GWyr','');
REPLACE INTO "cost_fixed" VALUES('R2',2020,'E_NGCC',2020,24.48,'$M/GWyr','');
REPLACE INTO "cost_fixed" VALUES('R2',2025,'E_NGCC',2020,7.824,'$M/GWyr','');
REPLACE INTO "cost_fixed" VALUES('R2',2025,'E_NGCC',2025,7.824,'$M/GWyr','');
REPLACE INTO "cost_fixed" VALUES('R2',2030,'E_NGCC',2020,7.824,'$M/GWyr','');
REPLACE INTO "cost_fixed" VALUES('R2',2030,'E_NGCC',2025,7.824,'$M/GWyr','');
REPLACE INTO "cost_fixed" VALUES('R2',2030,'E_NGCC',2030,7.824,'$M/GWyr','');
REPLACE INTO "cost_fixed" VALUES('R2',2020,'E_SOLPV',2020,8.32,'$M/GWyr','');
REPLACE INTO "cost_fixed" VALUES('R2',2025,'E_SOLPV',2020,8.32,'$M/GWyr','');
REPLACE INTO "cost_fixed" VALUES('R2',2025,'E_SOLPV',2025,7.28,'$M/GWyr','');
REPLACE INTO "cost_fixed" VALUES('R2',2030,'E_SOLPV',2020,8.32,'$M/GWyr','');
REPLACE INTO "cost_fixed" VALUES('R2',2030,'E_SOLPV',2025,7.28,'$M/GWyr','');
REPLACE INTO "cost_fixed" VALUES('R2',2030,'E_SOLPV',2030,7.28,'$M/GWyr','');
REPLACE INTO "cost_fixed" VALUES('R2',2020,'E_NUCLEAR',2020,78.48,'$M/GWyr','');
REPLACE INTO "cost_fixed" VALUES('R2',2025,'E_NUCLEAR',2020,78.48,'$M/GWyr','');
REPLACE INTO "cost_fixed" VALUES('R2',2025,'E_NUCLEAR',2025,78.48,'$M/GWyr','');
REPLACE INTO "cost_fixed" VALUES('R2',2030,'E_NUCLEAR',2020,78.48,'$M/GWyr','');
REPLACE INTO "cost_fixed" VALUES('R2',2030,'E_NUCLEAR',2025,78.48,'$M/GWyr','');
REPLACE INTO "cost_fixed" VALUES('R2',2030,'E_NUCLEAR',2030,78.48,'$M/GWyr','');
REPLACE INTO "cost_fixed" VALUES('R2',2020,'E_BATT',2020,5.64,'$M/GWyr','');
REPLACE INTO "cost_fixed" VALUES('R2',2025,'E_BATT',2020,5.64,'$M/GWyr','');
REPLACE INTO "cost_fixed" VALUES('R2',2025,'E_BATT',2025,5.64,'$M/GWyr','');
REPLACE INTO "cost_fixed" VALUES('R2',2030,'E_BATT',2020,5.64,'$M/GWyr','');
REPLACE INTO "cost_fixed" VALUES('R2',2030,'E_BATT',2025,5.64,'$M/GWyr','');
REPLACE INTO "cost_fixed" VALUES('R2',2030,'E_BATT',2030,5.64,'$M/GWyr','');
REPLACE INTO "cost_invest" VALUES('R1','E_NGCC',2020,1050.0,'$M/GW','');
REPLACE INTO "cost_invest" VALUES('R1','E_NGCC',2025,1025.0,'$M/GW','');
REPLACE INTO "cost_invest" VALUES('R1','E_NGCC',2030,1000.0,'$M/GW','');
REPLACE INTO "cost_invest" VALUES('R1','E_SOLPV',2020,900.0,'$M/GW','');
REPLACE INTO "cost_invest" VALUES('R1','E_SOLPV',2025,560.0,'$M/GW','');
REPLACE INTO "cost_invest" VALUES('R1','E_SOLPV',2030,800.0,'$M/GW','');
REPLACE INTO "cost_invest" VALUES('R1','E_NUCLEAR',2020,6145.0,'$M/GW','');
REPLACE INTO "cost_invest" VALUES('R1','E_NUCLEAR',2025,6045.0,'$M/GW','');
REPLACE INTO "cost_invest" VALUES('R1','E_NUCLEAR',2030,5890.0,'$M/GW','');
REPLACE INTO "cost_invest" VALUES('R1','E_BATT',2020,1150.0,'$M/GW','');
REPLACE INTO "cost_invest" VALUES('R1','E_BATT',2025,720.0,'$M/GW','');
REPLACE INTO "cost_invest" VALUES('R1','E_BATT',2030,480.0,'$M/GW','');
REPLACE INTO "cost_invest" VALUES('R1','T_GSL',2020,2570.0,'$/bvmt/yr','');
REPLACE INTO "cost_invest" VALUES('R1','T_GSL',2025,2700.0,'$/bvmt/yr','');
REPLACE INTO "cost_invest" VALUES('R1','T_GSL',2030,2700.0,'$/bvmt/yr','');
REPLACE INTO "cost_invest" VALUES('R1','T_DSL',2020,2715.0,'$/bvmt/yr','');
REPLACE INTO "cost_invest" VALUES('R1','T_DSL',2025,2810.0,'$/bvmt/yr','');
REPLACE INTO "cost_invest" VALUES('R1','T_DSL',2030,2810.0,'$/bvmt/yr','');
REPLACE INTO "cost_invest" VALUES('R1','T_EV',2020,3100.0,'$/bvmt/yr','');
REPLACE INTO "cost_invest" VALUES('R1','T_EV',2025,3030.0,'$/bvmt/yr','');
REPLACE INTO "cost_invest" VALUES('R1','T_EV',2030,2925.0,'$/bvmt/yr','');
REPLACE INTO "cost_invest" VALUES('R1','R_EH',2020,4.1,'$/PJ/yr','');
REPLACE INTO "cost_invest" VALUES('R1','R_EH',2025,4.1,'$/PJ/yr','');
REPLACE INTO "cost_invest" VALUES('R1','R_EH',2030,4.1,'$/PJ/yr','');
REPLACE INTO "cost_invest" VALUES('R1','R_NGH',2020,7.6,'$/PJ/yr','');
REPLACE INTO "cost_invest" VALUES('R1','R_NGH',2025,7.6,'$/PJ/yr','');
REPLACE INTO "cost_invest" VALUES('R1','R_NGH',2030,7.6,'$/PJ/yr','');
REPLACE INTO "cost_invest" VALUES('R2','E_NGCC',2020,840.0,'$M/GW','');
REPLACE INTO "cost_invest" VALUES('R2','E_NGCC',2025,820.0,'$M/GW','');
REPLACE INTO "cost_invest" VALUES('R2','E_NGCC',2030,800.0,'$M/GW','');
REPLACE INTO "cost_invest" VALUES('R2','E_SOLPV',2020,720.0,'$M/GW','');
REPLACE INTO "cost_invest" VALUES('R2','E_SOLPV',2025,448.0,'$M/GW','');
REPLACE INTO "cost_invest" VALUES('R2','E_SOLPV',2030,640.0,'$M/GW','');
REPLACE INTO "cost_invest" VALUES('R2','E_NUCLEAR',2020,4916.0,'$M/GW','');
REPLACE INTO "cost_invest" VALUES('R2','E_NUCLEAR',2025,4836.0,'$M/GW','');
REPLACE INTO "cost_invest" VALUES('R2','E_NUCLEAR',2030,4712.0,'$M/GW','');
REPLACE INTO "cost_invest" VALUES('R2','E_BATT',2020,920.0,'$M/GW','');
REPLACE INTO "cost_invest" VALUES('R2','E_BATT',2025,576.0,'$M/GW','');
REPLACE INTO "cost_invest" VALUES('R2','E_BATT',2030,384.0,'$M/GW','');
REPLACE INTO "cost_invest" VALUES('R2','T_GSL',2020,2056.0,'$/bvmt/yr','');
REPLACE INTO "cost_invest" VALUES('R2','T_GSL',2025,2160.0,'$/bvmt/yr','');
REPLACE INTO "cost_invest" VALUES('R2','T_GSL',2030,2160.0,'$/bvmt/yr','');
REPLACE INTO "cost_invest" VALUES('R2','T_DSL',2020,2172.0,'$/bvmt/yr','');
REPLACE INTO "cost_invest" VALUES('R2','T_DSL',2025,2248.0,'$/bvmt/yr','');
REPLACE INTO "cost_invest" VALUES('R2','T_DSL',2030,2248.0,'$/bvmt/yr','');
REPLACE INTO "cost_invest" VALUES('R2','T_EV',2020,2480.0,'$/bvmt/yr','');
REPLACE INTO "cost_invest" VALUES('R2','T_EV',2025,2424.0,'$/bvmt/yr','');
REPLACE INTO "cost_invest" VALUES('R2','T_EV',2030,2340.0,'$/bvmt/yr','');
REPLACE INTO "cost_invest" VALUES('R2','R_EH',2020,3.28,'$/PJ/yr','');
REPLACE INTO "cost_invest" VALUES('R2','R_EH',2025,3.28,'$/PJ/yr','');
REPLACE INTO "cost_invest" VALUES('R2','R_EH',2030,3.28,'$/PJ/yr','');
REPLACE INTO "cost_invest" VALUES('R2','R_NGH',2020,6.08,'$/PJ/yr','');
REPLACE INTO "cost_invest" VALUES('R2','R_NGH',2025,6.08,'$/PJ/yr','');
REPLACE INTO "cost_invest" VALUES('R2','R_NGH',2030,6.08,'$/PJ/yr','');
REPLACE INTO "cost_variable" VALUES('R1',2020,'S_IMPETH',2020,32.0,'$M/PJ','');
REPLACE INTO "cost_variable" VALUES('R1',2025,'S_IMPETH',2020,32.0,'$M/PJ','');
REPLACE INTO "cost_variable" VALUES('R1',2030,'S_IMPETH',2020,32.0,'$M/PJ','');
REPLACE INTO "cost_variable" VALUES('R1',2020,'S_IMPOIL',2020,20.0,'$M/PJ','');
REPLACE INTO "cost_variable" VALUES('R1',2025,'S_IMPOIL',2020,20.0,'$M/PJ','');
REPLACE INTO "cost_variable" VALUES('R1',2030,'S_IMPOIL',2020,20.0,'$M/PJ','');
REPLACE INTO "cost_variable" VALUES('R1',2020,'S_IMPNG',2020,4.0,'$M/PJ','');
REPLACE INTO "cost_variable" VALUES('R1',2025,'S_IMPNG',2020,4.0,'$M/PJ','');
REPLACE INTO "cost_variable" VALUES('R1',2030,'S_IMPNG',2020,4.0,'$M/PJ','');
REPLACE INTO "cost_variable" VALUES('R1',2020,'S_OILREF',2020,1.0,'$M/PJ','');
REPLACE INTO "cost_variable" VALUES('R1',2025,'S_OILREF',2020,1.0,'$M/PJ','');
REPLACE INTO "cost_variable" VALUES('R1',2030,'S_OILREF',2020,1.0,'$M/PJ','');
REPLACE INTO "cost_variable" VALUES('R1',2020,'E_NGCC',2020,1.6,'$M/PJ','');
REPLACE INTO "cost_variable" VALUES('R1',2025,'E_NGCC',2020,1.6,'$M/PJ','');
REPLACE INTO "cost_variable" VALUES('R1',2025,'E_NGCC',2025,1.7,'$M/PJ','');
REPLACE INTO "cost_variable" VALUES('R1',2030,'E_NGCC',2020,1.6,'$M/PJ','');
REPLACE INTO "cost_variable" VALUES('R1',2030,'E_NGCC',2025,1.7,'$M/PJ','');
REPLACE INTO "cost_variable" VALUES('R1',2030,'E_NGCC',2030,1.8,'$M/PJ','');
REPLACE INTO "cost_variable" VALUES('R1',2020,'E_NUCLEAR',2020,0.24,'$M/PJ','');
REPLACE INTO "cost_variable" VALUES('R1',2025,'E_NUCLEAR',2020,0.24,'$M/PJ','');
REPLACE INTO "cost_variable" VALUES('R1',2025,'E_NUCLEAR',2025,0.25,'$M/PJ','');
REPLACE INTO "cost_variable" VALUES('R1',2030,'E_NUCLEAR',2020,0.24,'$M/PJ','');
REPLACE INTO "cost_variable" VALUES('R1',2030,'E_NUCLEAR',2025,0.25,'$M/PJ','');
REPLACE INTO "cost_variable" VALUES('R1',2030,'E_NUCLEAR',2030,0.26,'$M/PJ','');
REPLACE INTO "cost_variable" VALUES('R2',2020,'S_IMPETH',2020,25.6,'$M/PJ','');
REPLACE INTO "cost_variable" VALUES('R2',2025,'S_IMPETH',2020,25.6,'$M/PJ','');
REPLACE INTO "cost_variable" VALUES('R2',2030,'S_IMPETH',2020,25.6,'$M/PJ','');
REPLACE INTO "cost_variable" VALUES('R2',2020,'S_IMPOIL',2020,16.0,'$M/PJ','');
REPLACE INTO "cost_variable" VALUES('R2',2025,'S_IMPOIL',2020,16.0,'$M/PJ','');
REPLACE INTO "cost_variable" VALUES('R2',2030,'S_IMPOIL',2020,16.0,'$M/PJ','');
REPLACE INTO "cost_variable" VALUES('R2',2020,'S_IMPNG',2020,3.2,'$M/PJ','');
REPLACE INTO "cost_variable" VALUES('R2',2025,'S_IMPNG',2020,3.2,'$M/PJ','');
REPLACE INTO "cost_variable" VALUES('R2',2030,'S_IMPNG',2020,3.2,'$M/PJ','');
REPLACE INTO "cost_variable" VALUES('R2',2020,'S_OILREF',2020,0.8,'$M/PJ','');
REPLACE INTO "cost_variable" VALUES('R2',2025,'S_OILREF',2020,0.8,'$M/PJ','');
REPLACE INTO "cost_variable" VALUES('R2',2030,'S_OILREF',2020,0.8,'$M/PJ','');
REPLACE INTO "cost_variable" VALUES('R2',2020,'E_NGCC',2020,1.28,'$M/PJ','');
REPLACE INTO "cost_variable" VALUES('R2',2025,'E_NGCC',2020,1.28,'$M/PJ','');
REPLACE INTO "cost_variable" VALUES('R2',2025,'E_NGCC',2025,1.36,'$M/PJ','');
REPLACE INTO "cost_variable" VALUES('R2',2030,'E_NGCC',2020,1.28,'$M/PJ','');
REPLACE INTO "cost_variable" VALUES('R2',2030,'E_NGCC',2025,1.36,'$M/PJ','');
REPLACE INTO "cost_variable" VALUES('R2',2030,'E_NGCC',2030,1.44,'$M/PJ','');
REPLACE INTO "cost_variable" VALUES('R2',2020,'E_NUCLEAR',2020,0.192,'$M/PJ','');
REPLACE INTO "cost_variable" VALUES('R2',2025,'E_NUCLEAR',2020,0.192,'$M/PJ','');
REPLACE INTO "cost_variable" VALUES('R2',2025,'E_NUCLEAR',2025,0.2,'$M/PJ','');
REPLACE INTO "cost_variable" VALUES('R2',2030,'E_NUCLEAR',2020,0.192,'$M/PJ','');
REPLACE INTO "cost_variable" VALUES('R2',2030,'E_NUCLEAR',2025,0.2,'$M/PJ','');
REPLACE INTO "cost_variable" VALUES('R2',2030,'E_NUCLEAR',2030,2.08000000000000018e-01,'$M/PJ','');
REPLACE INTO "cost_variable" VALUES('R1-R2',2020,'E_TRANS',2015,0.1,'$M/PJ','');
REPLACE INTO "cost_variable" VALUES('R1-R2',2025,'E_TRANS',2015,0.1,'$M/PJ','');
REPLACE INTO "cost_variable" VALUES('R1-R2',2030,'E_TRANS',2015,0.1,'$M/PJ','');
REPLACE INTO "cost_variable" VALUES('R2-R1',2020,'E_TRANS',2015,0.1,'$M/PJ','');
REPLACE INTO "cost_variable" VALUES('R2-R1',2025,'E_TRANS',2015,0.1,'$M/PJ','');
REPLACE INTO "cost_variable" VALUES('R2-R1',2030,'E_TRANS',2015,0.1,'$M/PJ','');
REPLACE INTO "demand" VALUES('R1',2020,'RH',30.0,'','');
REPLACE INTO "demand" VALUES('R1',2025,'RH',33.0,'','');
REPLACE INTO "demand" VALUES('R1',2030,'RH',36.0,'','');
REPLACE INTO "demand" VALUES('R1',2020,'VMT',84.0,'','');
REPLACE INTO "demand" VALUES('R1',2025,'VMT',91.0,'','');
REPLACE INTO "demand" VALUES('R1',2030,'VMT',98.0,'','');
REPLACE INTO "demand" VALUES('R2',2020,'RH',70.0,'','');
REPLACE INTO "demand" VALUES('R2',2025,'RH',77.0,'','');
REPLACE INTO "demand" VALUES('R2',2030,'RH',84.0,'','');
REPLACE INTO "demand" VALUES('R2',2020,'VMT',36.0,'','');
REPLACE INTO "demand" VALUES('R2',2025,'VMT',39.0,'','');
REPLACE INTO "demand" VALUES('R2',2030,'VMT',42.0,'','');
REPLACE INTO "demand_specific_distribution" VALUES('R1',2020,'spring','day','RH',0.05,'');
REPLACE INTO "demand_specific_distribution" VALUES('R1',2020,'spring','night','RH',0.1,'');
REPLACE INTO "demand_specific_distribution" VALUES('R1',2020,'summer','day','RH',0.0,'');
REPLACE INTO "demand_specific_distribution" VALUES('R1',2020,'summer','night','RH',0.0,'');
REPLACE INTO "demand_specific_distribution" VALUES('R1',2020,'fall','day','RH',0.05,'');
REPLACE INTO "demand_specific_distribution" VALUES('R1',2020,'fall','night','RH',0.1,'');
REPLACE INTO "demand_specific_distribution" VALUES('R1',2020,'winter','day','RH',0.3,'');
REPLACE INTO "demand_specific_distribution" VALUES('R1',2020,'winter','night','RH',0.4,'');
REPLACE INTO "demand_specific_distribution" VALUES('R2',2020,'spring','day','RH',0.05,'');
REPLACE INTO "demand_specific_distribution" VALUES('R2',2020,'spring','night','RH',0.1,'');
REPLACE INTO "demand_specific_distribution" VALUES('R2',2020,'summer','day','RH',0.0,'');
REPLACE INTO "demand_specific_distribution" VALUES('R2',2020,'summer','night','RH',0.0,'');
REPLACE INTO "demand_specific_distribution" VALUES('R2',2020,'fall','day','RH',0.05,'');
REPLACE INTO "demand_specific_distribution" VALUES('R2',2020,'fall','night','RH',0.1,'');
REPLACE INTO "demand_specific_distribution" VALUES('R2',2020,'winter','day','RH',0.3,'');
REPLACE INTO "demand_specific_distribution" VALUES('R2',2020,'winter','night','RH',0.4,'');
REPLACE INTO "demand_specific_distribution" VALUES('R1',2025,'spring','day','RH',0.05,'');
REPLACE INTO "demand_specific_distribution" VALUES('R1',2025,'spring','night','RH',0.1,'');
REPLACE INTO "demand_specific_distribution" VALUES('R1',2025,'summer','day','RH',0.0,'');
REPLACE INTO "demand_specific_distribution" VALUES('R1',2025,'summer','night','RH',0.0,'');
REPLACE INTO "demand_specific_distribution" VALUES('R1',2025,'fall','day','RH',0.05,'');
REPLACE INTO "demand_specific_distribution" VALUES('R1',2025,'fall','night','RH',0.1,'');
REPLACE INTO "demand_specific_distribution" VALUES('R1',2025,'winter','day','RH',0.3,'');
REPLACE INTO "demand_specific_distribution" VALUES('R1',2025,'winter','night','RH',0.4,'');
REPLACE INTO "demand_specific_distribution" VALUES('R2',2025,'spring','day','RH',0.05,'');
REPLACE INTO "demand_specific_distribution" VALUES('R2',2025,'spring','night','RH',0.1,'');
REPLACE INTO "demand_specific_distribution" VALUES('R2',2025,'summer','day','RH',0.0,'');
REPLACE INTO "demand_specific_distribution" VALUES('R2',2025,'summer','night','RH',0.0,'');
REPLACE INTO "demand_specific_distribution" VALUES('R2',2025,'fall','day','RH',0.05,'');
REPLACE INTO "demand_specific_distribution" VALUES('R2',2025,'fall','night','RH',0.1,'');
REPLACE INTO "demand_specific_distribution" VALUES('R2',2025,'winter','day','RH',0.3,'');
REPLACE INTO "demand_specific_distribution" VALUES('R2',2025,'winter','night','RH',0.4,'');
REPLACE INTO "demand_specific_distribution" VALUES('R1',2030,'spring','day','RH',0.05,'');
REPLACE INTO "demand_specific_distribution" VALUES('R1',2030,'spring','night','RH',0.1,'');
REPLACE INTO "demand_specific_distribution" VALUES('R1',2030,'summer','day','RH',0.0,'');
REPLACE INTO "demand_specific_distribution" VALUES('R1',2030,'summer','night','RH',0.0,'');
REPLACE INTO "demand_specific_distribution" VALUES('R1',2030,'fall','day','RH',0.05,'');
REPLACE INTO "demand_specific_distribution" VALUES('R1',2030,'fall','night','RH',0.1,'');
REPLACE INTO "demand_specific_distribution" VALUES('R1',2030,'winter','day','RH',0.3,'');
REPLACE INTO "demand_specific_distribution" VALUES('R1',2030,'winter','night','RH',0.4,'');
REPLACE INTO "demand_specific_distribution" VALUES('R2',2030,'spring','day','RH',0.05,'');
REPLACE INTO "demand_specific_distribution" VALUES('R2',2030,'spring','night','RH',0.1,'');
REPLACE INTO "demand_specific_distribution" VALUES('R2',2030,'summer','day','RH',0.0,'');
REPLACE INTO "demand_specific_distribution" VALUES('R2',2030,'summer','night','RH',0.0,'');
REPLACE INTO "demand_specific_distribution" VALUES('R2',2030,'fall','day','RH',0.05,'');
REPLACE INTO "demand_specific_distribution" VALUES('R2',2030,'fall','night','RH',0.1,'');
REPLACE INTO "demand_specific_distribution" VALUES('R2',2030,'winter','day','RH',0.3,'');
REPLACE INTO "demand_specific_distribution" VALUES('R2',2030,'winter','night','RH',0.4,'');
REPLACE INTO "efficiency" VALUES('R1', 'ethos', 'S_IMPETH', 2020, 'ETH', 1.0, NULL, '');
REPLACE INTO "efficiency" VALUES('R1', 'ethos', 'S_IMPOIL', 2020, 'OIL', 1.0, NULL, '');
REPLACE INTO "efficiency" VALUES('R1', 'ethos', 'S_IMPNG', 2020, 'NG', 1.0, NULL, '');
REPLACE INTO "efficiency" VALUES('R1', 'ethos', 'S_IMPURN', 2020, 'URN', 1.0, NULL, '');
REPLACE INTO "efficiency" VALUES('R1', 'OIL', 'S_OILREF', 2020, 'GSL', 1.0, NULL, '');
REPLACE INTO "efficiency" VALUES('R1', 'OIL', 'S_OILREF', 2020, 'DSL', 1.0, NULL, '');
REPLACE INTO "efficiency" VALUES('R1', 'ETH', 'T_BLND', 2020, 'E10', 1.0, NULL, '');
REPLACE INTO "efficiency" VALUES('R1', 'GSL', 'T_BLND', 2020, 'E10', 1.0, NULL, '');
REPLACE INTO "efficiency" VALUES('R1', 'NG', 'E_NGCC', 2020, 'ELC', 0.55, NULL, '');
REPLACE INTO "efficiency" VALUES('R1', 'NG', 'E_NGCC', 2025, 'ELC', 0.55, NULL, '');
REPLACE INTO "efficiency" VALUES('R1', 'NG', 'E_NGCC', 2030, 'ELC', 0.55, NULL, '');
REPLACE INTO "efficiency" VALUES('R1', 'SOL', 'E_SOLPV', 2020, 'ELC', 1.0, NULL, '');
REPLACE INTO "efficiency" VALUES('R1', 'SOL', 'E_SOLPV', 2025, 'ELC', 1.0, NULL, '');
REPLACE INTO "efficiency" VALUES('R1', 'SOL', 'E_SOLPV', 2030, 'ELC', 1.0, NULL, '');
REPLACE INTO "efficiency" VALUES('R1', 'URN', 'E_NUCLEAR', 2015, 'ELC', 0.4, NULL, '');
REPLACE INTO "efficiency" VALUES('R1', 'URN', 'E_NUCLEAR', 2020, 'ELC', 0.4, NULL, '');
REPLACE INTO "efficiency" VALUES('R1', 'URN', 'E_NUCLEAR', 2025, 'ELC', 0.4, NULL, '');
REPLACE INTO "efficiency" VALUES('R1', 'URN', 'E_NUCLEAR', 2030, 'ELC', 0.4, NULL, '');
REPLACE INTO "efficiency" VALUES('R1', 'ELC', 'E_BATT', 2020, 'ELC', 0.85, NULL, '');
REPLACE INTO "efficiency" VALUES('R1', 'ELC', 'E_BATT', 2025, 'ELC', 0.85, NULL, '');
REPLACE INTO "efficiency" VALUES('R1', 'ELC', 'E_BATT', 2030, 'ELC', 0.85, NULL, '');
REPLACE INTO "efficiency" VALUES('R1', 'E10', 'T_GSL', 2020, 'VMT', 0.25, NULL, '');
REPLACE INTO "efficiency" VALUES('R1', 'E10', 'T_GSL', 2025, 'VMT', 0.25, NULL, '');
REPLACE INTO "efficiency" VALUES('R1', 'E10', 'T_GSL', 2030, 'VMT', 0.25, NULL, '');
REPLACE INTO "efficiency" VALUES('R1', 'DSL', 'T_DSL', 2020, 'VMT', 0.3, NULL, '');
REPLACE INTO "efficiency" VALUES('R1', 'DSL', 'T_DSL', 2025, 'VMT', 0.3, NULL, '');
REPLACE INTO "efficiency" VALUES('R1', 'DSL', 'T_DSL', 2030, 'VMT', 0.3, NULL, '');
REPLACE INTO "efficiency" VALUES('R1', 'ELC', 'T_EV', 2020, 'VMT', 0.89, NULL, '');
REPLACE INTO "efficiency" VALUES('R1', 'ELC', 'T_EV', 2025, 'VMT', 0.89, NULL, '');
REPLACE INTO "efficiency" VALUES('R1', 'ELC', 'T_EV', 2030, 'VMT', 0.89, NULL, '');
REPLACE INTO "efficiency" VALUES('R1', 'ELC', 'R_EH', 2020, 'RH', 1.0, NULL, '');
REPLACE INTO "efficiency" VALUES('R1', 'ELC', 'R_EH', 2025, 'RH', 1.0, NULL, '');
REPLACE INTO "efficiency" VALUES('R1', 'ELC', 'R_EH', 2030, 'RH', 1.0, NULL, '');
REPLACE INTO "efficiency" VALUES('R1', 'NG', 'R_NGH', 2020, 'RH', 0.85, NULL, '');
REPLACE INTO "efficiency" VALUES('R1', 'NG', 'R_NGH', 2025, 'RH', 0.85, NULL, '');
REPLACE INTO "efficiency" VALUES('R1', 'NG', 'R_NGH', 2030, 'RH', 0.85, NULL, '');
REPLACE INTO "efficiency" VALUES('R2', 'ethos', 'S_IMPETH', 2020, 'ETH', 1.0, NULL, '');
REPLACE INTO "efficiency" VALUES('R2', 'ethos', 'S_IMPOIL', 2020, 'OIL', 1.0, NULL, '');
REPLACE INTO "efficiency" VALUES('R2', 'ethos', 'S_IMPNG', 2020, 'NG', 1.0, NULL, '');
REPLACE INTO "efficiency" VALUES('R2', 'ethos', 'S_IMPURN', 2020, 'URN', 1.0, NULL, '');
REPLACE INTO "efficiency" VALUES('R2', 'OIL', 'S_OILREF', 2020, 'GSL', 1.0, NULL, '');
REPLACE INTO "efficiency" VALUES('R2', 'OIL', 'S_OILREF', 2020, 'DSL', 1.0, NULL, '');
REPLACE INTO "efficiency" VALUES('R2', 'ETH', 'T_BLND', 2020, 'E10', 1.0, NULL, '');
REPLACE INTO "efficiency" VALUES('R2', 'GSL', 'T_BLND', 2020, 'E10', 1.0, NULL, '');
REPLACE INTO "efficiency" VALUES('R2', 'NG', 'E_NGCC', 2020, 'ELC', 0.55, NULL, '');
REPLACE INTO "efficiency" VALUES('R2', 'NG', 'E_NGCC', 2025, 'ELC', 0.55, NULL, '');
REPLACE INTO "efficiency" VALUES('R2', 'NG', 'E_NGCC', 2030, 'ELC', 0.55, NULL, '');
REPLACE INTO "efficiency" VALUES('R2', 'SOL', 'E_SOLPV', 2020, 'ELC', 1.0, NULL, '');
REPLACE INTO "efficiency" VALUES('R2', 'SOL', 'E_SOLPV', 2025, 'ELC', 1.0, NULL, '');
REPLACE INTO "efficiency" VALUES('R2', 'SOL', 'E_SOLPV', 2030, 'ELC', 1.0, NULL, '');
REPLACE INTO "efficiency" VALUES('R2', 'URN', 'E_NUCLEAR', 2015, 'ELC', 0.4, NULL, '');
REPLACE INTO "efficiency" VALUES('R2', 'URN', 'E_NUCLEAR', 2020, 'ELC', 0.4, NULL, '');
REPLACE INTO "efficiency" VALUES('R2', 'URN', 'E_NUCLEAR', 2025, 'ELC', 0.4, NULL, '');
REPLACE INTO "efficiency" VALUES('R2', 'URN', 'E_NUCLEAR', 2030, 'ELC', 0.4, NULL, '');
REPLACE INTO "efficiency" VALUES('R2', 'ELC', 'E_BATT', 2020, 'ELC', 0.85, NULL, '');
REPLACE INTO "efficiency" VALUES('R2', 'ELC', 'E_BATT', 2025, 'ELC', 0.85, NULL, '');
REPLACE INTO "efficiency" VALUES('R2', 'ELC', 'E_BATT', 2030, 'ELC', 0.85, NULL, '');
REPLACE INTO "efficiency" VALUES('R2', 'E10', 'T_GSL', 2020, 'VMT', 0.25, NULL, '');
REPLACE INTO "efficiency" VALUES('R2', 'E10', 'T_GSL', 2025, 'VMT', 0.25, NULL, '');
REPLACE INTO "efficiency" VALUES('R2', 'E10', 'T_GSL', 2030, 'VMT', 0.25, NULL, '');
REPLACE INTO "efficiency" VALUES('R2', 'DSL', 'T_DSL', 2020, 'VMT', 0.3, NULL, '');
REPLACE INTO "efficiency" VALUES('R2', 'DSL', 'T_DSL', 2025, 'VMT', 0.3, NULL, '');
REPLACE INTO "efficiency" VALUES('R2', 'DSL', 'T_DSL', 2030, 'VMT', 0.3, NULL, '');
REPLACE INTO "efficiency" VALUES('R2', 'ELC', 'T_EV', 2020, 'VMT', 0.89, NULL, '');
REPLACE INTO "efficiency" VALUES('R2', 'ELC', 'T_EV', 2025, 'VMT', 0.89, NULL, '');
REPLACE INTO "efficiency" VALUES('R2', 'ELC', 'T_EV', 2030, 'VMT', 0.89, NULL, '');
REPLACE INTO "efficiency" VALUES('R2', 'ELC', 'R_EH', 2020, 'RH', 1.0, NULL, '');
REPLACE INTO "efficiency" VALUES('R2', 'ELC', 'R_EH', 2025, 'RH', 1.0, NULL, '');
REPLACE INTO "efficiency" VALUES('R2', 'ELC', 'R_EH', 2030, 'RH', 1.0, NULL, '');
REPLACE INTO "efficiency" VALUES('R2', 'NG', 'R_NGH', 2020, 'RH', 0.85, NULL, '');
REPLACE INTO "efficiency" VALUES('R2', 'NG', 'R_NGH', 2025, 'RH', 0.85, NULL, '');
REPLACE INTO "efficiency" VALUES('R2', 'NG', 'R_NGH', 2030, 'RH', 0.85, NULL, '');
REPLACE INTO "efficiency" VALUES('R1-R2', 'ELC', 'E_TRANS', 2015, 'ELC', 0.9, NULL, '');
REPLACE INTO "efficiency" VALUES('R2-R1', 'ELC', 'E_TRANS', 2015, 'ELC', 0.9, NULL, '');
REPLACE INTO "emission_activity" VALUES('R1','CO2','ethos','S_IMPNG',2020,'NG',5.029999999999999e+01,'kT/PJ','taken from MIT Energy Fact Sheet');
REPLACE INTO "emission_activity" VALUES('R1','CO2','OIL','S_OILREF',2020,'GSL',67.2,'kT/PJ','taken from MIT Energy Fact Sheet');
REPLACE INTO "emission_activity" VALUES('R1','CO2','OIL','S_OILREF',2020,'DSL',69.4,'kT/PJ','taken from MIT Energy Fact Sheet');
REPLACE INTO "emission_activity" VALUES('R2','CO2','ethos','S_IMPNG',2020,'NG',5.029999999999999e+01,'kT/PJ','taken from MIT Energy Fact Sheet');
REPLACE INTO "emission_activity" VALUES('R2','CO2','OIL','S_OILREF',2020,'GSL',67.2,'kT/PJ','taken from MIT Energy Fact Sheet');
REPLACE INTO "emission_activity" VALUES('R2','CO2','OIL','S_OILREF',2020,'DSL',69.4,'kT/PJ','taken from MIT Energy Fact Sheet');
REPLACE INTO "existing_capacity" VALUES('R1','E_NUCLEAR',2015,0.07,'GW','');
REPLACE INTO "existing_capacity" VALUES('R2','E_NUCLEAR',2015,0.03,'GW','');
REPLACE INTO "existing_capacity" VALUES('R1-R2','E_TRANS',2015,10.0,'GW','');
REPLACE INTO "existing_capacity" VALUES('R2-R1','E_TRANS',2015,10.0,'GW','');
REPLACE INTO "lifetime_tech" VALUES('R1', 'S_IMPETH', 100.0, NULL, '');
REPLACE INTO "lifetime_tech" VALUES('R1', 'S_IMPOIL', 100.0, NULL, '');
REPLACE INTO "lifetime_tech" VALUES('R1', 'S_IMPNG', 100.0, NULL, '');
REPLACE INTO "lifetime_tech" VALUES('R1', 'S_IMPURN', 100.0, NULL, '');
REPLACE INTO "lifetime_tech" VALUES('R1', 'S_OILREF', 100.0, NULL, '');
REPLACE INTO "lifetime_tech" VALUES('R1', 'E_NGCC', 30.0, NULL, '');
REPLACE INTO "lifetime_tech" VALUES('R1', 'E_SOLPV', 30.0, NULL, '');
REPLACE INTO "lifetime_tech" VALUES('R1', 'E_BATT', 20.0, NULL, '');
REPLACE INTO "lifetime_tech" VALUES('R1', 'E_NUCLEAR', 50.0, NULL, '');
REPLACE INTO "lifetime_tech" VALUES('R1', 'T_BLND', 100.0, NULL, '');
REPLACE INTO "lifetime_tech" VALUES('R1', 'T_DSL', 12.0, NULL, '');
REPLACE INTO "lifetime_tech" VALUES('R1', 'T_GSL', 12.0, NULL, '');
REPLACE INTO "lifetime_tech" VALUES('R1', 'T_EV', 12.0, NULL, '');
REPLACE INTO "lifetime_tech" VALUES('R1', 'R_EH', 20.0, NULL, '');
REPLACE INTO "lifetime_tech" VALUES('R1', 'R_NGH', 20.0, NULL, '');
REPLACE INTO "lifetime_tech" VALUES('R2', 'S_IMPETH', 100.0, NULL, '');
REPLACE INTO "lifetime_tech" VALUES('R2', 'S_IMPOIL', 100.0, NULL, '');
REPLACE INTO "lifetime_tech" VALUES('R2', 'S_IMPNG', 100.0, NULL, '');
REPLACE INTO "lifetime_tech" VALUES('R2', 'S_IMPURN', 100.0, NULL, '');
REPLACE INTO "lifetime_tech" VALUES('R2', 'S_OILREF', 100.0, NULL, '');
REPLACE INTO "lifetime_tech" VALUES('R2', 'E_NGCC', 30.0, NULL, '');
REPLACE INTO "lifetime_tech" VALUES('R2', 'E_SOLPV', 30.0, NULL, '');
REPLACE INTO "lifetime_tech" VALUES('R2', 'E_BATT', 20.0, NULL, '');
REPLACE INTO "lifetime_tech" VALUES('R2', 'E_NUCLEAR', 50.0, NULL, '');
REPLACE INTO "lifetime_tech" VALUES('R2', 'T_BLND', 100.0, NULL, '');
REPLACE INTO "lifetime_tech" VALUES('R2', 'T_DSL', 12.0, NULL, '');
REPLACE INTO "lifetime_tech" VALUES('R2', 'T_GSL', 12.0, NULL, '');
REPLACE INTO "lifetime_tech" VALUES('R2', 'T_EV', 12.0, NULL, '');
REPLACE INTO "lifetime_tech" VALUES('R2', 'R_EH', 20.0, NULL, '');
REPLACE INTO "lifetime_tech" VALUES('R2', 'R_NGH', 20.0, NULL, '');
REPLACE INTO "lifetime_tech" VALUES('R1-R2', 'E_TRANS', 30.0, NULL, '');
REPLACE INTO "lifetime_tech" VALUES('R2-R1', 'E_TRANS', 30.0, NULL, '');
REPLACE INTO "limit_activity" VALUES('R1',2020,'T_GSL','ge',35.0,'','');
REPLACE INTO "limit_activity" VALUES('R1',2025,'T_GSL','ge',35.0,'','');
REPLACE INTO "limit_activity" VALUES('R1',2030,'T_GSL','ge',35.0,'','');
REPLACE INTO "limit_activity" VALUES('R2',2020,'T_GSL','ge',15.0,'','');
REPLACE INTO "limit_activity" VALUES('R2',2025,'T_GSL','ge',15.0,'','');
REPLACE INTO "limit_activity" VALUES('R2',2030,'T_GSL','ge',15.0,'','');
REPLACE INTO "limit_emission" VALUES('R1',2020,'CO2','le',25000.0,'kT CO2','');
REPLACE INTO "limit_emission" VALUES('R1',2025,'CO2','le',24000.0,'kT CO2','');
REPLACE INTO "limit_emission" VALUES('R1',2030,'CO2','le',23000.0,'kT CO2','');
REPLACE INTO "limit_emission" VALUES('global',2020,'CO2','le',37500.0,'kT CO2','');
REPLACE INTO "limit_emission" VALUES('global',2025,'CO2','le',36000.0,'kT CO2','');
REPLACE INTO "limit_emission" VALUES('global',2030,'CO2','le',34500.0,'kT CO2','');
REPLACE INTO "limit_storage_level_fraction" VALUES('R1',2025,'winter','day','E_BATT',2025,'e',0.5,'');
REPLACE INTO "limit_storage_level_fraction" VALUES('R2',2020,'summer','day','E_BATT',2020,'e',0.5,'');
REPLACE INTO "limit_tech_input_split" VALUES('R1',2020,'GSL','T_BLND','ge',0.9,'');
REPLACE INTO "limit_tech_input_split" VALUES('R1',2020,'ETH','T_BLND','ge',0.1,'');
REPLACE INTO "limit_tech_input_split" VALUES('R1',2025,'GSL','T_BLND','ge',0.9,'');
REPLACE INTO "limit_tech_input_split" VALUES('R1',2025,'ETH','T_BLND','ge',0.1,'');
REPLACE INTO "limit_tech_input_split" VALUES('R1',2030,'GSL','T_BLND','ge',0.9,'');
REPLACE INTO "limit_tech_input_split" VALUES('R1',2030,'ETH','T_BLND','ge',0.1,'');
REPLACE INTO "limit_tech_input_split" VALUES('R2',2020,'GSL','T_BLND','ge',0.72,'');
REPLACE INTO "limit_tech_input_split" VALUES('R2',2020,'ETH','T_BLND','ge',0.08,'');
REPLACE INTO "limit_tech_input_split" VALUES('R2',2025,'GSL','T_BLND','ge',0.72,'');
REPLACE INTO "limit_tech_input_split" VALUES('R2',2025,'ETH','T_BLND','ge',0.08,'');
REPLACE INTO "limit_tech_input_split" VALUES('R2',2030,'GSL','T_BLND','ge',0.72,'');
REPLACE INTO "limit_tech_input_split" VALUES('R2',2030,'ETH','T_BLND','ge',0.08,'');
REPLACE INTO "limit_tech_output_split" VALUES('R1',2020,'S_OILREF','GSL','ge',0.9,'');
REPLACE INTO "limit_tech_output_split" VALUES('R1',2020,'S_OILREF','DSL','ge',0.1,'');
REPLACE INTO "limit_tech_output_split" VALUES('R1',2025,'S_OILREF','GSL','ge',0.9,'');
REPLACE INTO "limit_tech_output_split" VALUES('R1',2025,'S_OILREF','DSL','ge',0.1,'');
REPLACE INTO "limit_tech_output_split" VALUES('R1',2030,'S_OILREF','GSL','ge',0.9,'');
REPLACE INTO "limit_tech_output_split" VALUES('R1',2030,'S_OILREF','DSL','ge',0.1,'');
REPLACE INTO "limit_tech_output_split" VALUES('R2',2020,'S_OILREF','GSL','ge',0.72,'');
REPLACE INTO "limit_tech_output_split" VALUES('R2',2020,'S_OILREF','DSL','ge',0.08,'');
REPLACE INTO "limit_tech_output_split" VALUES('R2',2025,'S_OILREF','GSL','ge',0.72,'');
REPLACE INTO "limit_tech_output_split" VALUES('R2',2025,'S_OILREF','DSL','ge',0.08,'');
REPLACE INTO "limit_tech_output_split" VALUES('R2',2030,'S_OILREF','GSL','ge',0.72,'');
REPLACE INTO "limit_tech_output_split" VALUES('R2',2030,'S_OILREF','DSL','ge',0.08,'');
REPLACE INTO "metadata" VALUES('days_per_period',365,'count of days in each period');
REPLACE INTO "metadata" VALUES('DB_MAJOR',4,'');
REPLACE INTO "metadata" VALUES('DB_MINOR',0,'');
REPLACE INTO "metadata_real" VALUES('default_loan_rate',0.05,'Default Loan Rate if not specified in loan_rate table');
REPLACE INTO "metadata_real" VALUES('global_discount_rate',0.05,'');
REPLACE INTO "operator" VALUES('e','equal to');
REPLACE INTO "operator" VALUES('le','less than or equal to');
REPLACE INTO "operator" VALUES('ge','greater than or equal to');
REPLACE INTO "region" VALUES('R1',NULL);
REPLACE INTO "region" VALUES('R2',NULL);
REPLACE INTO "season_label" VALUES('summer',NULL);
REPLACE INTO "season_label" VALUES('fall',NULL);
REPLACE INTO "season_label" VALUES('winter',NULL);
REPLACE INTO "season_label" VALUES('spring',NULL);
REPLACE INTO "sector_label" VALUES('supply',NULL);
REPLACE INTO "sector_label" VALUES('electric',NULL);
REPLACE INTO "sector_label" VALUES('transport',NULL);
REPLACE INTO "sector_label" VALUES('commercial',NULL);
REPLACE INTO "sector_label" VALUES('residential',NULL);
REPLACE INTO "sector_label" VALUES('industrial',NULL);
REPLACE INTO "storage_duration" VALUES('R1','E_BATT',8.0,'8-hour duration specified as fraction of a day');
REPLACE INTO "storage_duration" VALUES('R2','E_BATT',8.0,'8-hour duration specified as fraction of a day');
REPLACE INTO "technology" VALUES('S_IMPETH','p','supply','','',1,0,0,0,0,0,0,0,' imported ethanol');
REPLACE INTO "technology" VALUES('S_IMPOIL','p','supply','','',1,0,0,0,0,0,0,0,' imported crude oil');
REPLACE INTO "technology" VALUES('S_IMPNG','p','supply','','',1,0,0,0,0,0,0,0,' imported natural gas');
REPLACE INTO "technology" VALUES('S_IMPURN','p','supply','','',1,0,0,0,0,0,0,0,' imported uranium');
REPLACE INTO "technology" VALUES('S_OILREF','p','supply','','',0,0,0,1,0,0,0,0,' crude oil refinery');
REPLACE INTO "technology" VALUES('E_NGCC','p','electric','','',0,0,0,0,0,0,0,0,' natural gas combined-cycle');
REPLACE INTO "technology" VALUES('E_SOLPV','p','electric','','',0,0,0,0,0,0,0,0,' solar photovoltaic');
REPLACE INTO "technology" VALUES('E_BATT','ps','electric','','',0,0,0,0,0,0,0,0,' lithium-ion battery');
REPLACE INTO "technology" VALUES('E_NUCLEAR','pb','electric','','',0,0,0,0,0,0,0,0,' nuclear power plant');
REPLACE INTO "technology" VALUES('T_BLND','p','transport','','',0,0,0,0,0,0,0,0,'ethanol - gasoline blending process');
REPLACE INTO "technology" VALUES('T_DSL','p','transport','','',0,0,0,0,0,0,0,0,'diesel vehicle');
REPLACE INTO "technology" VALUES('T_GSL','p','transport','','',0,0,0,0,0,0,0,0,'gasoline vehicle');
REPLACE INTO "technology" VALUES('T_EV','p','transport','','',0,0,0,0,0,0,0,0,'electric vehicle');
REPLACE INTO "technology" VALUES('R_EH','p','residential','','',0,0,0,0,0,0,0,0,' electric residential heating');
REPLACE INTO "technology" VALUES('R_NGH','p','residential','','',0,0,0,0,0,0,0,0,' natural gas residential heating');
REPLACE INTO "technology" VALUES('E_TRANS','p','electric','','',0,0,0,0,0,0,1,0,'electric transmission');
REPLACE INTO "technology_type" VALUES('p','production technology');
REPLACE INTO "technology_type" VALUES('pb','baseload production technology');
REPLACE INTO "technology_type" VALUES('ps','storage production technology');
REPLACE INTO "time_of_day" VALUES(1,'day');
REPLACE INTO "time_of_day" VALUES(2,'night');
REPLACE INTO "time_period" VALUES(1,2015,'e');
REPLACE INTO "time_period" VALUES(2,2020,'f');
REPLACE INTO "time_period" VALUES(3,2025,'f');
REPLACE INTO "time_period" VALUES(4,2030,'f');
REPLACE INTO "time_period" VALUES(5,2035,'f');
REPLACE INTO "time_period_type" VALUES('e','existing vintages');
REPLACE INTO "time_period_type" VALUES('f','future');
REPLACE INTO "time_season" VALUES(2020,1,'spring',NULL);
REPLACE INTO "time_season" VALUES(2020,2,'summer',NULL);
REPLACE INTO "time_season" VALUES(2020,3,'fall',NULL);
REPLACE INTO "time_season" VALUES(2020,4,'winter',NULL);
REPLACE INTO "time_season" VALUES(2025,1,'spring',NULL);
REPLACE INTO "time_season" VALUES(2025,2,'summer',NULL);
REPLACE INTO "time_season" VALUES(2025,3,'fall',NULL);
REPLACE INTO "time_season" VALUES(2025,4,'winter',NULL);
REPLACE INTO "time_season" VALUES(2030,1,'spring',NULL);
REPLACE INTO "time_season" VALUES(2030,2,'summer',NULL);
REPLACE INTO "time_season" VALUES(2030,3,'fall',NULL);
REPLACE INTO "time_season" VALUES(2030,4,'winter',NULL);
REPLACE INTO "time_segment_fraction" VALUES(2020,'spring','day',0.125,'Spring - Day');
REPLACE INTO "time_segment_fraction" VALUES(2020,'spring','night',0.125,'Spring - Night');
REPLACE INTO "time_segment_fraction" VALUES(2020,'summer','day',0.125,'Summer - Day');
REPLACE INTO "time_segment_fraction" VALUES(2020,'summer','night',0.125,'Summer - Night');
REPLACE INTO "time_segment_fraction" VALUES(2020,'fall','day',0.125,'Fall - Day');
REPLACE INTO "time_segment_fraction" VALUES(2020,'fall','night',0.125,'Fall - Night');
REPLACE INTO "time_segment_fraction" VALUES(2020,'winter','day',0.125,'Winter - Day');
REPLACE INTO "time_segment_fraction" VALUES(2020,'winter','night',0.125,'Winter - Night');
REPLACE INTO "time_segment_fraction" VALUES(2025,'spring','day',0.125,'Spring - Day');
REPLACE INTO "time_segment_fraction" VALUES(2025,'spring','night',0.125,'Spring - Night');
REPLACE INTO "time_segment_fraction" VALUES(2025,'summer','day',0.125,'Summer - Day');
REPLACE INTO "time_segment_fraction" VALUES(2025,'summer','night',0.125,'Summer - Night');
REPLACE INTO "time_segment_fraction" VALUES(2025,'fall','day',0.125,'Fall - Day');
REPLACE INTO "time_segment_fraction" VALUES(2025,'fall','night',0.125,'Fall - Night');
REPLACE INTO "time_segment_fraction" VALUES(2025,'winter','day',0.125,'Winter - Day');
REPLACE INTO "time_segment_fraction" VALUES(2025,'winter','night',0.125,'Winter - Night');
REPLACE INTO "time_segment_fraction" VALUES(2030,'spring','day',0.125,'Spring - Day');
REPLACE INTO "time_segment_fraction" VALUES(2030,'spring','night',0.125,'Spring - Night');
REPLACE INTO "time_segment_fraction" VALUES(2030,'summer','day',0.125,'Summer - Day');
REPLACE INTO "time_segment_fraction" VALUES(2030,'summer','night',0.125,'Summer - Night');
REPLACE INTO "time_segment_fraction" VALUES(2030,'fall','day',0.125,'Fall - Day');
REPLACE INTO "time_segment_fraction" VALUES(2030,'fall','night',0.125,'Fall - Night');
REPLACE INTO "time_segment_fraction" VALUES(2030,'winter','day',0.125,'Winter - Day');
REPLACE INTO "time_segment_fraction" VALUES(2030,'winter','night',0.125,'Winter - Night');
