REPLACE INTO "capacity_factor_process" VALUES('utopia',2000,'inter','day','E31',2000,0.2753,'');
REPLACE INTO "capacity_factor_process" VALUES('utopia',2000,'inter','night','E31',2000,0.2753,'');
REPLACE INTO "capacity_factor_process" VALUES('utopia',2000,'winter','day','E31',2000,0.2753,'');
REPLACE INTO "capacity_factor_process" VALUES('utopia',2000,'winter','night','E31',2000,0.2753,'');
REPLACE INTO "capacity_factor_process" VALUES('utopia',2000,'summer','day','E31',2000,0.2753,'');
REPLACE INTO "capacity_factor_process" VALUES('utopia',2000,'summer','night','E31',2000,0.2753,'');
REPLACE INTO "capacity_factor_process" VALUES('utopia',2010,'inter','day','E31',2000,0.2753,'');
REPLACE INTO "capacity_factor_process" VALUES('utopia',2010,'inter','night','E31',2000,0.2753,'');
REPLACE INTO "capacity_factor_process" VALUES('utopia',2010,'winter','day','E31',2000,0.2753,'');
REPLACE INTO "capacity_factor_process" VALUES('utopia',2010,'winter','night','E31',2000,0.2753,'');
REPLACE INTO "capacity_factor_process" VALUES('utopia',2010,'summer','day','E31',2000,0.2753,'');
REPLACE INTO "capacity_factor_process" VALUES('utopia',2010,'summer','night','E31',2000,0.2753,'');
REPLACE INTO "capacity_factor_process" VALUES('utopia',2010,'inter','day','E31',2010,0.2756,'');
REPLACE INTO "capacity_factor_process" VALUES('utopia',2010,'inter','night','E31',2010,0.2756,'');
REPLACE INTO "capacity_factor_process" VALUES('utopia',2010,'winter','day','E31',2010,0.2756,'');
REPLACE INTO "capacity_factor_process" VALUES('utopia',2010,'winter','night','E31',2010,0.2756,'');
REPLACE INTO "capacity_factor_process" VALUES('utopia',2010,'summer','day','E31',2010,0.2756,'');
REPLACE INTO "capacity_factor_process" VALUES('utopia',2010,'summer','night','E31',2010,0.2756,'');
REPLACE INTO "capacity_factor_tech" VALUES('utopia',1990,'inter','day','E01',0.8,'');
REPLACE INTO "capacity_factor_tech" VALUES('utopia',1990,'inter','night','E01',0.8,'');
REPLACE INTO "capacity_factor_tech" VALUES('utopia',1990,'winter','day','E01',0.8,'');
REPLACE INTO "capacity_factor_tech" VALUES('utopia',1990,'winter','night','E01',0.8,'');
REPLACE INTO "capacity_factor_tech" VALUES('utopia',1990,'summer','day','E01',0.8,'');
REPLACE INTO "capacity_factor_tech" VALUES('utopia',1990,'summer','night','E01',0.8,'');
REPLACE INTO "capacity_factor_tech" VALUES('utopia',1990,'inter','day','E21',0.8,'');
REPLACE INTO "capacity_factor_tech" VALUES('utopia',1990,'inter','night','E21',0.8,'');
REPLACE INTO "capacity_factor_tech" VALUES('utopia',1990,'winter','day','E21',0.8,'');
REPLACE INTO "capacity_factor_tech" VALUES('utopia',1990,'winter','night','E21',0.8,'');
REPLACE INTO "capacity_factor_tech" VALUES('utopia',1990,'summer','day','E21',0.8,'');
REPLACE INTO "capacity_factor_tech" VALUES('utopia',1990,'summer','night','E21',0.8,'');
REPLACE INTO "capacity_factor_tech" VALUES('utopia',1990,'inter','day','E31',0.275,'');
REPLACE INTO "capacity_factor_tech" VALUES('utopia',1990,'inter','night','E31',0.275,'');
REPLACE INTO "capacity_factor_tech" VALUES('utopia',1990,'winter','day','E31',0.275,'');
REPLACE INTO "capacity_factor_tech" VALUES('utopia',1990,'winter','night','E31',0.275,'');
REPLACE INTO "capacity_factor_tech" VALUES('utopia',1990,'summer','day','E31',0.275,'');
REPLACE INTO "capacity_factor_tech" VALUES('utopia',1990,'summer','night','E31',0.275,'');
REPLACE INTO "capacity_factor_tech" VALUES('utopia',1990,'inter','day','E51',0.17,'');
REPLACE INTO "capacity_factor_tech" VALUES('utopia',1990,'inter','night','E51',0.17,'');
REPLACE INTO "capacity_factor_tech" VALUES('utopia',1990,'winter','day','E51',0.17,'');
REPLACE INTO "capacity_factor_tech" VALUES('utopia',1990,'winter','night','E51',0.17,'');
REPLACE INTO "capacity_factor_tech" VALUES('utopia',1990,'summer','day','E51',0.17,'');
REPLACE INTO "capacity_factor_tech" VALUES('utopia',1990,'summer','night','E51',0.17,'');
REPLACE INTO "capacity_factor_tech" VALUES('utopia',1990,'inter','day','E70',0.8,'');
REPLACE INTO "capacity_factor_tech" VALUES('utopia',1990,'inter','night','E70',0.8,'');
REPLACE INTO "capacity_factor_tech" VALUES('utopia',1990,'winter','day','E70',0.8,'');
REPLACE INTO "capacity_factor_tech" VALUES('utopia',1990,'winter','night','E70',0.8,'');
REPLACE INTO "capacity_factor_tech" VALUES('utopia',1990,'summer','day','E70',0.8,'');
REPLACE INTO "capacity_factor_tech" VALUES('utopia',1990,'summer','night','E70',0.8,'');
REPLACE INTO "capacity_factor_tech" VALUES('utopia',2000,'inter','day','E01',0.8,'');
REPLACE INTO "capacity_factor_tech" VALUES('utopia',2000,'inter','night','E01',0.8,'');
REPLACE INTO "capacity_factor_tech" VALUES('utopia',2000,'winter','day','E01',0.8,'');
REPLACE INTO "capacity_factor_tech" VALUES('utopia',2000,'winter','night','E01',0.8,'');
REPLACE INTO "capacity_factor_tech" VALUES('utopia',2000,'summer','day','E01',0.8,'');
REPLACE INTO "capacity_factor_tech" VALUES('utopia',2000,'summer','night','E01',0.8,'');
REPLACE INTO "capacity_factor_tech" VALUES('utopia',2000,'inter','day','E21',0.8,'');
REPLACE INTO "capacity_factor_tech" VALUES('utopia',2000,'inter','night','E21',0.8,'');
REPLACE INTO "capacity_factor_tech" VALUES('utopia',2000,'winter','day','E21',0.8,'');
REPLACE INTO "capacity_factor_tech" VALUES('utopia',2000,'winter','night','E21',0.8,'');
REPLACE INTO "capacity_factor_tech" VALUES('utopia',2000,'summer','day','E21',0.8,'');
REPLACE INTO "capacity_factor_tech" VALUES('utopia',2000,'summer','night','E21',0.8,'');
REPLACE INTO "capacity_factor_tech" VALUES('utopia',2000,'inter','day','E31',0.275,'');
REPLACE INTO "capacity_factor_tech" VALUES('utopia',2000,'inter','night','E31',0.275,'');
REPLACE INTO "capacity_factor_tech" VALUES('utopia',2000,'winter','day','E31',0.275,'');
REPLACE INTO "capacity_factor_tech" VALUES('utopia',2000,'winter','night','E31',0.275,'');
REPLACE INTO "capacity_factor_tech" VALUES('utopia',2000,'summer','day','E31',0.275,'');
REPLACE INTO "capacity_factor_tech" VALUES('utopia',2000,'summer','night','E31',0.275,'');
REPLACE INTO "capacity_factor_tech" VALUES('utopia',2000,'inter','day','E51',0.17,'');
REPLACE INTO "capacity_factor_tech" VALUES('utopia',2000,'inter','night','E51',0.17,'');
REPLACE INTO "capacity_factor_tech" VALUES('utopia',2000,'winter','day','E51',0.17,'');
REPLACE INTO "capacity_factor_tech" VALUES('utopia',2000,'winter','night','E51',0.17,'');
REPLACE INTO "capacity_factor_tech" VALUES('utopia',2000,'summer','day','E51',0.17,'');
REPLACE INTO "capacity_factor_tech" VALUES('utopia',2000,'summer','night','E51',0.17,'');
REPLACE INTO "capacity_factor_tech" VALUES('utopia',2000,'inter','day','E70',0.8,'');
REPLACE INTO "capacity_factor_tech" VALUES('utopia',2000,'inter','night','E70',0.8,'');
REPLACE INTO "capacity_factor_tech" VALUES('utopia',2000,'winter','day','E70',0.8,'');
REPLACE INTO "capacity_factor_tech" VALUES('utopia',2000,'winter','night','E70',0.8,'');
REPLACE INTO "capacity_factor_tech" VALUES('utopia',2000,'summer','day','E70',0.8,'');
REPLACE INTO "capacity_factor_tech" VALUES('utopia',2000,'summer','night','E70',0.8,'');
REPLACE INTO "capacity_factor_tech" VALUES('utopia',2010,'inter','day','E01',0.8,'');
REPLACE INTO "capacity_factor_tech" VALUES('utopia',2010,'inter','night','E01',0.8,'');
REPLACE INTO "capacity_factor_tech" VALUES('utopia',2010,'winter','day','E01',0.8,'');
REPLACE INTO "capacity_factor_tech" VALUES('utopia',2010,'winter','night','E01',0.8,'');
REPLACE INTO "capacity_factor_tech" VALUES('utopia',2010,'summer','day','E01',0.8,'');
REPLACE INTO "capacity_factor_tech" VALUES('utopia',2010,'summer','night','E01',0.8,'');
REPLACE INTO "capacity_factor_tech" VALUES('utopia',2010,'inter','day','E21',0.8,'');
REPLACE INTO "capacity_factor_tech" VALUES('utopia',2010,'inter','night','E21',0.8,'');
REPLACE INTO "capacity_factor_tech" VALUES('utopia',2010,'winter','day','E21',0.8,'');
REPLACE INTO "capacity_factor_tech" VALUES('utopia',2010,'winter','night','E21',0.8,'');
REPLACE INTO "capacity_factor_tech" VALUES('utopia',2010,'summer','day','E21',0.8,'');
REPLACE INTO "capacity_factor_tech" VALUES('utopia',2010,'summer','night','E21',0.8,'');
REPLACE INTO "capacity_factor_tech" VALUES('utopia',2010,'inter','day','E31',0.275,'');
REPLACE INTO "capacity_factor_tech" VALUES('utopia',2010,'inter','night','E31',0.275,'');
REPLACE INTO "capacity_factor_tech" VALUES('utopia',2010,'winter','day','E31',0.275,'');
REPLACE INTO "capacity_factor_tech" VALUES('utopia',2010,'winter','night','E31',0.275,'');
REPLACE INTO "capacity_factor_tech" VALUES('utopia',2010,'summer','day','E31',0.275,'');
REPLACE INTO "capacity_factor_tech" VALUES('utopia',2010,'summer','night','E31',0.275,'');
REPLACE INTO "capacity_factor_tech" VALUES('utopia',2010,'inter','day','E51',0.17,'');
REPLACE INTO "capacity_factor_tech" VALUES('utopia',2010,'inter','night','E51',0.17,'');
REPLACE INTO "capacity_factor_tech" VALUES('utopia',2010,'winter','day','E51',0.17,'');
REPLACE INTO "capacity_factor_tech" VALUES('utopia',2010,'winter','night','E51',0.17,'');
REPLACE INTO "capacity_factor_tech" VALUES('utopia',2010,'summer','day','E51',0.17,'');
REPLACE INTO "capacity_factor_tech" VALUES('utopia',2010,'summer','night','E51',0.17,'');
REPLACE INTO "capacity_factor_tech" VALUES('utopia',2010,'inter','day','E70',0.8,'');
REPLACE INTO "capacity_factor_tech" VALUES('utopia',2010,'inter','night','E70',0.8,'');
REPLACE INTO "capacity_factor_tech" VALUES('utopia',2010,'winter','day','E70',0.8,'');
REPLACE INTO "capacity_factor_tech" VALUES('utopia',2010,'winter','night','E70',0.8,'');
REPLACE INTO "capacity_factor_tech" VALUES('utopia',2010,'summer','day','E70',0.8,'');
REPLACE INTO "capacity_factor_tech" VALUES('utopia',2010,'summer','night','E70',0.8,'');
REPLACE INTO "capacity_to_activity" VALUES('utopia','E01',31.54,'PJ / (GW * year)','');
REPLACE INTO "capacity_to_activity" VALUES('utopia','E21',31.54,'PJ / (GW * year)','');
REPLACE INTO "capacity_to_activity" VALUES('utopia','E31',31.54,'PJ / (GW * year)','');
REPLACE INTO "capacity_to_activity" VALUES('utopia','E51',31.54,'PJ / (GW * year)','');
REPLACE INTO "capacity_to_activity" VALUES('utopia','E70',31.54,'PJ / (GW * year)','');
REPLACE INTO "capacity_to_activity" VALUES('utopia','RHE',1.0,'PJ / (GW * year)','');
REPLACE INTO "capacity_to_activity" VALUES('utopia','RHO',1.0,'PJ / (GW * year)','');
REPLACE INTO "capacity_to_activity" VALUES('utopia','RL1',1.0,'PJ / (GW * year)','');
REPLACE INTO "capacity_to_activity" VALUES('utopia','SRE',1.0,'PJ / (GW * year)','');
REPLACE INTO "capacity_to_activity" VALUES('utopia','TXD',1.0,'PJ / (GW * year)','');
REPLACE INTO "capacity_to_activity" VALUES('utopia','TXE',1.0,'PJ / (GW * year)','');
REPLACE INTO "capacity_to_activity" VALUES('utopia','TXG',1.0,'PJ / (GW * year)','');
REPLACE INTO "commodity" VALUES('ethos','s','# dummy commodity to supply inputs','PJ');
REPLACE INTO "commodity" VALUES('DSL','p','# diesel','PJ');
REPLACE INTO "commodity" VALUES('ELC','p','# electricity','PJ');
REPLACE INTO "commodity" VALUES('FEQ','p','# fossil equivalent','PJ');
REPLACE INTO "commodity" VALUES('GSL','p','# gasoline','PJ');
REPLACE INTO "commodity" VALUES('HCO','p','# coal','PJ');
REPLACE INTO "commodity" VALUES('HYD','p','# water','PJ');
REPLACE INTO "commodity" VALUES('OIL','p','# crude oil','PJ');
REPLACE INTO "commodity" VALUES('URN','p','# uranium','PJ');
REPLACE INTO "commodity" VALUES('co2','e','#CO2 emissions','Mt');
REPLACE INTO "commodity" VALUES('nox','e','#NOX emissions','Mt');
REPLACE INTO "commodity" VALUES('RH','d','# residential heating','PJ');
REPLACE INTO "commodity" VALUES('RL','d','# residential lighting','PJ');
REPLACE INTO "commodity" VALUES('TX','d','# transportation','PJ');
REPLACE INTO "commodity_type" VALUES('w','waste commodity');
REPLACE INTO "commodity_type" VALUES('wa','waste annual commodity');
REPLACE INTO "commodity_type" VALUES('wp','waste physical commodity');
REPLACE INTO "commodity_type" VALUES('a','annual commodity');
REPLACE INTO "commodity_type" VALUES('s','source commodity');
REPLACE INTO "commodity_type" VALUES('p','physical commodity');
REPLACE INTO "commodity_type" VALUES('e','emissions commodity');
REPLACE INTO "commodity_type" VALUES('d','demand commodity');
REPLACE INTO "cost_fixed" VALUES('utopia',1990,'E01',1960,40.0,'Mdollar / (PJ^2 / GW / year)','');
REPLACE INTO "cost_fixed" VALUES('utopia',1990,'E01',1970,40.0,'Mdollar / (PJ^2 / GW / year)','');
REPLACE INTO "cost_fixed" VALUES('utopia',1990,'E01',1980,40.0,'Mdollar / (PJ^2 / GW / year)','');
REPLACE INTO "cost_fixed" VALUES('utopia',1990,'E01',1990,40.0,'Mdollar / (PJ^2 / GW / year)','');
REPLACE INTO "cost_fixed" VALUES('utopia',2000,'E01',1970,70.0,'Mdollar / (PJ^2 / GW / year)','');
REPLACE INTO "cost_fixed" VALUES('utopia',2000,'E01',1980,70.0,'Mdollar / (PJ^2 / GW / year)','');
REPLACE INTO "cost_fixed" VALUES('utopia',2000,'E01',1990,70.0,'Mdollar / (PJ^2 / GW / year)','');
REPLACE INTO "cost_fixed" VALUES('utopia',2000,'E01',2000,70.0,'Mdollar / (PJ^2 / GW / year)','');
REPLACE INTO "cost_fixed" VALUES('utopia',2010,'E01',1980,100.0,'Mdollar / (PJ^2 / GW / year)','');
REPLACE INTO "cost_fixed" VALUES('utopia',2010,'E01',1990,100.0,'Mdollar / (PJ^2 / GW / year)','');
REPLACE INTO "cost_fixed" VALUES('utopia',2010,'E01',2000,100.0,'Mdollar / (PJ^2 / GW / year)','');
REPLACE INTO "cost_fixed" VALUES('utopia',2010,'E01',2010,100.0,'Mdollar / (PJ^2 / GW / year)','');
REPLACE INTO "cost_fixed" VALUES('utopia',1990,'E21',1990,500.0,'Mdollar / (PJ^2 / GW / year)','');
REPLACE INTO "cost_fixed" VALUES('utopia',2000,'E21',1990,500.0,'Mdollar / (PJ^2 / GW / year)','');
REPLACE INTO "cost_fixed" VALUES('utopia',2010,'E21',1990,500.0,'Mdollar / (PJ^2 / GW / year)','');
REPLACE INTO "cost_fixed" VALUES('utopia',2000,'E21',2000,500.0,'Mdollar / (PJ^2 / GW / year)','');
REPLACE INTO "cost_fixed" VALUES('utopia',2010,'E21',2000,500.0,'Mdollar / (PJ^2 / GW / year)','');
REPLACE INTO "cost_fixed" VALUES('utopia',2010,'E21',2010,500.0,'Mdollar / (PJ^2 / GW / year)','');
REPLACE INTO "cost_fixed" VALUES('utopia',1990,'E31',1980,75.0,'Mdollar / (PJ^2 / GW / year)','');
REPLACE INTO "cost_fixed" VALUES('utopia',1990,'E31',1990,75.0,'Mdollar / (PJ^2 / GW / year)','');
REPLACE INTO "cost_fixed" VALUES('utopia',2000,'E31',1980,75.0,'Mdollar / (PJ^2 / GW / year)','');
REPLACE INTO "cost_fixed" VALUES('utopia',2000,'E31',1990,75.0,'Mdollar / (PJ^2 / GW / year)','');
REPLACE INTO "cost_fixed" VALUES('utopia',2000,'E31',2000,75.0,'Mdollar / (PJ^2 / GW / year)','');
REPLACE INTO "cost_fixed" VALUES('utopia',2010,'E31',1980,75.0,'Mdollar / (PJ^2 / GW / year)','');
REPLACE INTO "cost_fixed" VALUES('utopia',2010,'E31',1990,75.0,'Mdollar / (PJ^2 / GW / year)','');
REPLACE INTO "cost_fixed" VALUES('utopia',2010,'E31',2000,75.0,'Mdollar / (PJ^2 / GW / year)','');
REPLACE INTO "cost_fixed" VALUES('utopia',2010,'E31',2010,75.0,'Mdollar / (PJ^2 / GW / year)','');
REPLACE INTO "cost_fixed" VALUES('utopia',1990,'E51',1980,30.0,'Mdollar / (PJ^2 / GW / year)','');
REPLACE INTO "cost_fixed" VALUES('utopia',1990,'E51',1990,30.0,'Mdollar / (PJ^2 / GW / year)','');
REPLACE INTO "cost_fixed" VALUES('utopia',2000,'E51',1980,30.0,'Mdollar / (PJ^2 / GW / year)','');
REPLACE INTO "cost_fixed" VALUES('utopia',2000,'E51',1990,30.0,'Mdollar / (PJ^2 / GW / year)','');
REPLACE INTO "cost_fixed" VALUES('utopia',2000,'E51',2000,30.0,'Mdollar / (PJ^2 / GW / year)','');
REPLACE INTO "cost_fixed" VALUES('utopia',2010,'E51',1980,30.0,'Mdollar / (PJ^2 / GW / year)','');
REPLACE INTO "cost_fixed" VALUES('utopia',2010,'E51',1990,30.0,'Mdollar / (PJ^2 / GW / year)','');
REPLACE INTO "cost_fixed" VALUES('utopia',2010,'E51',2000,30.0,'Mdollar / (PJ^2 / GW / year)','');
REPLACE INTO "cost_fixed" VALUES('utopia',2010,'E51',2010,30.0,'Mdollar / (PJ^2 / GW / year)','');
REPLACE INTO "cost_fixed" VALUES('utopia',1990,'E70',1960,30.0,'Mdollar / (PJ^2 / GW / year)','');
REPLACE INTO "cost_fixed" VALUES('utopia',1990,'E70',1970,30.0,'Mdollar / (PJ^2 / GW / year)','');
REPLACE INTO "cost_fixed" VALUES('utopia',1990,'E70',1980,30.0,'Mdollar / (PJ^2 / GW / year)','');
REPLACE INTO "cost_fixed" VALUES('utopia',1990,'E70',1990,30.0,'Mdollar / (PJ^2 / GW / year)','');
REPLACE INTO "cost_fixed" VALUES('utopia',2000,'E70',1970,30.0,'Mdollar / (PJ^2 / GW / year)','');
REPLACE INTO "cost_fixed" VALUES('utopia',2000,'E70',1980,30.0,'Mdollar / (PJ^2 / GW / year)','');
REPLACE INTO "cost_fixed" VALUES('utopia',2000,'E70',1990,30.0,'Mdollar / (PJ^2 / GW / year)','');
REPLACE INTO "cost_fixed" VALUES('utopia',2000,'E70',2000,30.0,'Mdollar / (PJ^2 / GW / year)','');
REPLACE INTO "cost_fixed" VALUES('utopia',2010,'E70',1980,30.0,'Mdollar / (PJ^2 / GW / year)','');
REPLACE INTO "cost_fixed" VALUES('utopia',2010,'E70',1990,30.0,'Mdollar / (PJ^2 / GW / year)','');
REPLACE INTO "cost_fixed" VALUES('utopia',2010,'E70',2000,30.0,'Mdollar / (PJ^2 / GW / year)','');
REPLACE INTO "cost_fixed" VALUES('utopia',2010,'E70',2010,30.0,'Mdollar / (PJ^2 / GW / year)','');
REPLACE INTO "cost_fixed" VALUES('utopia',1990,'RHO',1970,1.0,'Mdollar / (PJ^2 / GW / year)','');
REPLACE INTO "cost_fixed" VALUES('utopia',1990,'RHO',1980,1.0,'Mdollar / (PJ^2 / GW / year)','');
REPLACE INTO "cost_fixed" VALUES('utopia',1990,'RHO',1990,1.0,'Mdollar / (PJ^2 / GW / year)','');
REPLACE INTO "cost_fixed" VALUES('utopia',2000,'RHO',1980,1.0,'Mdollar / (PJ^2 / GW / year)','');
REPLACE INTO "cost_fixed" VALUES('utopia',2000,'RHO',1990,1.0,'Mdollar / (PJ^2 / GW / year)','');
REPLACE INTO "cost_fixed" VALUES('utopia',2000,'RHO',2000,1.0,'Mdollar / (PJ^2 / GW / year)','');
REPLACE INTO "cost_fixed" VALUES('utopia',2010,'RHO',1990,1.0,'Mdollar / (PJ^2 / GW / year)','');
REPLACE INTO "cost_fixed" VALUES('utopia',2010,'RHO',2000,1.0,'Mdollar / (PJ^2 / GW / year)','');
REPLACE INTO "cost_fixed" VALUES('utopia',2010,'RHO',2010,1.0,'Mdollar / (PJ^2 / GW / year)','');
REPLACE INTO "cost_fixed" VALUES('utopia',1990,'RL1',1980,9.46,'Mdollar / (PJ^2 / GW / year)','');
REPLACE INTO "cost_fixed" VALUES('utopia',1990,'RL1',1990,9.46,'Mdollar / (PJ^2 / GW / year)','');
REPLACE INTO "cost_fixed" VALUES('utopia',2000,'RL1',2000,9.46,'Mdollar / (PJ^2 / GW / year)','');
REPLACE INTO "cost_fixed" VALUES('utopia',2010,'RL1',2010,9.46,'Mdollar / (PJ^2 / GW / year)','');
REPLACE INTO "cost_fixed" VALUES('utopia',1990,'TXD',1970,52.0,'Mdollar / (PJ^2 / GW / year)','');
REPLACE INTO "cost_fixed" VALUES('utopia',1990,'TXD',1980,52.0,'Mdollar / (PJ^2 / GW / year)','');
REPLACE INTO "cost_fixed" VALUES('utopia',1990,'TXD',1990,52.0,'Mdollar / (PJ^2 / GW / year)','');
REPLACE INTO "cost_fixed" VALUES('utopia',2000,'TXD',1980,52.0,'Mdollar / (PJ^2 / GW / year)','');
REPLACE INTO "cost_fixed" VALUES('utopia',2000,'TXD',1990,52.0,'Mdollar / (PJ^2 / GW / year)','');
REPLACE INTO "cost_fixed" VALUES('utopia',2000,'TXD',2000,52.0,'Mdollar / (PJ^2 / GW / year)','');
REPLACE INTO "cost_fixed" VALUES('utopia',2010,'TXD',2000,52.0,'Mdollar / (PJ^2 / GW / year)','');
REPLACE INTO "cost_fixed" VALUES('utopia',2010,'TXD',2010,52.0,'Mdollar / (PJ^2 / GW / year)','');
REPLACE INTO "cost_fixed" VALUES('utopia',1990,'TXE',1990,100.0,'Mdollar / (PJ^2 / GW / year)','');
REPLACE INTO "cost_fixed" VALUES('utopia',2000,'TXE',1990,90.0,'Mdollar / (PJ^2 / GW / year)','');
REPLACE INTO "cost_fixed" VALUES('utopia',2000,'TXE',2000,90.0,'Mdollar / (PJ^2 / GW / year)','');
REPLACE INTO "cost_fixed" VALUES('utopia',2010,'TXE',2000,80.0,'Mdollar / (PJ^2 / GW / year)','');
REPLACE INTO "cost_fixed" VALUES('utopia',2010,'TXE',2010,80.0,'Mdollar / (PJ^2 / GW / year)','');
REPLACE INTO "cost_fixed" VALUES('utopia',1990,'TXG',1970,48.0,'Mdollar / (PJ^2 / GW / year)','');
REPLACE INTO "cost_fixed" VALUES('utopia',1990,'TXG',1980,48.0,'Mdollar / (PJ^2 / GW / year)','');
REPLACE INTO "cost_fixed" VALUES('utopia',1990,'TXG',1990,48.0,'Mdollar / (PJ^2 / GW / year)','');
REPLACE INTO "cost_fixed" VALUES('utopia',2000,'TXG',1980,48.0,'Mdollar / (PJ^2 / GW / year)','');
REPLACE INTO "cost_fixed" VALUES('utopia',2000,'TXG',1990,48.0,'Mdollar / (PJ^2 / GW / year)','');
REPLACE INTO "cost_fixed" VALUES('utopia',2000,'TXG',2000,48.0,'Mdollar / (PJ^2 / GW / year)','');
REPLACE INTO "cost_fixed" VALUES('utopia',2010,'TXG',2000,48.0,'Mdollar / (PJ^2 / GW / year)','');
REPLACE INTO "cost_fixed" VALUES('utopia',2010,'TXG',2010,48.0,'Mdollar / (PJ^2 / GW / year)','');
REPLACE INTO "cost_invest" VALUES('utopia','E01',1990,2000.0,'Mdollar / (PJ^2 / GW)','');
REPLACE INTO "cost_invest" VALUES('utopia','E01',2000,1300.0,'Mdollar / (PJ^2 / GW)','');
REPLACE INTO "cost_invest" VALUES('utopia','E01',2010,1200.0,'Mdollar / (PJ^2 / GW)','');
REPLACE INTO "cost_invest" VALUES('utopia','E21',1990,5000.0,'Mdollar / (PJ^2 / GW)','');
REPLACE INTO "cost_invest" VALUES('utopia','E21',2000,5000.0,'Mdollar / (PJ^2 / GW)','');
REPLACE INTO "cost_invest" VALUES('utopia','E21',2010,5000.0,'Mdollar / (PJ^2 / GW)','');
REPLACE INTO "cost_invest" VALUES('utopia','E31',1990,3000.0,'Mdollar / (PJ^2 / GW)','');
REPLACE INTO "cost_invest" VALUES('utopia','E31',2000,3000.0,'Mdollar / (PJ^2 / GW)','');
REPLACE INTO "cost_invest" VALUES('utopia','E31',2010,3000.0,'Mdollar / (PJ^2 / GW)','');
REPLACE INTO "cost_invest" VALUES('utopia','E51',1990,900.0,'Mdollar / (PJ^2 / GW)','');
REPLACE INTO "cost_invest" VALUES('utopia','E51',2000,900.0,'Mdollar / (PJ^2 / GW)','');
REPLACE INTO "cost_invest" VALUES('utopia','E51',2010,900.0,'Mdollar / (PJ^2 / GW)','');
REPLACE INTO "cost_invest" VALUES('utopia','E70',1990,1000.0,'Mdollar / (PJ^2 / GW)','');
REPLACE INTO "cost_invest" VALUES('utopia','E70',2000,1000.0,'Mdollar / (PJ^2 / GW)','');
REPLACE INTO "cost_invest" VALUES('utopia','E70',2010,1000.0,'Mdollar / (PJ^2 / GW)','');
REPLACE INTO "cost_invest" VALUES('utopia','RHE',1990,90.0,'Mdollar / (PJ^2 / GW)','');
REPLACE INTO "cost_invest" VALUES('utopia','RHE',2000,90.0,'Mdollar / (PJ^2 / GW)','');
REPLACE INTO "cost_invest" VALUES('utopia','RHE',2010,90.0,'Mdollar / (PJ^2 / GW)','');
REPLACE INTO "cost_invest" VALUES('utopia','RHO',1990,100.0,'Mdollar / (PJ^2 / GW)','');
REPLACE INTO "cost_invest" VALUES('utopia','RHO',2000,100.0,'Mdollar / (PJ^2 / GW)','');
REPLACE INTO "cost_invest" VALUES('utopia','RHO',2010,100.0,'Mdollar / (PJ^2 / GW)','');
REPLACE INTO "cost_invest" VALUES('utopia','SRE',1990,100.0,'Mdollar / (PJ^2 / GW)','');
REPLACE INTO "cost_invest" VALUES('utopia','SRE',2000,100.0,'Mdollar / (PJ^2 / GW)','');
REPLACE INTO "cost_invest" VALUES('utopia','SRE',2010,100.0,'Mdollar / (PJ^2 / GW)','');
REPLACE INTO "cost_invest" VALUES('utopia','TXD',1990,1044.0,'Mdollar / (PJ^2 / GW)','');
REPLACE INTO "cost_invest" VALUES('utopia','TXD',2000,1044.0,'Mdollar / (PJ^2 / GW)','');
REPLACE INTO "cost_invest" VALUES('utopia','TXD',2010,1044.0,'Mdollar / (PJ^2 / GW)','');
REPLACE INTO "cost_invest" VALUES('utopia','TXE',1990,2000.0,'Mdollar / (PJ^2 / GW)','');
REPLACE INTO "cost_invest" VALUES('utopia','TXE',2000,1750.0,'Mdollar / (PJ^2 / GW)','');
REPLACE INTO "cost_invest" VALUES('utopia','TXE',2010,1500.0,'Mdollar / (PJ^2 / GW)','');
REPLACE INTO "cost_invest" VALUES('utopia','TXG',1990,1044.0,'Mdollar / (PJ^2 / GW)','');
REPLACE INTO "cost_invest" VALUES('utopia','TXG',2000,1044.0,'Mdollar / (PJ^2 / GW)','');
REPLACE INTO "cost_invest" VALUES('utopia','TXG',2010,1044.0,'Mdollar / (PJ^2 / GW)','');
REPLACE INTO "cost_variable" VALUES('utopia',1990,'IMPDSL1',1990,10.0,'Mdollar / (PJ)','');
REPLACE INTO "cost_variable" VALUES('utopia',2000,'IMPDSL1',1990,10.0,'Mdollar / (PJ)','');
REPLACE INTO "cost_variable" VALUES('utopia',2010,'IMPDSL1',1990,10.0,'Mdollar / (PJ)','');
REPLACE INTO "cost_variable" VALUES('utopia',1990,'IMPGSL1',1990,15.0,'Mdollar / (PJ)','');
REPLACE INTO "cost_variable" VALUES('utopia',2000,'IMPGSL1',1990,15.0,'Mdollar / (PJ)','');
REPLACE INTO "cost_variable" VALUES('utopia',2010,'IMPGSL1',1990,15.0,'Mdollar / (PJ)','');
REPLACE INTO "cost_variable" VALUES('utopia',1990,'IMPHCO1',1990,2.0,'Mdollar / (PJ)','');
REPLACE INTO "cost_variable" VALUES('utopia',2000,'IMPHCO1',1990,2.0,'Mdollar / (PJ)','');
REPLACE INTO "cost_variable" VALUES('utopia',2010,'IMPHCO1',1990,2.0,'Mdollar / (PJ)','');
REPLACE INTO "cost_variable" VALUES('utopia',1990,'IMPOIL1',1990,8.0,'Mdollar / (PJ)','');
REPLACE INTO "cost_variable" VALUES('utopia',2000,'IMPOIL1',1990,8.0,'Mdollar / (PJ)','');
REPLACE INTO "cost_variable" VALUES('utopia',2010,'IMPOIL1',1990,8.0,'Mdollar / (PJ)','');
REPLACE INTO "cost_variable" VALUES('utopia',1990,'IMPURN1',1990,2.0,'Mdollar / (PJ)','');
REPLACE INTO "cost_variable" VALUES('utopia',2000,'IMPURN1',1990,2.0,'Mdollar / (PJ)','');
REPLACE INTO "cost_variable" VALUES('utopia',2010,'IMPURN1',1990,2.0,'Mdollar / (PJ)','');
REPLACE INTO "cost_variable" VALUES('utopia',1990,'E01',1960,0.3,'Mdollar / (PJ)','');
REPLACE INTO "cost_variable" VALUES('utopia',1990,'E01',1970,0.3,'Mdollar / (PJ)','');
REPLACE INTO "cost_variable" VALUES('utopia',1990,'E01',1980,0.3,'Mdollar / (PJ)','');
REPLACE INTO "cost_variable" VALUES('utopia',1990,'E01',1990,0.3,'Mdollar / (PJ)','');
REPLACE INTO "cost_variable" VALUES('utopia',2000,'E01',1970,0.3,'Mdollar / (PJ)','');
REPLACE INTO "cost_variable" VALUES('utopia',2000,'E01',1980,0.3,'Mdollar / (PJ)','');
REPLACE INTO "cost_variable" VALUES('utopia',2000,'E01',1990,0.3,'Mdollar / (PJ)','');
REPLACE INTO "cost_variable" VALUES('utopia',2000,'E01',2000,0.3,'Mdollar / (PJ)','');
REPLACE INTO "cost_variable" VALUES('utopia',2010,'E01',1980,0.3,'Mdollar / (PJ)','');
REPLACE INTO "cost_variable" VALUES('utopia',2010,'E01',1990,0.3,'Mdollar / (PJ)','');
REPLACE INTO "cost_variable" VALUES('utopia',2010,'E01',2000,0.3,'Mdollar / (PJ)','');
REPLACE INTO "cost_variable" VALUES('utopia',2010,'E01',2010,0.3,'Mdollar / (PJ)','');
REPLACE INTO "cost_variable" VALUES('utopia',1990,'E21',1990,1.5,'Mdollar / (PJ)','');
REPLACE INTO "cost_variable" VALUES('utopia',2000,'E21',1990,1.5,'Mdollar / (PJ)','');
REPLACE INTO "cost_variable" VALUES('utopia',2010,'E21',1990,1.5,'Mdollar / (PJ)','');
REPLACE INTO "cost_variable" VALUES('utopia',2000,'E21',2000,1.5,'Mdollar / (PJ)','');
REPLACE INTO "cost_variable" VALUES('utopia',2010,'E21',2000,1.5,'Mdollar / (PJ)','');
REPLACE INTO "cost_variable" VALUES('utopia',2010,'E21',2010,1.5,'Mdollar / (PJ)','');
REPLACE INTO "cost_variable" VALUES('utopia',1990,'E70',1960,0.4,'Mdollar / (PJ)','');
REPLACE INTO "cost_variable" VALUES('utopia',1990,'E70',1970,0.4,'Mdollar / (PJ)','');
REPLACE INTO "cost_variable" VALUES('utopia',1990,'E70',1980,0.4,'Mdollar / (PJ)','');
REPLACE INTO "cost_variable" VALUES('utopia',1990,'E70',1990,0.4,'Mdollar / (PJ)','');
REPLACE INTO "cost_variable" VALUES('utopia',2000,'E70',1970,0.4,'Mdollar / (PJ)','');
REPLACE INTO "cost_variable" VALUES('utopia',2000,'E70',1980,0.4,'Mdollar / (PJ)','');
REPLACE INTO "cost_variable" VALUES('utopia',2000,'E70',1990,0.4,'Mdollar / (PJ)','');
REPLACE INTO "cost_variable" VALUES('utopia',2000,'E70',2000,0.4,'Mdollar / (PJ)','');
REPLACE INTO "cost_variable" VALUES('utopia',2010,'E70',1980,0.4,'Mdollar / (PJ)','');
REPLACE INTO "cost_variable" VALUES('utopia',2010,'E70',1990,0.4,'Mdollar / (PJ)','');
REPLACE INTO "cost_variable" VALUES('utopia',2010,'E70',2000,0.4,'Mdollar / (PJ)','');
REPLACE INTO "cost_variable" VALUES('utopia',2010,'E70',2010,0.4,'Mdollar / (PJ)','');
REPLACE INTO "cost_variable" VALUES('utopia',1990,'SRE',1990,10.0,'Mdollar / (PJ)','');
REPLACE INTO "cost_variable" VALUES('utopia',2000,'SRE',1990,10.0,'Mdollar / (PJ)','');
REPLACE INTO "cost_variable" VALUES('utopia',2000,'SRE',2000,10.0,'Mdollar / (PJ)','');
REPLACE INTO "cost_variable" VALUES('utopia',2010,'SRE',1990,10.0,'Mdollar / (PJ)','');
REPLACE INTO "cost_variable" VALUES('utopia',2010,'SRE',2000,10.0,'Mdollar / (PJ)','');
REPLACE INTO "cost_variable" VALUES('utopia',2010,'SRE',2010,10.0,'Mdollar / (PJ)','');
REPLACE INTO "demand" VALUES('utopia',1990,'RH',25.2,'PJ','');
REPLACE INTO "demand" VALUES('utopia',2000,'RH',37.8,'PJ','');
REPLACE INTO "demand" VALUES('utopia',2010,'RH',56.7,'PJ','');
REPLACE INTO "demand" VALUES('utopia',1990,'RL',5.6,'PJ','');
REPLACE INTO "demand" VALUES('utopia',2000,'RL',8.4,'PJ','');
REPLACE INTO "demand" VALUES('utopia',2010,'RL',12.6,'PJ','');
REPLACE INTO "demand" VALUES('utopia',1990,'TX',5.2,'PJ','');
REPLACE INTO "demand" VALUES('utopia',2000,'TX',7.8,'PJ','');
REPLACE INTO "demand" VALUES('utopia',2010,'TX',11.69,'PJ','');
REPLACE INTO "demand_specific_distribution" VALUES('utopia',1990,'inter','day','RH',0.12,'');
REPLACE INTO "demand_specific_distribution" VALUES('utopia',1990,'inter','night','RH',0.06,'');
REPLACE INTO "demand_specific_distribution" VALUES('utopia',1990,'winter','day','RH',0.5467,'');
REPLACE INTO "demand_specific_distribution" VALUES('utopia',1990,'winter','night','RH',0.2733,'');
REPLACE INTO "demand_specific_distribution" VALUES('utopia',1990,'inter','day','RL',0.15,'');
REPLACE INTO "demand_specific_distribution" VALUES('utopia',1990,'inter','night','RL',0.05,'');
REPLACE INTO "demand_specific_distribution" VALUES('utopia',1990,'summer','day','RL',0.15,'');
REPLACE INTO "demand_specific_distribution" VALUES('utopia',1990,'summer','night','RL',0.05,'');
REPLACE INTO "demand_specific_distribution" VALUES('utopia',1990,'winter','day','RL',0.5,'');
REPLACE INTO "demand_specific_distribution" VALUES('utopia',1990,'winter','night','RL',0.1,'');
REPLACE INTO "demand_specific_distribution" VALUES('utopia',2000,'inter','day','RH',0.12,'');
REPLACE INTO "demand_specific_distribution" VALUES('utopia',2000,'inter','night','RH',0.06,'');
REPLACE INTO "demand_specific_distribution" VALUES('utopia',2000,'winter','day','RH',0.5467,'');
REPLACE INTO "demand_specific_distribution" VALUES('utopia',2000,'winter','night','RH',0.2733,'');
REPLACE INTO "demand_specific_distribution" VALUES('utopia',2000,'inter','day','RL',0.15,'');
REPLACE INTO "demand_specific_distribution" VALUES('utopia',2000,'inter','night','RL',0.05,'');
REPLACE INTO "demand_specific_distribution" VALUES('utopia',2000,'summer','day','RL',0.15,'');
REPLACE INTO "demand_specific_distribution" VALUES('utopia',2000,'summer','night','RL',0.05,'');
REPLACE INTO "demand_specific_distribution" VALUES('utopia',2000,'winter','day','RL',0.5,'');
REPLACE INTO "demand_specific_distribution" VALUES('utopia',2000,'winter','night','RL',0.1,'');
REPLACE INTO "demand_specific_distribution" VALUES('utopia',2010,'inter','day','RH',0.12,'');
REPLACE INTO "demand_specific_distribution" VALUES('utopia',2010,'inter','night','RH',0.06,'');
REPLACE INTO "demand_specific_distribution" VALUES('utopia',2010,'winter','day','RH',0.5467,'');
REPLACE INTO "demand_specific_distribution" VALUES('utopia',2010,'winter','night','RH',0.2733,'');
REPLACE INTO "demand_specific_distribution" VALUES('utopia',2010,'inter','day','RL',0.15,'');
REPLACE INTO "demand_specific_distribution" VALUES('utopia',2010,'inter','night','RL',0.05,'');
REPLACE INTO "demand_specific_distribution" VALUES('utopia',2010,'summer','day','RL',0.15,'');
REPLACE INTO "demand_specific_distribution" VALUES('utopia',2010,'summer','night','RL',0.05,'');
REPLACE INTO "demand_specific_distribution" VALUES('utopia',2010,'winter','day','RL',0.5,'');
REPLACE INTO "demand_specific_distribution" VALUES('utopia',2010,'winter','night','RL',0.1,'');
REPLACE INTO "efficiency" VALUES('utopia','ethos','IMPDSL1',1990,'DSL',1.0,'PJ / (PJ)','');
REPLACE INTO "efficiency" VALUES('utopia','ethos','IMPGSL1',1990,'GSL',1.0,'PJ / (PJ)','');
REPLACE INTO "efficiency" VALUES('utopia','ethos','IMPHCO1',1990,'HCO',1.0,'PJ / (PJ)','');
REPLACE INTO "efficiency" VALUES('utopia','ethos','IMPOIL1',1990,'OIL',1.0,'PJ / (PJ)','');
REPLACE INTO "efficiency" VALUES('utopia','ethos','IMPURN1',1990,'URN',1.0,'PJ / (PJ)','');
REPLACE INTO "efficiency" VALUES('utopia','ethos','IMPFEQ',1990,'FEQ',1.0,'PJ / (PJ)','');
REPLACE INTO "efficiency" VALUES('utopia','ethos','IMPHYD',1990,'HYD',1.0,'PJ / (PJ)','');
REPLACE INTO "efficiency" VALUES('utopia','HCO','E01',1960,'ELC',0.32,'PJ / (PJ)','# 1/3.125');
REPLACE INTO "efficiency" VALUES('utopia','HCO','E01',1970,'ELC',0.32,'PJ / (PJ)','# 1/3.125');
REPLACE INTO "efficiency" VALUES('utopia','HCO','E01',1980,'ELC',0.32,'PJ / (PJ)','# 1/3.125');
REPLACE INTO "efficiency" VALUES('utopia','HCO','E01',1990,'ELC',0.32,'PJ / (PJ)','# 1/3.125');
REPLACE INTO "efficiency" VALUES('utopia','HCO','E01',2000,'ELC',0.32,'PJ / (PJ)','# 1/3.125');
REPLACE INTO "efficiency" VALUES('utopia','HCO','E01',2010,'ELC',0.32,'PJ / (PJ)','# 1/3.125');
REPLACE INTO "efficiency" VALUES('utopia','FEQ','E21',1990,'ELC',0.32,'PJ / (PJ)','# 1/3.125');
REPLACE INTO "efficiency" VALUES('utopia','FEQ','E21',2000,'ELC',0.32,'PJ / (PJ)','# 1/3.125');
REPLACE INTO "efficiency" VALUES('utopia','FEQ','E21',2010,'ELC',0.32,'PJ / (PJ)','# 1/3.125');
REPLACE INTO "efficiency" VALUES('utopia','URN','E21',1990,'ELC',0.4,'PJ / (PJ)','# 1/2.5');
REPLACE INTO "efficiency" VALUES('utopia','URN','E21',2000,'ELC',0.4,'PJ / (PJ)','# 1/2.5');
REPLACE INTO "efficiency" VALUES('utopia','URN','E21',2010,'ELC',0.4,'PJ / (PJ)','# 1/2.5');
REPLACE INTO "efficiency" VALUES('utopia','HYD','E31',1980,'ELC',0.32,'PJ / (PJ)','# 1/3.125');
REPLACE INTO "efficiency" VALUES('utopia','HYD','E31',1990,'ELC',0.32,'PJ / (PJ)','# 1/3.125');
REPLACE INTO "efficiency" VALUES('utopia','HYD','E31',2000,'ELC',0.32,'PJ / (PJ)','# 1/3.125');
REPLACE INTO "efficiency" VALUES('utopia','HYD','E31',2010,'ELC',0.32,'PJ / (PJ)','# 1/3.125');
REPLACE INTO "efficiency" VALUES('utopia','DSL','E70',1960,'ELC',0.294,'PJ / (PJ)','# 1/3.4');
REPLACE INTO "efficiency" VALUES('utopia','DSL','E70',1970,'ELC',0.294,'PJ / (PJ)','# 1/3.4');
REPLACE INTO "efficiency" VALUES('utopia','DSL','E70',1980,'ELC',0.294,'PJ / (PJ)','# 1/3.4');
REPLACE INTO "efficiency" VALUES('utopia','DSL','E70',1990,'ELC',0.294,'PJ / (PJ)','# 1/3.4');
REPLACE INTO "efficiency" VALUES('utopia','DSL','E70',2000,'ELC',0.294,'PJ / (PJ)','# 1/3.4');
REPLACE INTO "efficiency" VALUES('utopia','DSL','E70',2010,'ELC',0.294,'PJ / (PJ)','# 1/3.4');
REPLACE INTO "efficiency" VALUES('utopia','ELC','E51',1980,'ELC',0.72,'PJ / (PJ)','# 1/1.3889');
REPLACE INTO "efficiency" VALUES('utopia','ELC','E51',1990,'ELC',0.72,'PJ / (PJ)','# 1/1.3889');
REPLACE INTO "efficiency" VALUES('utopia','ELC','E51',2000,'ELC',0.72,'PJ / (PJ)','# 1/1.3889');
REPLACE INTO "efficiency" VALUES('utopia','ELC','E51',2010,'ELC',0.72,'PJ / (PJ)','# 1/1.3889');
REPLACE INTO "efficiency" VALUES('utopia','ELC','RHE',1990,'RH',1.0,'PJ / (PJ)','# direct translation from DMD_EFF');
REPLACE INTO "efficiency" VALUES('utopia','ELC','RHE',2000,'RH',1.0,'PJ / (PJ)','# direct translation from DMD_EFF');
REPLACE INTO "efficiency" VALUES('utopia','ELC','RHE',2010,'RH',1.0,'PJ / (PJ)','# direct translation from DMD_EFF');
REPLACE INTO "efficiency" VALUES('utopia','DSL','RHO',1970,'RH',0.7,'PJ / (PJ)','# direct translation from DMD_EFF');
REPLACE INTO "efficiency" VALUES('utopia','DSL','RHO',1980,'RH',0.7,'PJ / (PJ)','# direct translation from DMD_EFF');
REPLACE INTO "efficiency" VALUES('utopia','DSL','RHO',1990,'RH',0.7,'PJ / (PJ)','# direct translation from DMD_EFF');
REPLACE INTO "efficiency" VALUES('utopia','DSL','RHO',2000,'RH',0.7,'PJ / (PJ)','# direct translation from DMD_EFF');
REPLACE INTO "efficiency" VALUES('utopia','DSL','RHO',2010,'RH',0.7,'PJ / (PJ)','# direct translation from DMD_EFF');
REPLACE INTO "efficiency" VALUES('utopia','ELC','RL1',1980,'RL',1.0,'PJ / (PJ)','# direct translation from DMD_EFF');
REPLACE INTO "efficiency" VALUES('utopia','ELC','RL1',1990,'RL',1.0,'PJ / (PJ)','# direct translation from DMD_EFF');
REPLACE INTO "efficiency" VALUES('utopia','ELC','RL1',2000,'RL',1.0,'PJ / (PJ)','# direct translation from DMD_EFF');
REPLACE INTO "efficiency" VALUES('utopia','ELC','RL1',2010,'RL',1.0,'PJ / (PJ)','# direct translation from DMD_EFF');
REPLACE INTO "efficiency" VALUES('utopia','OIL','SRE',1990,'DSL',1.0,'PJ / (PJ)','# direct translation from PRC_INP2, PRC_OUT');
REPLACE INTO "efficiency" VALUES('utopia','OIL','SRE',2000,'DSL',1.0,'PJ / (PJ)','# direct translation from PRC_INP2, PRC_OUT');
REPLACE INTO "efficiency" VALUES('utopia','OIL','SRE',2010,'DSL',1.0,'PJ / (PJ)','# direct translation from PRC_INP2, PRC_OUT');
REPLACE INTO "efficiency" VALUES('utopia','OIL','SRE',1990,'GSL',1.0,'PJ / (PJ)','# direct translation from PRC_INP2, PRC_OUT');
REPLACE INTO "efficiency" VALUES('utopia','OIL','SRE',2000,'GSL',1.0,'PJ / (PJ)','# direct translation from PRC_INP2, PRC_OUT');
REPLACE INTO "efficiency" VALUES('utopia','OIL','SRE',2010,'GSL',1.0,'PJ / (PJ)','# direct translation from PRC_INP2, PRC_OUT');
REPLACE INTO "efficiency" VALUES('utopia','DSL','TXD',1970,'TX',0.231,'PJ / (PJ)','# direct translation from DMD_EFF');
REPLACE INTO "efficiency" VALUES('utopia','DSL','TXD',1980,'TX',0.231,'PJ / (PJ)','# direct translation from DMD_EFF');
REPLACE INTO "efficiency" VALUES('utopia','DSL','TXD',1990,'TX',0.231,'PJ / (PJ)','# direct translation from DMD_EFF');
REPLACE INTO "efficiency" VALUES('utopia','DSL','TXD',2000,'TX',0.231,'PJ / (PJ)','# direct translation from DMD_EFF');
REPLACE INTO "efficiency" VALUES('utopia','DSL','TXD',2010,'TX',0.231,'PJ / (PJ)','# direct translation from DMD_EFF');
REPLACE INTO "efficiency" VALUES('utopia','ELC','TXE',1990,'TX',0.827,'PJ / (PJ)','# direct translation from DMD_EFF');
REPLACE INTO "efficiency" VALUES('utopia','ELC','TXE',2000,'TX',0.827,'PJ / (PJ)','# direct translation from DMD_EFF');
REPLACE INTO "efficiency" VALUES('utopia','ELC','TXE',2010,'TX',0.827,'PJ / (PJ)','# direct translation from DMD_EFF');
REPLACE INTO "efficiency" VALUES('utopia','GSL','TXG',1970,'TX',0.231,'PJ / (PJ)','# direct translation from DMD_EFF');
REPLACE INTO "efficiency" VALUES('utopia','GSL','TXG',1980,'TX',0.231,'PJ / (PJ)','# direct translation from DMD_EFF');
REPLACE INTO "efficiency" VALUES('utopia','GSL','TXG',1990,'TX',0.231,'PJ / (PJ)','# direct translation from DMD_EFF');
REPLACE INTO "efficiency" VALUES('utopia','GSL','TXG',2000,'TX',0.231,'PJ / (PJ)','# direct translation from DMD_EFF');
REPLACE INTO "efficiency" VALUES('utopia','GSL','TXG',2010,'TX',0.231,'PJ / (PJ)','# direct translation from DMD_EFF');
REPLACE INTO "emission_activity" VALUES('utopia','co2','ethos','IMPDSL1',1990,'DSL',0.075,'Mt / (PJ)','');
REPLACE INTO "emission_activity" VALUES('utopia','co2','ethos','IMPGSL1',1990,'GSL',0.075,'Mt / (PJ)','');
REPLACE INTO "emission_activity" VALUES('utopia','co2','ethos','IMPHCO1',1990,'HCO',8.9e-02,'Mt / (PJ)','');
REPLACE INTO "emission_activity" VALUES('utopia','co2','ethos','IMPOIL1',1990,'OIL',0.075,'Mt / (PJ)','');
REPLACE INTO "emission_activity" VALUES('utopia','nox','DSL','TXD',1970,'TX',1.0,'Mt / (PJ)','');
REPLACE INTO "emission_activity" VALUES('utopia','nox','DSL','TXD',1980,'TX',1.0,'Mt / (PJ)','');
REPLACE INTO "emission_activity" VALUES('utopia','nox','DSL','TXD',1990,'TX',1.0,'Mt / (PJ)','');
REPLACE INTO "emission_activity" VALUES('utopia','nox','DSL','TXD',2000,'TX',1.0,'Mt / (PJ)','');
REPLACE INTO "emission_activity" VALUES('utopia','nox','DSL','TXD',2010,'TX',1.0,'Mt / (PJ)','');
REPLACE INTO "emission_activity" VALUES('utopia','nox','GSL','TXG',1970,'TX',1.0,'Mt / (PJ)','');
REPLACE INTO "emission_activity" VALUES('utopia','nox','GSL','TXG',1980,'TX',1.0,'Mt / (PJ)','');
REPLACE INTO "emission_activity" VALUES('utopia','nox','GSL','TXG',1990,'TX',1.0,'Mt / (PJ)','');
REPLACE INTO "emission_activity" VALUES('utopia','nox','GSL','TXG',2000,'TX',1.0,'Mt / (PJ)','');
REPLACE INTO "emission_activity" VALUES('utopia','nox','GSL','TXG',2010,'TX',1.0,'Mt / (PJ)','');
REPLACE INTO "existing_capacity" VALUES('utopia','E01',1960,0.175,'GW','');
REPLACE INTO "existing_capacity" VALUES('utopia','E01',1970,0.175,'GW','');
REPLACE INTO "existing_capacity" VALUES('utopia','E01',1980,0.15,'GW','');
REPLACE INTO "existing_capacity" VALUES('utopia','E31',1980,0.1,'GW','');
REPLACE INTO "existing_capacity" VALUES('utopia','E51',1980,0.5,'GW','');
REPLACE INTO "existing_capacity" VALUES('utopia','E70',1960,0.05,'GW','');
REPLACE INTO "existing_capacity" VALUES('utopia','E70',1970,0.05,'GW','');
REPLACE INTO "existing_capacity" VALUES('utopia','E70',1980,0.2,'GW','');
REPLACE INTO "existing_capacity" VALUES('utopia','RHO',1970,12.5,'GW','');
REPLACE INTO "existing_capacity" VALUES('utopia','RHO',1980,12.5,'GW','');
REPLACE INTO "existing_capacity" VALUES('utopia','RL1',1980,5.6,'GW','');
REPLACE INTO "existing_capacity" VALUES('utopia','TXD',1970,0.4,'GW','');
REPLACE INTO "existing_capacity" VALUES('utopia','TXD',1980,0.2,'GW','');
REPLACE INTO "existing_capacity" VALUES('utopia','TXG',1970,3.1,'GW','');
REPLACE INTO "existing_capacity" VALUES('utopia','TXG',1980,1.5,'GW','');
REPLACE INTO "lifetime_process" VALUES('utopia','RL1',1980,20.0,'year','#forexistingcap');
REPLACE INTO "lifetime_process" VALUES('utopia','TXD',1970,30.0,'year','#forexistingcap');
REPLACE INTO "lifetime_process" VALUES('utopia','TXD',1980,30.0,'year','#forexistingcap');
REPLACE INTO "lifetime_process" VALUES('utopia','TXG',1970,30.0,'year','#forexistingcap');
REPLACE INTO "lifetime_process" VALUES('utopia','TXG',1980,30.0,'year','#forexistingcap');
REPLACE INTO "lifetime_tech" VALUES('utopia','E01',40.0,'year','');
REPLACE INTO "lifetime_tech" VALUES('utopia','E21',40.0,'year','');
REPLACE INTO "lifetime_tech" VALUES('utopia','E31',100.0,'year','');
REPLACE INTO "lifetime_tech" VALUES('utopia','E51',100.0,'year','');
REPLACE INTO "lifetime_tech" VALUES('utopia','E70',40.0,'year','');
REPLACE INTO "lifetime_tech" VALUES('utopia','RHE',30.0,'year','');
REPLACE INTO "lifetime_tech" VALUES('utopia','RHO',30.0,'year','');
REPLACE INTO "lifetime_tech" VALUES('utopia','RL1',10.0,'year','');
REPLACE INTO "lifetime_tech" VALUES('utopia','SRE',50.0,'year','');
REPLACE INTO "lifetime_tech" VALUES('utopia','TXD',15.0,'year','');
REPLACE INTO "lifetime_tech" VALUES('utopia','TXE',15.0,'year','');
REPLACE INTO "lifetime_tech" VALUES('utopia','TXG',15.0,'year','');
REPLACE INTO "lifetime_tech" VALUES('utopia','IMPDSL1',1000.0,'year','');
REPLACE INTO "lifetime_tech" VALUES('utopia','IMPGSL1',1000.0,'year','');
REPLACE INTO "lifetime_tech" VALUES('utopia','IMPHCO1',1000.0,'year','');
REPLACE INTO "lifetime_tech" VALUES('utopia','IMPOIL1',1000.0,'year','');
REPLACE INTO "lifetime_tech" VALUES('utopia','IMPURN1',1000.0,'year','');
REPLACE INTO "lifetime_tech" VALUES('utopia','IMPHYD',1000.0,'year','');
REPLACE INTO "lifetime_tech" VALUES('utopia','IMPFEQ',1000.0,'year','');
REPLACE INTO "limit_capacity" VALUES('utopia',1990,'E31','ge',0.13,'GW','');
REPLACE INTO "limit_capacity" VALUES('utopia',2000,'E31','ge',0.13,'GW','');
REPLACE INTO "limit_capacity" VALUES('utopia',2010,'E31','ge',0.13,'GW','');
REPLACE INTO "limit_capacity" VALUES('utopia',1990,'SRE','ge',0.1,'GW','');
REPLACE INTO "limit_capacity" VALUES('utopia',1990,'E31','le',0.13,'GW','');
REPLACE INTO "limit_capacity" VALUES('utopia',2000,'E31','le',0.17,'GW','');
REPLACE INTO "limit_capacity" VALUES('utopia',2010,'E31','le',2.1e-01,'GW','');
REPLACE INTO "limit_capacity" VALUES('utopia',1990,'RHE','le',0.0,'GW','');
REPLACE INTO "limit_capacity" VALUES('utopia',1990,'TXD','le',0.6,'GW','');
REPLACE INTO "limit_capacity" VALUES('utopia',2000,'TXD','le',1.76,'GW','');
REPLACE INTO "limit_capacity" VALUES('utopia',2010,'TXD','le',4.76,'GW','');
REPLACE INTO "limit_tech_output_split" VALUES('utopia',1990,'SRE','DSL','ge',0.7,'');
REPLACE INTO "limit_tech_output_split" VALUES('utopia',2000,'SRE','DSL','ge',0.7,'');
REPLACE INTO "limit_tech_output_split" VALUES('utopia',2010,'SRE','DSL','ge',0.7,'');
REPLACE INTO "limit_tech_output_split" VALUES('utopia',1990,'SRE','GSL','ge',0.3,'');
REPLACE INTO "limit_tech_output_split" VALUES('utopia',2000,'SRE','GSL','ge',0.3,'');
REPLACE INTO "limit_tech_output_split" VALUES('utopia',2010,'SRE','GSL','ge',0.3,'');
REPLACE INTO "metadata" VALUES('days_per_period',365,'count of days in each period');
REPLACE INTO "metadata" VALUES('DB_MAJOR',4,'');
REPLACE INTO "metadata" VALUES('DB_MINOR',0,'');
REPLACE INTO "metadata_real" VALUES('default_loan_rate',0.05,'Default Loan Rate if not specified in loan_rate table');
REPLACE INTO "metadata_real" VALUES('global_discount_rate',0.05,'');
REPLACE INTO "operator" VALUES('e','equal to');
REPLACE INTO "operator" VALUES('le','less than or equal to');
REPLACE INTO "operator" VALUES('ge','greater than or equal to');
REPLACE INTO "region" VALUES('utopia',NULL);
REPLACE INTO "season_label" VALUES('inter',NULL);
REPLACE INTO "season_label" VALUES('summer',NULL);
REPLACE INTO "season_label" VALUES('winter',NULL);
REPLACE INTO "sector_label" VALUES('supply',NULL);
REPLACE INTO "sector_label" VALUES('electric',NULL);
REPLACE INTO "sector_label" VALUES('transport',NULL);
REPLACE INTO "sector_label" VALUES('commercial',NULL);
REPLACE INTO "sector_label" VALUES('residential',NULL);
REPLACE INTO "sector_label" VALUES('industrial',NULL);
REPLACE INTO "technology" VALUES('IMPDSL1','p','supply','petroleum','',1,0,0,0,0,0,0,0,' imported diesel');
REPLACE INTO "technology" VALUES('IMPGSL1','p','supply','petroleum','',1,0,0,0,0,0,0,0,' imported gasoline');
REPLACE INTO "technology" VALUES('IMPHCO1','p','supply','coal','',1,0,0,0,0,0,0,0,' imported coal');
REPLACE INTO "technology" VALUES('IMPOIL1','p','supply','petroleum','',1,0,0,0,0,0,0,0,' imported crude oil');
REPLACE INTO "technology" VALUES('IMPURN1','p','supply','nuclear','',1,0,0,0,0,0,0,0,' imported uranium');
REPLACE INTO "technology" VALUES('IMPFEQ','p','supply','petroleum','',1,0,0,0,0,0,0,0,' imported fossil equivalent');
REPLACE INTO "technology" VALUES('IMPHYD','p','supply','hydro','',1,0,0,0,0,0,0,0,' imported water -- doesnt exist in Utopia');
REPLACE INTO "technology" VALUES('E01','pb','electric','coal','',0,0,0,0,0,0,0,0,' coal power plant');
REPLACE INTO "technology" VALUES('E21','pb','electric','nuclear','',0,0,0,0,0,0,0,0,' nuclear power plant');
REPLACE INTO "technology" VALUES('E31','pb','electric','hydro','',0,0,0,0,0,0,0,0,' hydro power');
REPLACE INTO "technology" VALUES('E51','ps','electric','electric','',0,0,0,0,0,0,0,0,' electric storage');
REPLACE INTO "technology" VALUES('E70','p','electric','petroleum','',0,0,0,0,0,0,0,0,' diesel power plant');
REPLACE INTO "technology" VALUES('RHE','p','residential','electric','',0,0,0,0,0,0,0,0,' electric residential heating');
REPLACE INTO "technology" VALUES('RHO','p','residential','petroleum','',0,0,0,0,0,0,0,0,' diesel residential heating');
REPLACE INTO "technology" VALUES('RL1','p','residential','electric','',0,0,0,0,0,0,0,0,' residential lighting');
REPLACE INTO "technology" VALUES('SRE','p','supply','petroleum','',0,0,0,0,0,0,0,0,' crude oil processor');
REPLACE INTO "technology" VALUES('TXD','p','transport','petroleum','',0,0,0,0,0,0,0,0,' diesel powered vehicles');
REPLACE INTO "technology" VALUES('TXE','p','transport','electric','',0,0,0,0,0,0,0,0,' electric powered vehicles');
REPLACE INTO "technology" VALUES('TXG','p','transport','petroleum','',0,0,0,0,0,0,0,0,' gasoline powered vehicles');
REPLACE INTO "technology_type" VALUES('p','production technology');
REPLACE INTO "technology_type" VALUES('pb','baseload production technology');
REPLACE INTO "technology_type" VALUES('ps','storage production technology');
REPLACE INTO "time_of_day" VALUES(1,'day');
REPLACE INTO "time_of_day" VALUES(2,'night');
REPLACE INTO "time_period" VALUES(1,1960,'e');
REPLACE INTO "time_period" VALUES(2,1970,'e');
REPLACE INTO "time_period" VALUES(3,1980,'e');
REPLACE INTO "time_period" VALUES(4,1990,'f');
REPLACE INTO "time_period" VALUES(5,2000,'f');
REPLACE INTO "time_period" VALUES(6,2010,'f');
REPLACE INTO "time_period" VALUES(7,2020,'f');
REPLACE INTO "time_period_type" VALUES('e','existing vintages');
REPLACE INTO "time_period_type" VALUES('f','future');
REPLACE INTO "time_season" VALUES(1990,1,'inter',NULL);
REPLACE INTO "time_season" VALUES(1990,2,'summer',NULL);
REPLACE INTO "time_season" VALUES(1990,3,'winter',NULL);
REPLACE INTO "time_season" VALUES(2000,1,'inter',NULL);
REPLACE INTO "time_season" VALUES(2000,2,'summer',NULL);
REPLACE INTO "time_season" VALUES(2000,3,'winter',NULL);
REPLACE INTO "time_season" VALUES(2010,1,'inter',NULL);
REPLACE INTO "time_season" VALUES(2010,2,'summer',NULL);
REPLACE INTO "time_season" VALUES(2010,3,'winter',NULL);
REPLACE INTO "time_segment_fraction" VALUES(1990,'inter','day',0.1667,'# I-D');
REPLACE INTO "time_segment_fraction" VALUES(1990,'inter','night',0.0833,'# I-N');
REPLACE INTO "time_segment_fraction" VALUES(1990,'summer','day',0.1667,'# S-D');
REPLACE INTO "time_segment_fraction" VALUES(1990,'summer','night',0.0833,'# S-N');
REPLACE INTO "time_segment_fraction" VALUES(1990,'winter','day',0.3333,'# W-D');
REPLACE INTO "time_segment_fraction" VALUES(1990,'winter','night',0.1667,'# W-N');
REPLACE INTO "time_segment_fraction" VALUES(2000,'inter','day',0.1667,'# I-D');
REPLACE INTO "time_segment_fraction" VALUES(2000,'inter','night',0.0833,'# I-N');
REPLACE INTO "time_segment_fraction" VALUES(2000,'summer','day',0.1667,'# S-D');
REPLACE INTO "time_segment_fraction" VALUES(2000,'summer','night',0.0833,'# S-N');
REPLACE INTO "time_segment_fraction" VALUES(2000,'winter','day',0.3333,'# W-D');
REPLACE INTO "time_segment_fraction" VALUES(2000,'winter','night',0.1667,'# W-N');
REPLACE INTO "time_segment_fraction" VALUES(2010,'inter','day',0.1667,'# I-D');
REPLACE INTO "time_segment_fraction" VALUES(2010,'inter','night',0.0833,'# I-N');
REPLACE INTO "time_segment_fraction" VALUES(2010,'summer','day',0.1667,'# S-D');
REPLACE INTO "time_segment_fraction" VALUES(2010,'summer','night',0.0833,'# S-N');
REPLACE INTO "time_segment_fraction" VALUES(2010,'winter','day',0.3333,'# W-D');
REPLACE INTO "time_segment_fraction" VALUES(2010,'winter','night',0.1667,'# W-N');
