REPLACE INTO "commodity" VALUES('source', 's', NULL, NULL);
REPLACE INTO "commodity" VALUES('annual', 'a', NULL, NULL);
REPLACE INTO "commodity" VALUES('physical', 'p', NULL, NULL);
REPLACE INTO "commodity" VALUES('demand', 'd', NULL, NULL);
REPLACE INTO "commodity_type" VALUES('s','source commodity');
REPLACE INTO "commodity_type" VALUES('a','annual commodity');
REPLACE INTO "commodity_type" VALUES('p','physical commodity');
REPLACE INTO "commodity_type" VALUES('d','demand commodity');
REPLACE INTO "commodity_type" VALUES('e','emissions commodity');
REPLACE INTO "commodity_type" VALUES('w','waste commodity');
REPLACE INTO "commodity_type" VALUES('wa','waste annual commodity');
REPLACE INTO "commodity_type" VALUES('wp','waste physical commodity');
REPLACE INTO "cost_invest" VALUES('region','annual',2000,1.0,NULL,NULL);
REPLACE INTO "cost_invest" VALUES('region','non_annual',2000,1.0,NULL,NULL);
REPLACE INTO "cost_variable" VALUES('region',2000,'annual',2000,1.0,NULL,NULL);
REPLACE INTO "cost_variable" VALUES('region',2000,'non_annual',2000,1.0,NULL,NULL);
REPLACE INTO "demand" VALUES('region',2000,'demand',1.0,NULL,NULL);
REPLACE INTO "efficiency" VALUES('region', 'annual', 'annual', 2000, 'physical', 1.0, NULL, NULL);
REPLACE INTO "efficiency" VALUES('region', 'annual', 'annual', 2000, 'demand', 1.0, NULL, NULL);
REPLACE INTO "efficiency" VALUES('region', 'physical', 'annual', 2000, 'demand', 1.0, NULL, NULL);
REPLACE INTO "efficiency" VALUES('region', 'physical', 'annual', 2000, 'annual', 1.0, NULL, NULL);
REPLACE INTO "efficiency" VALUES('region', 'source', 'import', 2000, 'physical', 1.0, NULL, NULL);
REPLACE INTO "efficiency" VALUES('region', 'source', 'import', 2000, 'annual', 1.0, NULL, NULL);
REPLACE INTO "efficiency" VALUES('region', 'annual', 'non_annual', 2000, 'physical', 1.0, NULL, NULL);
REPLACE INTO "efficiency" VALUES('region', 'annual', 'non_annual', 2000, 'demand', 1.0, NULL, NULL);
REPLACE INTO "efficiency" VALUES('region', 'physical', 'non_annual', 2000, 'demand', 1.0, NULL, NULL);
REPLACE INTO "efficiency" VALUES('region', 'physical', 'non_annual', 2000, 'annual', 1.0, NULL, NULL);
REPLACE INTO "lifetime_tech" VALUES('region', 'annual', 1.0, NULL, NULL);
REPLACE INTO "lifetime_tech" VALUES('region', 'non_annual', 1.0, NULL, NULL);
REPLACE INTO "limit_activity" VALUES('region',2000,'annual','le',0.5,NULL,NULL);
REPLACE INTO "limit_activity" VALUES('region',2000,'non_annual','le',0.5,NULL,NULL);
REPLACE INTO "loan_lifetime_process" VALUES('region', 'annual', 2000, 1.0, NULL, NULL);
REPLACE INTO "loan_lifetime_process" VALUES('region', 'non_annual', 2000, 1.0, NULL, NULL);
REPLACE INTO "metadata" VALUES('days_per_period',365,'count of days in each period');
REPLACE INTO "metadata" VALUES('DB_MAJOR',4,'');
REPLACE INTO "metadata" VALUES('DB_MINOR',0,'');
REPLACE INTO "metadata_real" VALUES('global_discount_rate',0.05,'Discount Rate for future costs');
REPLACE INTO "metadata_real" VALUES('default_loan_rate',0.05,'Default Loan Rate if not specified in loan_rate table');
REPLACE INTO "operator" VALUES('e','equal to');
REPLACE INTO "operator" VALUES('le','less than or equal to');
REPLACE INTO "operator" VALUES('ge','greater than or equal to');
REPLACE INTO "region" VALUES('region',NULL);
REPLACE INTO "technology" VALUES('annual','p','energy',NULL,NULL,0,1,0,0,0,0,0,0,NULL);
REPLACE INTO "technology" VALUES('import','p','energy',NULL,NULL,0,0,0,0,0,0,0,0,NULL);
REPLACE INTO "technology" VALUES('non_annual','p','energy',NULL,NULL,0,0,0,0,0,0,0,0,NULL);
REPLACE INTO "technology_type" VALUES('p','production technology');
REPLACE INTO "technology_type" VALUES('pb','baseload production technology');
REPLACE INTO "technology_type" VALUES('ps','storage production technology');
REPLACE INTO "time_of_day" VALUES(0,'D1');
REPLACE INTO "time_period" VALUES(0,2000,'f');
REPLACE INTO "time_period" VALUES(1,2001,'f');
REPLACE INTO "time_period_type" VALUES('e','existing vintages');
REPLACE INTO "time_period_type" VALUES('f','future');
REPLACE INTO "time_season" VALUES(2000,0,'S1',NULL);
REPLACE INTO "time_segment_fraction" VALUES(2000,'S1','D1',1.0,NULL);
