REPLACE INTO "capacity_credit" VALUES('A',2025,'EF',2025,0.6,NULL);
REPLACE INTO "capacity_factor_process" VALUES('A',2025,'s2','d1','EFL',2025,0.8,NULL);
REPLACE INTO "capacity_factor_process" VALUES('A',2025,'s1','d2','EFL',2025,0.9,NULL);
REPLACE INTO "capacity_factor_tech" VALUES('A',2025,'s1','d1','EF',0.8,NULL);
REPLACE INTO "capacity_factor_tech" VALUES('B',2025,'s2','d2','bulbs',0.75,NULL);
REPLACE INTO "capacity_to_activity" VALUES('A', 'bulbs', 1.0, NULL, '');
REPLACE INTO "capacity_to_activity" VALUES('B', 'bulbs', 1.0, NULL, NULL);
REPLACE INTO "commodity" VALUES('ELC', 'p', 'electricity', NULL);
REPLACE INTO "commodity" VALUES('HYD', 'p', 'water', NULL);
REPLACE INTO "commodity" VALUES('co2', 'e', 'CO2 emissions', NULL);
REPLACE INTO "commodity" VALUES('RL', 'd', 'residential lighting', NULL);
REPLACE INTO "commodity" VALUES('earth', 's', 'the source of stuff', NULL);
REPLACE INTO "commodity" VALUES('RH', 'd', 'residential heat', NULL);
REPLACE INTO "commodity" VALUES('FusionGas', 'e', 'mystery emission', NULL);
REPLACE INTO "commodity" VALUES('FusionGasFuel', 'p', 'converted mystery gas to fuel', NULL);
REPLACE INTO "commodity" VALUES('GeoHyd', 'p', 'Hot water from geo', NULL);
REPLACE INTO "commodity_type" VALUES('w','waste commodity');
REPLACE INTO "commodity_type" VALUES('wa','waste annual commodity');
REPLACE INTO "commodity_type" VALUES('wp','waste physical commodity');
REPLACE INTO "commodity_type" VALUES('a','annual commodity');
REPLACE INTO "commodity_type" VALUES('p','physical commodity');
REPLACE INTO "commodity_type" VALUES('e','emissions commodity');
REPLACE INTO "commodity_type" VALUES('d','demand commodity');
REPLACE INTO "commodity_type" VALUES('s','source commodity');
REPLACE INTO "cost_emission" VALUES('A',2025,'co2',1.99,'dollars','none');
REPLACE INTO "cost_fixed" VALUES('A',2025,'EH',2025,3.3,'','');
REPLACE INTO "cost_fixed" VALUES('A',2025,'EF',2025,2.0,NULL,NULL);
REPLACE INTO "cost_fixed" VALUES('A',2025,'EFL',2025,3.0,NULL,NULL);
REPLACE INTO "cost_fixed" VALUES('B',2025,'batt',2025,1.0,NULL,NULL);
REPLACE INTO "cost_fixed" VALUES('B',2025,'EF',2025,2.0,NULL,NULL);
REPLACE INTO "cost_fixed" VALUES('A',2025,'bulbs',2025,1.0,NULL,NULL);
REPLACE INTO "cost_fixed" VALUES('B',2025,'bulbs',2025,1.0,NULL,NULL);
REPLACE INTO "cost_fixed" VALUES('A',2025,'heater',2025,2.0,NULL,NULL);
REPLACE INTO "cost_fixed" VALUES('B',2025,'heater',2025,2.0,NULL,NULL);
REPLACE INTO "cost_fixed" VALUES('B',2025,'GeoThermal',2025,6.0,NULL,NULL);
REPLACE INTO "cost_fixed" VALUES('B',2025,'GeoHeater',2025,1.0,NULL,NULL);
REPLACE INTO "cost_fixed" VALUES('B',2025,'EH',2025,3.3,NULL,NULL);
REPLACE INTO "cost_fixed" VALUES('A',2025,'GeoThermal',2025,4.0,NULL,NULL);
REPLACE INTO "cost_fixed" VALUES('A',2025,'GeoHeater',2025,4.5,NULL,NULL);
REPLACE INTO "cost_invest" VALUES('A','EF',2025,1.0,NULL,NULL);
REPLACE INTO "cost_invest" VALUES('A','EH',2025,3.0,NULL,NULL);
REPLACE INTO "cost_invest" VALUES('A','bulbs',2025,4.0,NULL,NULL);
REPLACE INTO "cost_invest" VALUES('A','heater',2025,5.0,NULL,NULL);
REPLACE INTO "cost_invest" VALUES('B','EF',2025,6.0,NULL,NULL);
REPLACE INTO "cost_invest" VALUES('B','batt',2025,7.0,NULL,NULL);
REPLACE INTO "cost_invest" VALUES('B','bulbs',2025,8.0,NULL,NULL);
REPLACE INTO "cost_invest" VALUES('B','heater',2025,9.0,NULL,NULL);
REPLACE INTO "cost_invest" VALUES('A','EFL',2025,2.0,NULL,NULL);
REPLACE INTO "cost_invest" VALUES('B','GeoThermal',2025,3.0,NULL,NULL);
REPLACE INTO "cost_invest" VALUES('B','GeoHeater',2025,4.0,NULL,NULL);
REPLACE INTO "cost_invest" VALUES('B','EH',2025,3.3,NULL,NULL);
REPLACE INTO "cost_invest" VALUES('A','GeoThermal',2025,5.6,NULL,NULL);
REPLACE INTO "cost_invest" VALUES('A','GeoHeater',2025,4.2,NULL,NULL);
REPLACE INTO "cost_variable" VALUES('A',2025,'EF',2025,9.0,NULL,NULL);
REPLACE INTO "cost_variable" VALUES('A',2025,'EFL',2025,8.0,NULL,NULL);
REPLACE INTO "cost_variable" VALUES('A',2025,'EH',2025,7.0,NULL,NULL);
REPLACE INTO "cost_variable" VALUES('A',2025,'bulbs',2025,6.0,NULL,NULL);
REPLACE INTO "cost_variable" VALUES('A',2025,'heater',2025,5.0,NULL,NULL);
REPLACE INTO "cost_variable" VALUES('B',2025,'EF',2025,4.0,NULL,NULL);
REPLACE INTO "cost_variable" VALUES('B',2025,'batt',2025,3.0,NULL,NULL);
REPLACE INTO "cost_variable" VALUES('B',2025,'bulbs',2025,2.0,NULL,NULL);
REPLACE INTO "cost_variable" VALUES('B',2025,'heater',2025,1.0,NULL,NULL);
REPLACE INTO "demand" VALUES('A',2025,'RL',100.0,'','');
REPLACE INTO "demand" VALUES('B',2025,'RL',100.0,NULL,NULL);
REPLACE INTO "demand" VALUES('A',2025,'RH',50.0,NULL,NULL);
REPLACE INTO "demand" VALUES('B',2025,'RH',50.0,NULL,NULL);
REPLACE INTO "demand_specific_distribution" VALUES('A',2025,'s1','d1','RL',0.25,NULL);
REPLACE INTO "demand_specific_distribution" VALUES('A',2025,'s1','d2','RL',0.25,NULL);
REPLACE INTO "demand_specific_distribution" VALUES('A',2025,'s2','d1','RL',0.25,NULL);
REPLACE INTO "demand_specific_distribution" VALUES('A',2025,'s2','d2','RL',0.25,NULL);
REPLACE INTO "demand_specific_distribution" VALUES('B',2025,'s1','d1','RL',0.25,NULL);
REPLACE INTO "demand_specific_distribution" VALUES('B',2025,'s1','d2','RL',0.25,NULL);
REPLACE INTO "demand_specific_distribution" VALUES('B',2025,'s2','d1','RL',0.25,NULL);
REPLACE INTO "demand_specific_distribution" VALUES('B',2025,'s2','d2','RL',0.25,NULL);
REPLACE INTO "demand_specific_distribution" VALUES('A',2025,'s1','d1','RH',0.25,NULL);
REPLACE INTO "demand_specific_distribution" VALUES('A',2025,'s2','d1','RH',0.25,NULL);
REPLACE INTO "demand_specific_distribution" VALUES('B',2025,'s1','d1','RH',0.25,NULL);
REPLACE INTO "demand_specific_distribution" VALUES('B',2025,'s2','d1','RH',0.25,NULL);
REPLACE INTO "demand_specific_distribution" VALUES('A',2025,'s1','d2','RH',0.25,NULL);
REPLACE INTO "demand_specific_distribution" VALUES('A',2025,'s2','d2','RH',0.25,NULL);
REPLACE INTO "demand_specific_distribution" VALUES('B',2025,'s1','d2','RH',0.25,NULL);
REPLACE INTO "demand_specific_distribution" VALUES('B',2025,'s2','d2','RH',0.25,NULL);
REPLACE INTO "efficiency" VALUES('A', 'ELC', 'bulbs', 2025, 'RL', 1.0, NULL, NULL);
REPLACE INTO "efficiency" VALUES('A', 'HYD', 'EH', 2025, 'ELC', 1.0, NULL, NULL);
REPLACE INTO "efficiency" VALUES('A', 'HYD', 'EF', 2025, 'ELC', 1.0, NULL, NULL);
REPLACE INTO "efficiency" VALUES('B', 'ELC', 'bulbs', 2025, 'RL', 1.0, NULL, NULL);
REPLACE INTO "efficiency" VALUES('B', 'HYD', 'EH', 2025, 'ELC', 1.0, NULL, NULL);
REPLACE INTO "efficiency" VALUES('B', 'ELC', 'batt', 2025, 'ELC', 1.0, NULL, NULL);
REPLACE INTO "efficiency" VALUES('B', 'HYD', 'EF', 2025, 'ELC', 1.0, NULL, NULL);
REPLACE INTO "efficiency" VALUES('A', 'earth', 'well', 2025, 'HYD', 1.0, NULL, NULL);
REPLACE INTO "efficiency" VALUES('B', 'earth', 'well', 2025, 'HYD', 1.0, NULL, NULL);
REPLACE INTO "efficiency" VALUES('A', 'earth', 'EFL', 2025, 'FusionGasFuel', 1.0, NULL, NULL);
REPLACE INTO "efficiency" VALUES('A', 'FusionGasFuel', 'heater', 2025, 'RH', 0.9, NULL, NULL);
REPLACE INTO "efficiency" VALUES('A-B', 'FusionGasFuel', 'FGF_pipe', 2025, 'FusionGasFuel', 0.95, NULL, NULL);
REPLACE INTO "efficiency" VALUES('B', 'FusionGasFuel', 'heater', 2025, 'RH', 0.9, NULL, NULL);
REPLACE INTO "efficiency" VALUES('B', 'GeoHyd', 'GeoHeater', 2025, 'RH', 9.80000000000000093e-01, NULL, NULL);
REPLACE INTO "efficiency" VALUES('B', 'earth', 'GeoThermal', 2025, 'GeoHyd', 1.0, NULL, NULL);
REPLACE INTO "efficiency" VALUES('B-A', 'FusionGasFuel', 'FGF_pipe', 2025, 'FusionGasFuel', 0.95, NULL, NULL);
REPLACE INTO "efficiency" VALUES('A', 'GeoHyd', 'GeoHeater', 2025, 'RH', 0.9, NULL, NULL);
REPLACE INTO "efficiency" VALUES('A', 'earth', 'GeoThermal', 2025, 'GeoHyd', 1.0, NULL, NULL);
REPLACE INTO "emission_activity" VALUES('A','co2','HYD','EH',2025,'ELC',0.02,NULL,NULL);
REPLACE INTO "emission_activity" VALUES('A','FusionGas','HYD','EF',2025,'ELC',-0.2,NULL,'emission_activity specifies emission activity coefficients (not efficiency values), negative coefficients represent emissions removal/capture, this coupling is essential for the linked tech constraint that converts CO2 from emissions commodity to physical commodity input.');
REPLACE INTO "existing_capacity" VALUES('A','EH',2020,200.0,'things',NULL);
REPLACE INTO "lifetime_process" VALUES('B', 'EF', 2025, 200.0, NULL, NULL);
REPLACE INTO "lifetime_tech" VALUES('A', 'EH', 60.0, NULL, '');
REPLACE INTO "lifetime_tech" VALUES('B', 'bulbs', 100.0, NULL, 'super LED!');
REPLACE INTO "limit_activity" VALUES('A',2025,'EF','ge',0.001,'PJ/CY','goofy units');
REPLACE INTO "limit_activity" VALUES('B',2025,'EH','le',10000.0,'stuff',NULL);
REPLACE INTO "limit_activity" VALUES('A',2025,'EF','le',10000.0,'stuff',NULL);
REPLACE INTO "limit_activity" VALUES('A',2025,'A_tech_grp_1','ge',0.05,'',NULL);
REPLACE INTO "limit_activity" VALUES('A',2025,'A_tech_grp_1','le',10000.0,'',NULL);
REPLACE INTO "limit_capacity" VALUES('A',2025,'EH','ge',0.1,'','');
REPLACE INTO "limit_capacity" VALUES('B',2025,'batt','ge',0.1,'','');
REPLACE INTO "limit_capacity" VALUES('A',2025,'EH','le',20000.0,'','');
REPLACE INTO "limit_capacity" VALUES('B',2025,'EH','le',20000.0,'','');
REPLACE INTO "limit_capacity" VALUES('A',2025,'A_tech_grp_1','ge',0.2,'',NULL);
REPLACE INTO "limit_capacity" VALUES('A',2025,'A_tech_grp_1','le',6000.0,'',NULL);
REPLACE INTO "limit_emission" VALUES('A',2025,'co2','le',10000.0,'gulps',NULL);
REPLACE INTO "limit_new_capacity_share" VALUES('A',2025,'RPS_common','A_tech_grp_1','ge',0.0,'');
REPLACE INTO "limit_new_capacity_share" VALUES('global',2025,'RPS_common','A_tech_grp_1','le',1.0,'');
REPLACE INTO "limit_resource" VALUES('B','EF','le',9000.0,'clumps',NULL);
REPLACE INTO "limit_tech_input_split" VALUES('A',2025,'HYD','EH','ge',0.95,'95% HYD reqt.  (other not specified...)');
REPLACE INTO "limit_tech_output_split" VALUES('B',2025,'EH','ELC','ge',0.95,'95% ELC output (there are not others, this is a min)');
REPLACE INTO "linked_tech" VALUES('A','EF','FusionGas','EFL',NULL);
REPLACE INTO "loan_lifetime_process" VALUES('A', 'EF', 2025, 57.0, NULL, NULL);
REPLACE INTO "loan_lifetime_process" VALUES('A', 'EFL', 2025, 68.0, NULL, NULL);
REPLACE INTO "loan_lifetime_process" VALUES('A', 'bulbs', 2025, 10.0, NULL, NULL);
REPLACE INTO "loan_lifetime_process" VALUES('A', 'EH', 2025, 10.0, NULL, NULL);
REPLACE INTO "loan_lifetime_process" VALUES('A', 'well', 2025, 10.0, NULL, NULL);
REPLACE INTO "loan_lifetime_process" VALUES('A', 'heater', 2025, 10.0, NULL, NULL);
REPLACE INTO "loan_lifetime_process" VALUES('A', 'GeoHeater', 2025, 10.0, NULL, NULL);
REPLACE INTO "loan_lifetime_process" VALUES('A', 'GeoThermal', 2025, 10.0, NULL, NULL);
REPLACE INTO "loan_lifetime_process" VALUES('B', 'EF', 2025, 10.0, NULL, NULL);
REPLACE INTO "loan_lifetime_process" VALUES('B', 'bulbs', 2025, 10.0, NULL, NULL);
REPLACE INTO "loan_lifetime_process" VALUES('B', 'EH', 2025, 10.0, NULL, NULL);
REPLACE INTO "loan_lifetime_process" VALUES('B', 'batt', 2025, 10.0, NULL, NULL);
REPLACE INTO "loan_lifetime_process" VALUES('B', 'well', 2025, 10.0, NULL, NULL);
REPLACE INTO "loan_lifetime_process" VALUES('B', 'heater', 2025, 10.0, NULL, NULL);
REPLACE INTO "loan_lifetime_process" VALUES('B', 'GeoHeater', 2025, 10.0, NULL, NULL);
REPLACE INTO "loan_lifetime_process" VALUES('B', 'GeoThermal', 2025, 10.0, NULL, NULL);
REPLACE INTO "loan_lifetime_process" VALUES('A-B', 'FGF_pipe', 2025, 10.0, NULL, NULL);
REPLACE INTO "loan_lifetime_process" VALUES('B-A', 'FGF_pipe', 2025, 10.0, NULL, NULL);
REPLACE INTO "metadata" VALUES('days_per_period',365,'count of days in each period');
REPLACE INTO "metadata" VALUES('DB_MAJOR',4,'');
REPLACE INTO "metadata" VALUES('DB_MINOR',0,'');
REPLACE INTO "metadata_real" VALUES('default_loan_rate',0.05,'Default Loan Rate if not specified in loan_rate table');
REPLACE INTO "metadata_real" VALUES('global_discount_rate',4.2000000000000004e-01,'');
REPLACE INTO "operator" VALUES('e','equal to');
REPLACE INTO "operator" VALUES('le','less than or equal to');
REPLACE INTO "operator" VALUES('ge','greater than or equal to');
REPLACE INTO "planning_reserve_margin" VALUES('A',0.05,NULL);
REPLACE INTO "ramp_down_hourly" VALUES('A','EH',0.05,NULL);
REPLACE INTO "ramp_down_hourly" VALUES('B','EH',0.05,NULL);
REPLACE INTO "ramp_up_hourly" VALUES('B','EH',0.05,NULL);
REPLACE INTO "ramp_up_hourly" VALUES('A','EH',0.05,NULL);
REPLACE INTO "region" VALUES('A','main region');
REPLACE INTO "region" VALUES('B','just a 2nd region');
REPLACE INTO "rps_requirement" VALUES('B',2025,'RPS_common',0.3,NULL);
REPLACE INTO "season_label" VALUES('s1',NULL);
REPLACE INTO "season_label" VALUES('s2',NULL);
REPLACE INTO "sector_label" VALUES('supply',NULL);
REPLACE INTO "sector_label" VALUES('electric',NULL);
REPLACE INTO "sector_label" VALUES('transport',NULL);
REPLACE INTO "sector_label" VALUES('commercial',NULL);
REPLACE INTO "sector_label" VALUES('residential',NULL);
REPLACE INTO "sector_label" VALUES('industrial',NULL);
REPLACE INTO "storage_duration" VALUES('B','batt',15.0,NULL);
REPLACE INTO "tech_group" VALUES('RPS_common','');
REPLACE INTO "tech_group" VALUES('A_tech_grp_1','converted from old db');
REPLACE INTO "tech_group_member" VALUES('RPS_common','EF');
REPLACE INTO "tech_group_member" VALUES('A_tech_grp_1','EH');
REPLACE INTO "tech_group_member" VALUES('A_tech_grp_1','EF');
REPLACE INTO "technology" VALUES('well','p','supply','water','',0,0,0,0,0,0,0,0,'plain old water');
REPLACE INTO "technology" VALUES('bulbs','p','residential','electric','',0,0,0,0,0,0,0,0,'residential lighting');
REPLACE INTO "technology" VALUES('EH','pb','electric','hydro','',0,0,0,1,1,0,0,0,'hydro power electric plant');
REPLACE INTO "technology" VALUES('batt','ps','electric','electric','',0,0,0,0,0,0,0,0,'big battery');
REPLACE INTO "technology" VALUES('EF','p','electric','electric','',0,0,1,0,0,0,0,0,'fusion plant');
REPLACE INTO "technology" VALUES('EFL','p','electric','electric','',0,0,0,0,0,1,0,0,'linked (to Fusion) producer');
REPLACE INTO "technology" VALUES('heater','p','residential','electric','',0,0,0,0,0,0,0,0,'heater');
REPLACE INTO "technology" VALUES('FGF_pipe','p','transport',NULL,'',0,0,0,0,0,0,1,0,'transportation line A->B');
REPLACE INTO "technology" VALUES('GeoThermal','p','residential','hydro','',0,1,0,0,0,0,0,0,'geothermal hot water source');
REPLACE INTO "technology" VALUES('GeoHeater','p','residential','hydro','',0,0,0,0,0,0,0,0,'geothermal heater from geo hyd');
REPLACE INTO "technology_type" VALUES('p','production technology');
REPLACE INTO "technology_type" VALUES('pb','baseload production technology');
REPLACE INTO "technology_type" VALUES('ps','storage production technology');
REPLACE INTO "time_of_day" VALUES(1,'d1');
REPLACE INTO "time_of_day" VALUES(2,'d2');
REPLACE INTO "time_period" VALUES(1,2020,'e');
REPLACE INTO "time_period" VALUES(2,2025,'f');
REPLACE INTO "time_period" VALUES(3,2030,'f');
REPLACE INTO "time_period_type" VALUES('e','existing vintages');
REPLACE INTO "time_period_type" VALUES('f','future');
REPLACE INTO "time_season" VALUES(2025,1,'s1',NULL);
REPLACE INTO "time_season" VALUES(2025,2,'s2',NULL);
REPLACE INTO "time_segment_fraction" VALUES(2025,'s2','d1',0.25,NULL);
REPLACE INTO "time_segment_fraction" VALUES(2025,'s2','d2',0.25,NULL);
REPLACE INTO "time_segment_fraction" VALUES(2025,'s1','d1',0.25,NULL);
REPLACE INTO "time_segment_fraction" VALUES(2025,'s1','d2',0.25,NULL);
