REPLACE INTO "capacity_factor_tech" VALUES('region',2000,'charge','a','generator',1.0,NULL);
REPLACE INTO "capacity_factor_tech" VALUES('region',2000,'charge','b','generator',1.0,NULL);
REPLACE INTO "capacity_factor_tech" VALUES('region',2000,'charge','c','generator',0.2,NULL);
REPLACE INTO "capacity_factor_tech" VALUES('region',2000,'charge','d','generator',0.2,NULL);
REPLACE INTO "capacity_factor_tech" VALUES('region',2000,'discharge','a','generator',0.1,NULL);
REPLACE INTO "capacity_factor_tech" VALUES('region',2000,'discharge','b','generator',0.1,NULL);
REPLACE INTO "capacity_factor_tech" VALUES('region',2000,'discharge','c','generator',0.01,NULL);
REPLACE INTO "capacity_factor_tech" VALUES('region',2000,'discharge','d','generator',0.01,NULL);
REPLACE INTO "capacity_to_activity" VALUES('region', 'generator', 8760.0, NULL, 'MWh/MWy');
REPLACE INTO "capacity_to_activity" VALUES('region', 'dly_stor', 8760.0, NULL, 'MWh/MWy');
REPLACE INTO "capacity_to_activity" VALUES('region', 'seas_stor', 8760.0, NULL, 'MWh/MWy');
REPLACE INTO "capacity_to_activity" VALUES('region', 'demand', 8760.0, NULL, 'MWh/MWy');
REPLACE INTO "commodity" VALUES('ethos', 's', NULL, NULL);
REPLACE INTO "commodity" VALUES('electricity', 'p', NULL, NULL);
REPLACE INTO "commodity" VALUES('demand', 'd', NULL, NULL);
REPLACE INTO "commodity_type" VALUES('p','physical commodity');
REPLACE INTO "commodity_type" VALUES('a','annual commodity');
REPLACE INTO "commodity_type" VALUES('e','emissions commodity');
REPLACE INTO "commodity_type" VALUES('d','demand commodity');
REPLACE INTO "commodity_type" VALUES('s','source commodity');
REPLACE INTO "commodity_type" VALUES('w','waste commodity');
REPLACE INTO "commodity_type" VALUES('wa','waste annual commodity');
REPLACE INTO "commodity_type" VALUES('wp','waste physical commodity');
REPLACE INTO "cost_invest" VALUES('region','generator',2000,1000.0,'',NULL);
REPLACE INTO "cost_invest" VALUES('region','dly_stor',2000,1.0,'',NULL);
REPLACE INTO "cost_invest" VALUES('region','seas_stor',2000,100.0,'',NULL);
REPLACE INTO "cost_invest" VALUES('region','demand',2000,1.0,'',NULL);
REPLACE INTO "cost_variable" VALUES('region',2000,'generator',2000,1.0,NULL,NULL);
REPLACE INTO "cost_variable" VALUES('region',2000,'demand',2000,1.0,NULL,NULL);
REPLACE INTO "demand" VALUES('region',2000,'demand',8760.0,'MWh',NULL);
REPLACE INTO "demand_specific_distribution" VALUES('region',2000,'charge','a','demand',0.0,NULL);
REPLACE INTO "demand_specific_distribution" VALUES('region',2000,'charge','b','demand',0.05,NULL);
REPLACE INTO "demand_specific_distribution" VALUES('region',2000,'charge','c','demand',0.05,NULL);
REPLACE INTO "demand_specific_distribution" VALUES('region',2000,'charge','d','demand',0.1,NULL);
REPLACE INTO "demand_specific_distribution" VALUES('region',2000,'discharge','a','demand',0.0,NULL);
REPLACE INTO "demand_specific_distribution" VALUES('region',2000,'discharge','b','demand',0.2,NULL);
REPLACE INTO "demand_specific_distribution" VALUES('region',2000,'discharge','c','demand',0.2,NULL);
REPLACE INTO "demand_specific_distribution" VALUES('region',2000,'discharge','d','demand',0.4,NULL);
REPLACE INTO "efficiency" VALUES('region', 'ethos', 'generator', 2000, 'electricity', 1.0, NULL, NULL);
REPLACE INTO "efficiency" VALUES('region', 'electricity', 'dly_stor', 2000, 'electricity', 1.0, NULL, NULL);
REPLACE INTO "efficiency" VALUES('region', 'electricity', 'seas_stor', 2000, 'electricity', 1.0, NULL, NULL);
REPLACE INTO "efficiency" VALUES('region', 'electricity', 'demand', 2000, 'demand', 1.0, NULL, NULL);
REPLACE INTO "limit_storage_level_fraction" VALUES('region',2000,'winter','b','seas_stor',2000,'e',0.5,NULL);
REPLACE INTO "limit_storage_level_fraction" VALUES('region',2000,'charge','b','dly_stor',2000,'e',0.5,NULL);
REPLACE INTO "metadata" VALUES('days_per_period',365,'count of days in each period');
REPLACE INTO "metadata" VALUES('DB_MAJOR',4,'');
REPLACE INTO "metadata" VALUES('DB_MINOR',0,'');
REPLACE INTO "metadata_real" VALUES('global_discount_rate',0.05,'Discount Rate for future costs');
REPLACE INTO "metadata_real" VALUES('default_loan_rate',0.05,'Default Loan Rate if not specified in loan_rate table');
REPLACE INTO "operator" VALUES('e','equal to');
REPLACE INTO "operator" VALUES('le','less than or equal to');
REPLACE INTO "operator" VALUES('ge','greater than or equal to');
REPLACE INTO "region" VALUES('region',NULL);
REPLACE INTO "season_label" VALUES('charge','non-sequential season - charging day');
REPLACE INTO "season_label" VALUES('discharge','non-sequential season - discharging day');
REPLACE INTO "season_label" VALUES('summer','sequential season - summer day');
REPLACE INTO "season_label" VALUES('sept_w1','sequential season - day in first week of September');
REPLACE INTO "season_label" VALUES('sept_w2','sequential season - day in second week of September');
REPLACE INTO "season_label" VALUES('sept_w3','sequential season - day in third week of September');
REPLACE INTO "season_label" VALUES('sept_w4','sequential season - day in fourth week of September');
REPLACE INTO "season_label" VALUES('sept_29th','sequential season - 29th of September');
REPLACE INTO "season_label" VALUES('sept_30th','sequential season - 30th of September');
REPLACE INTO "season_label" VALUES('winter','sequential season - winter day');
REPLACE INTO "season_label" VALUES('apr_w1','sequential season - day in first week of September');
REPLACE INTO "season_label" VALUES('apr_w2','sequential season - day in second week of September');
REPLACE INTO "season_label" VALUES('apr_w3','sequential season - day in third week of September');
REPLACE INTO "season_label" VALUES('apr_w4','sequential season - day in fourth week of September');
REPLACE INTO "season_label" VALUES('apr_29th','sequential season - 29th of April');
REPLACE INTO "season_label" VALUES('apr_30th','sequential season - 30th of April');
REPLACE INTO "sector_label" VALUES('electricity',NULL);
REPLACE INTO "storage_duration" VALUES('region','dly_stor',4.0,NULL);
REPLACE INTO "storage_duration" VALUES('region','seas_stor',8760.0,NULL);
REPLACE INTO "technology" VALUES('generator','p','electricity',NULL,NULL,0,0,0,0,0,0,0,0,NULL);
REPLACE INTO "technology" VALUES('dly_stor','ps','electricity',NULL,NULL,0,0,0,0,0,0,0,0,NULL);
REPLACE INTO "technology" VALUES('seas_stor','ps','electricity',NULL,NULL,0,0,0,0,0,0,0,1,NULL);
REPLACE INTO "technology" VALUES('demand','p','electricity',NULL,NULL,0,0,0,0,0,0,0,0,NULL);
REPLACE INTO "technology_type" VALUES('p','production technology');
REPLACE INTO "technology_type" VALUES('pb','baseload production technology');
REPLACE INTO "technology_type" VALUES('ps','storage production technology');
REPLACE INTO "time_of_day" VALUES(0,'a');
REPLACE INTO "time_of_day" VALUES(1,'b');
REPLACE INTO "time_of_day" VALUES(2,'c');
REPLACE INTO "time_of_day" VALUES(3,'d');
REPLACE INTO "time_period" VALUES(0,2000,'f');
REPLACE INTO "time_period" VALUES(1,2005,'f');
REPLACE INTO "time_period_type" VALUES('e','existing vintages');
REPLACE INTO "time_period_type" VALUES('f','future');
REPLACE INTO "time_season" VALUES(2000,0,'charge',NULL);
REPLACE INTO "time_season" VALUES(2000,1,'discharge',NULL);
REPLACE INTO "time_season_sequential" VALUES(2000,1,'summer','charge',152.5,NULL);
REPLACE INTO "time_season_sequential" VALUES(2000,2,'sept_w1','discharge',7.0,NULL);
REPLACE INTO "time_season_sequential" VALUES(2000,3,'sept_w2','charge',7.0,NULL);
REPLACE INTO "time_season_sequential" VALUES(2000,4,'sept_w3','discharge',7.0,NULL);
REPLACE INTO "time_season_sequential" VALUES(2000,5,'sept_w4','charge',7.0,NULL);
REPLACE INTO "time_season_sequential" VALUES(2000,6,'sept_29th','discharge',1.0,NULL);
REPLACE INTO "time_season_sequential" VALUES(2000,7,'sept_30th','charge',1.0,NULL);
REPLACE INTO "time_season_sequential" VALUES(2000,8,'winter','discharge',152.5,NULL);
REPLACE INTO "time_season_sequential" VALUES(2000,9,'apr_w1','charge',7.0,NULL);
REPLACE INTO "time_season_sequential" VALUES(2000,10,'apr_w2','discharge',7.0,NULL);
REPLACE INTO "time_season_sequential" VALUES(2000,11,'apr_w3','charge',7.0,NULL);
REPLACE INTO "time_season_sequential" VALUES(2000,12,'apr_w4','discharge',7.0,NULL);
REPLACE INTO "time_season_sequential" VALUES(2000,13,'apr_29th','charge',1.0,NULL);
REPLACE INTO "time_season_sequential" VALUES(2000,14,'apr_30th','discharge',1.0,NULL);
REPLACE INTO "time_segment_fraction" VALUES(2000,'charge','a',0.125,NULL);
REPLACE INTO "time_segment_fraction" VALUES(2000,'charge','b',0.125,NULL);
REPLACE INTO "time_segment_fraction" VALUES(2000,'charge','c',0.125,NULL);
REPLACE INTO "time_segment_fraction" VALUES(2000,'charge','d',0.125,NULL);
REPLACE INTO "time_segment_fraction" VALUES(2000,'discharge','a',0.125,NULL);
REPLACE INTO "time_segment_fraction" VALUES(2000,'discharge','b',0.125,NULL);
REPLACE INTO "time_segment_fraction" VALUES(2000,'discharge','c',0.125,NULL);
REPLACE INTO "time_segment_fraction" VALUES(2000,'discharge','d',0.125,NULL);
