index,Amplicon_ID,pLeft_ID,pLeft_coord,pLeft_length,pLeft_Tm,pLeft_GC,pLeft_Sequences,pLeft_EndStability,pRight_ID,pRight_coord,pRight_length,pRight_Tm,pRight_GC,pRight_Sequences,pRight_EndStability,Penalty,Product_size,Amplicon_type,Redesign,Designed_ranges
1,A1-L1,P1-L1,760941,20,59.673073374025876,55.0,TCCAAAMCCAGATCCGGGTC,4.46,P1-R1,761503,18,59.81897926959999,66.66666666666667,GGCACGTACTCCACCTCG,4.63,2.5079473563741317,562,"Gene_specific:rpoB,katG",-,"[761004, 761404]"
0,A2-L0,P1-L0,2154865,20,59.96326795581331,55.0,TCAGCTTGTACCAGGCCTTG,3.61,P1-R0,2155436,20,60.17908094665415,60.0,GGGCTGATCTACGTGAACCC,4.11,0.2158129908408455,571,Non_specific,-,"[2154961, 2155361]"
0,A3-L0,P2-L0,4247363,20,59.53429459155285,55.0,TATTCGGCTTCCTGCTCTGG,3.86,P2-R0,4247838,19,60.00432000771838,52.63157894736842,AGTGTGAATYCGGCGGTAA,2.85,1.4700254161655266,475,Non_specific,-,"[4247393, 4247793]"
0,A4-L0,P3-L0,2288760,19,60.30203254880422,63.1578947368421,CTGTCAGGTCCACCAGCAC,4.4,P3-R0,2289310,20,60.03695215317697,60.0,CCCTATATCTGTGGCTGCCG,5.69,1.3389847019811896,550,Non_specific,-,"[2288820, 2289220]"
0,A5-L0,P4-L0,781520,20,59.97109789950406,50.0,AAACAGAACGTGAAAGCGCC,6.53,P4-R0,782078,20,59.478708987673826,50.0,GCTCAAGCGCACCATAAACA,2.83,0.5501931128221145,558,Non_specific,-,"[781585, 781985]"
0,A6-L0,P5-L0,1673299,20,59.967870025104844,55.0,GGTCGAAGTGTGCTGAGTCA,3.41,P5-R0,1673835,20,59.90595417438283,50.0,GAATTTGTTGCGCTGCATGC,4.06,0.12617580051232835,536,Non_specific,-,"[1673373, 1673773]"
0,A7-L0,P6-L0,7218,20,59.90302414928709,55.0,CAGCYTTATCACCCGCAACG,4.1,P6-R0,7742,20,59.826518973301404,55.0,CTCGTCGATTTCCCTCAGCA,4.41,0.2704568774115046,524,Non_specific,-,"[7247, 7647]"
0,A8-L0,P7-L0,1472310,20,59.897518674414925,60.0,CGGATTGACGGTAGGTGGAG,3.86,P7-R0,1472826,20,60.0376045227884,55.0,CCAGGTAAGGTTCTTCGCGT,6.01,0.1400858483734737,516,Non_specific,-,"[1472358, 1472758]"
0,A9-L0,P8-L0,4407683,20,59.90337206699752,60.0,CTCCCGTACTTCGTCGTGAG,3.51,P8-R0,4408236,20,59.75500625128143,55.0,ATGACACAGACCTCACGAGC,5.03,0.3416216817210511,553,Non_specific,-,"[4407756, 4408156]"
0,A10-L0,P9-L0,1472905,20,60.03861800853963,55.0,TCGTGTCGTGAGATGTTGGG,4.12,P9-R0,1473475,20,60.03925564671238,55.0,CTTTGTTGTCATGCACCCGG,5.73,0.07787365525200585,570,Non_specific,-,"[1473003, 1473403]"
0,A11-L0,P10-L0,2715310,20,60.03723245398322,60.0,GGCTACACAGGGTCACAGTC,3.51,P10-R0,2715765,20,60.040692215614285,55.0,CTGTCAGTCGACGACGGAAA,3.13,0.07792466959750755,455,Non_specific,-,"[2715339, 2715739]"
