position_x,position_y,position_r,position_phi,position_z,vector_r,vector_phi,vector_z
0.87744275,0.020103489,0.877673019864195,0.0,-1.855510259,0.7015576523179543,0.01303700678116317,0.712493436410686
0.8777855990000001,0.005745175,0.8778044001072047,0.0,-1.8553768309999998,0.7015574896061969,0.013037163659110569,0.712493593754482
0.8778934909999999,-0.008618976,0.8779357996388207,6.273367830253955,-1.8552433830000001,0.7015573294844284,0.013037105363818408,0.712493752485178
0.877766327,-0.02298512,0.8780672187005305,6.257005368621555,-1.855109916,0.7015572191109742,0.013036939096163934,0.7124938642067588
0.877404071,-0.03734941,0.8781986576138232,6.240642907200088,-1.854976428,0.7015571378125282,0.013037013364277622,0.7124939428983471
0.87680675,-0.051708000000000004,0.8783301168180233,6.224280444751558,-1.85484292,0.7015570438456014,0.013036930199295972,0.7124940369445906
0.875974452,-0.066057041,0.8784615946200357,6.207917983735677,-1.854709392,0.7015569650690467,0.01303704378667894,0.7124941124335082
0.874907331,-0.08039269,0.8785930926447006,6.191555521591013,-1.854575844,0.7015569609233273,0.01303696187142944,0.7124941180144492
0.873605602,-0.094711103,0.8787246103741826,6.175193059532057,-1.854442276,0.7015568697260037,0.013037025203559777,0.7124942066530033
0.872069544,-0.10900844,0.8788561483903959,6.158830598284013,-1.8543086880000001,0.7015568991251534,0.013036987675749071,0.712494178391825
0.870299497,-0.12328086699999999,0.8789877056288812,6.142468136625697,-1.85417508,0.7015568429948361,0.013036933111638423,0.7124942346588929
0.868295865,-0.137524555,0.8791192822387905,6.126105674066578,-1.854041452,0.7015569489351583,0.013036888558159357,0.7124941311600494
0.866059115,-0.151735679,0.879250878280013,6.109743213047504,-1.853907804,0.7015569617379162,0.013037043409154334,0.7124941157204119
0.8635897770000001,-0.165910426,0.8793824949328997,6.09338075116124,-1.853774136,0.701556964767492,0.013037069502200271,0.7124941122598971
0.860888441,-0.18004498800000002,0.8795141303875285,6.077018289530431,-1.8536404480000002,0.7015571300862374,0.013037074064403981,0.7124939493953625
0.857955762,-0.19413556899999998,0.8796457859274689,6.06065582717927,-1.853506741,0.7015571763867395,0.013036972858518106,0.7124939056574109
0.854792456,-0.20817838100000002,0.8797774611515649,6.044293365836824,-1.8533730130000001,0.7015572667078189,0.01303697195887183,0.7124938167392036
0.8513993009999999,-0.22216965100000002,0.8799091564296568,6.027930903531606,-1.853239265,0.7015573360326156,0.013036939314087248,0.712493749075836
0.847777137,-0.236105615,0.8800408714681637,6.011568442409187,-1.8531054969999998,0.7015575149025353,0.013036969854094967,0.7124935723926233
0.884810575,0.020272296999999998,0.8850427784336116,0.0,-1.8627669009999999,0.7015585894687651,0.012928611743931563,0.7124944887793668
0.8851552009999999,0.00579341,0.8851741599576765,0.0,-1.862633472,0.7015584311533585,0.012928552586063187,0.7124946457382453
0.885262897,-0.008691326999999999,0.8853055607923479,6.273367830590376,-1.8625000219999999,0.7015583180668209,0.012928540024948866,0.712494757316906
0.8851335640000001,-0.023178037999999998,0.8854369811369253,6.257005368495816,-1.8623665530000002,0.7015582063544791,0.012928648253299452,0.7124948653506415
0.8847671659999999,-0.037662843,0.8855684207188703,6.2406429070250065,-1.862233064,0.7015581244683573,0.012928705554629813,0.7124949449400485
0.8841637309999999,-0.052141864,0.8856998798674609,6.224280444609858,-1.862099556,0.7015580794995384,0.012928545024033556,0.7124949921315104
0.8833233509999999,-0.06661122,0.8858313592618843,6.207917983577245,-1.8619660269999998,0.7015580501845353,0.012928613930348838,0.7124950197461826
0.882246179,-0.081067036,0.8859628573963614,6.191555520914228,-1.861832479,0.7015579044111967,0.012928486588838906,0.7124951655925058
0.880932435,-0.095505434,0.8860943758757064,6.175193060075938,-1.861698911,0.701557959021801,0.012928598462343628,0.7124951097902109
0.879382399,-0.109922545,0.8862259133935727,6.158830598007942,-1.8615653230000002,0.7015578929827244,0.01292856104078674,0.7124951754945817
0.877596417,-0.124314501,0.8863574709394155,6.142468135950232,-1.861431715,0.7015579271334428,0.01292857898390664,0.7124951415425118
0.8755748959999999,-0.13867744,0.886489047236549,6.126105674349879,-1.861298087,0.7015578308643174,0.01292869950467777,0.712495234146918
0.873318308,-0.15300750800000001,0.8866206429992215,6.109743212381329,-1.8611644390000002,0.7015579572476309,0.012928581863572392,0.7124951118383397
0.8708271879999999,-0.167300857,0.8867522585891291,6.09338075109061,-1.8610307719999999,0.7015580490628652,0.012928661088213698,0.7124950199949278
0.868102134,-0.18155365,0.8868838948158189,6.077018289007943,-1.860897085,0.7015580223605113,0.012928524682893258,0.7124950487625384
0.865143804,-0.195762057,0.8870155492213547,6.060655827015532,-1.8607633780000001,0.7015581251987044,0.012928698065816277,0.7124949443568015
0.8619529229999999,-0.20992226,0.8871472238088509,6.044293365598368,-1.860629651,0.7015581955599383,0.01292867103486369,0.7124948755661024
0.858530275,-0.22403045300000002,0.8872789172311945,6.027930904149969,-1.860495904,0.7015583839733364,0.012928536881564996,0.7124946924790546
0.854876709,-0.23808284300000002,0.8874106308364992,6.011568442563178,-1.8603621380000002,0.701558547812773,0.012928722389106327,0.7124945277882619
0.8921783999999999,0.020441105,0.892412537003028,0.0,-1.870023543,0.7015595546386951,0.012821998586962655,0.712495465001281
0.8925248029999999,0.005841645,0.8925439198081485,0.0,-1.8698901119999998,0.7015594400320152,0.01282209674681234,0.7124955760823924
0.892632303,-0.008763679,0.8926753219556922,6.273367829801069,-1.869756661,0.7015593288438204,0.012822007743490915,0.7124956871656378
0.8925008,-0.023370956000000002,0.8928067425736623,6.257005368342832,-1.8696231909999999,0.701559169646849,0.01282202194389098,0.7124958436634519
0.8921302609999999,-0.037976276,0.8929381838239174,6.240642906852814,-1.869489701,0.7015591361838035,0.01282206899856614,0.7124958757660504
0.891520713,-0.052575727999999995,0.8930696439151643,6.224280444536415,-1.869356192,0.7015589941739849,0.012821953049142642,0.7124960176826199
0.89067225,-0.067165399,0.8932011239037331,6.207917983421427,-1.8692226630000002,0.7015589654038488,0.012821966117124661,0.7124960457759557
0.8895850279999999,-0.081741381,0.8933326230523253,6.191555521465746,-1.869089114,0.7015589118359357,0.012821919477926408,0.7124960993608874
0.888259268,-0.096299766,0.8934641414850125,6.175193059498129,-1.868955545,0.7015588731701059,0.012822082604847108,0.7124961344975604
0.886695254,-0.11083665,0.8935956783967496,6.158830597736425,-1.868821957,0.7015588981492991,0.01282205438448533,0.7124961104096658
0.8848933370000001,-0.125348134,0.8937272361096967,6.142468136393758,-1.8686883490000001,0.7015588841336257,0.012821996014663639,0.7124961252606093
0.882853927,-0.139830325,0.8938588122343074,6.126105674628509,-1.8685547219999998,0.7015589455398422,0.012822089626403424,0.7124960631123776
0.8805775020000001,-0.154279336,0.8939904085308528,6.109743213020974,-1.868421075,0.7015589199127978,0.012822025666366558,0.7124960894970579
0.8780646000000001,-0.168691288,0.8941220232273999,6.093380751232153,-1.868287408,0.7015589635912948,0.012822160927599911,0.7124960440548812
0.8753158259999999,-0.183062311,0.8942536580605767,6.077018289359719,-1.8681537209999999,0.7015590720930627,0.012822021306492435,0.7124959397312638
0.872331845,-0.19738854399999997,0.894385311319201,6.060655827698251,-1.868020015,0.7015591749676845,0.012822089233839267,0.7124958372133422
0.869113389,-0.211666138,0.8945169852579102,6.044293366185485,-1.867886289,0.7015592066142167,0.012821979545802607,0.7124958080265159
0.865661248,-0.225891256,0.8946486773176245,6.0279309033943775,-1.867752544,0.7015593326254133,0.012822042574121601,0.7124956828152802
0.86197628,-0.240060071,0.8947803892414963,6.011568442414794,-1.867618779,0.7015594649950265,0.012822020231223473,0.7124955528795126
0.8995462240000001,0.020609912,0.8997822945498016,0.0,-1.877280184,0.7015604420826291,0.012717254224306812,0.712496468447262
0.8998944040000001,0.005889879000000001,0.8999136786520973,0.0,-1.8771467519999998,0.7015603320847156,0.012717144857204276,0.7124965787088838
0.900001708,-0.00883603,0.9000450821092676,6.273367830124783,-1.8770133000000002,0.7015602209011819,0.012717098781304769,0.7124966890082167
0.8998680370000001,-0.023563874,0.9001765050100571,6.257005368221434,-1.8768798290000002,0.7015601577264483,0.012717141076901672,0.712496750458324
0.8994933559999999,-0.038289709,0.9003079469289645,6.240642906683442,-1.876746338,0.7015600288970328,0.012717174950982587,0.712496876705618
0.898877695,-0.053009592,0.9004394079628676,6.224280444464175,-1.876612828,0.7015599336378233,0.012717102587016301,0.7124969717941855
0.8980211490000001,-0.067719578,0.9005708885455816,6.2079179832681595,-1.876479298,0.7015598579296725,0.01271718421681275,0.7124970448832005
0.8969238759999999,-0.082415726,0.9007023877124842,6.19155552190665,-1.876345749,0.7015599037714177,0.012717087201534489,0.7124970014767414
0.8955860999999999,-0.09709409699999999,0.9008339059923618,6.175193059913743,-1.87621218,0.7015598567601646,0.012717198310226026,0.7124970457832058
0.89400811,-0.111750755,0.9009654443922043,6.158830597607018,-1.8760785919999998,0.7015597888226562,0.01271717133706774,0.71249711315927
0.892190257,-0.126381768,0.901097001420231,6.142468135731239,-1.875944984,0.7015598294039199,0.012717156795896148,0.7124970734604961
0.8901329579999999,-0.14098321,0.901228577232066,6.1261056749025835,-1.875811357,0.7015598374332652,0.012717206480074716,0.7124970646676053
0.887836695,-0.155551165,0.9013601732500611,6.10974321236591,-1.87567771,0.7015599006583595,0.012717212400328755,0.7124970023073766
0.8853020109999999,-0.170081719,0.9014917868836293,6.093380751162098,-1.875544044,0.7015599521915964,0.012717143584431045,0.7124969527934685
0.882529518,-0.184570972,0.9016234213053347,6.077018289705744,-1.875410358,0.7015599708552422,0.012717244242618952,0.7124969326196886
0.8795198870000001,-0.19901503199999998,0.9017550746130868,6.0606558275329485,-1.875276652,0.7015600653149453,0.012717242931163723,0.7124968396333554
0.876273855,-0.21341001699999998,0.9018867469435956,6.04429336568571,-1.875142928,0.7015602063392039,0.012717062752713061,0.7124967039897357
0.8727922220000001,-0.227752058,0.9020184381191622,6.027930904003757,-1.8750091830000002,0.7015602859830763,0.012717143647604758,0.7124966241244867
0.869075852,-0.24203729899999998,0.9021501486098317,6.011568442566223,-1.874875419,0.7015604038686443,0.012717236861289026,0.7124965063846128
0.906914049,0.02077872,0.9071520531192182,0.0,-1.884536826,0.7015614099922899,0.012614089618907774,0.712497349295221
0.9072640059999999,0.005938114,0.907283438502569,0.0,-1.8844033919999998,0.7015612988462882,0.012614019683479801,0.7124974599733909
0.907371114,-0.008908381,0.9074148432627946,6.273367830454056,-1.884269939,0.7015611366230654,0.01261401441150904,0.7124976197999392
0.907235274,-0.023756792000000002,0.9075462674464516,6.257005368102008,-1.8841364669999998,0.7015610252651387,0.012614084066213796,0.7124977282153941
0.9068564509999999,-0.038603142,0.9076777100340117,6.24064290651682,-1.884002975,0.7015609447840052,0.01261398382941508,0.7124978092357374
0.906234677,-0.053443455,0.9078091719517001,6.2242804454927505,-1.883869464,0.7015609497201417,0.01261395140717531,0.7124978049493699
0.905370047,-0.068273757,0.9079406521902614,6.20791798303456,-1.8837359340000002,0.7015608696137522,0.012613989864514378,0.7124978831452722
0.9042627240000001,-0.083090072,0.9080721524641451,6.191555521243782,-1.883602384,0.7015607700700542,0.01261408541641268,0.7124979794692894
0.902912933,-0.097888429,0.908203671601668,6.175193059346626,-1.883468815,0.7015607289937045,0.01261412346736885,0.7124980192414377
0.901320965,-0.112664859,0.9083352092713467,6.158830598435573,-1.883335227,0.7015607550137535,0.012613976634365271,0.7124979962203404
0.8994871759999999,-0.12741540099999998,0.9084667656003964,6.14246813601496,-1.883201619,0.7015607389899822,0.01261401748280576,0.7124980112749604
0.8974119890000001,-0.142136096,0.9085983423862589,6.1261056740851645,-1.883067992,0.7015607544146725,0.012614025129841916,0.7124979959516652
0.895095887,-0.156822993,0.9087299368116991,6.109743212615491,-1.882934345,0.7015607763438849,0.012613996640925251,0.7124979748634434
0.892539423,-0.17147215,0.9088615515219001,6.093380751300765,-1.88280068,0.7015607723987842,0.012613968717845267,0.7124979792423323
0.88974321,-0.186079634,0.9089931847548023,6.077018288969337,-1.882666994,0.7015609379349101,0.012613949078066572,0.7124978165949319
0.886707928,-0.20064152,0.9091248369316304,6.060655827127567,-1.88253329,0.701560994585414,0.012613980814905239,0.712497760252147
0.883434321,-0.215153895,0.9092565083926548,6.044293366262601,-1.882399566,0.7015610627540072,0.01261398173782146,0.7124976931135888
0.8799231959999999,-0.22961286,0.9093881989206996,6.0279309046032585,-1.8822658230000002,0.7015611892210716,0.012613994798672805,0.7124975683565066
0.876175424,-0.24401452699999998,0.9095199079781671,6.011568442715198,-1.88213206,0.701561321557534,0.01261397652333235,0.7124974383748445
0.914281874,0.020947527,0.9145218116657293,0.0,-1.8917934680000001,0.7015623520486104,0.01251247866662689,0.7124982133771557
0.9146336079999999,0.005986348000000001,0.914653198346496,0.0,-1.8916600330000002,0.7015621440952096,0.012512431989620088,0.7124984189584126
0.91474052,-0.008980733000000001,0.914784604426139,6.273367829684924,-1.891526579,0.7015620307137184,0.012512589471349044,0.7124985278339635
0.91460251,-0.02394971,0.9149160288831889,6.257005367955894,-1.891393105,0.7015619685098268,0.012512567033213965,0.7124985894770993
0.914219546,-0.038916575,0.9150474731390589,6.240642906352882,-1.8912596130000001,0.701561838719686,0.012512576345362717,0.7124987171114449
0.913591658,-0.05387731900000001,0.9151789350011377,6.224280445349646,-1.891126101,0.7015617449491099,0.012512468664166776,0.7124988113336671
0.9127189459999999,-0.06882793599999999,0.91531041683211,6.207917982886875,-1.89099257,0.7015617164490383,0.012512450131602416,0.7124988397217101
0.911601572,-0.08376441700000001,0.915441917124304,6.191555521679373,-1.89085902,0.7015616620481254,0.012512496615288976,0.7124988924712264
0.910239765,-0.09868276,0.9155734361090173,6.175193059756769,-1.89072545,0.7015616689590682,0.012512463180798954,0.7124988862535266
0.90863382,-0.113578964,0.9157049742745235,6.15883059816717,-1.890591862,0.7015616499426001,0.012512455790745365,0.7124989051078615
0.906784096,-0.12844903400000002,0.9158365307706776,6.142468136447258,-1.8904582540000001,0.7015616416187636,0.012512421435365998,0.7124989139072488
0.90469102,-0.143288981,0.9159681073840173,6.1261056743591995,-1.8903246269999998,0.7015616984522757,0.012512502998416128,0.7124988565138
0.90235508,-0.158094821,0.9160997013583339,6.109743213049436,-1.890190981,0.701561711256056,0.012512660557804228,0.7124988411395766
0.8997768340000001,-0.17286258100000002,0.9162313151781297,6.093380751231285,-1.890057315,0.7015617631613762,0.012512548650543623,0.7124987919962875
0.896956902,-0.187588295,0.9163629479995602,6.077018289312937,-1.889923631,0.701561774916152,0.01251240728454063,0.7124987829045354
0.893895969,-0.202268007,0.9164945990294766,6.060655827792916,-1.8897899269999998,0.7015618767874543,0.012512592042115436,0.7124986793523569
0.890594787,-0.216897774,0.9166262700783403,6.044293365770242,-1.889656204,0.701562016693103,0.012512537671144214,0.71249854254906
0.8870541690000001,-0.231473663,0.9167579590071299,6.027930903862247,-1.889522462,0.701562096785777,0.012512568665204211,0.7124984631414603
0.8832749959999999,-0.245991755,0.9168896673465025,6.011568442861779,-1.889388701,0.7015621549276797,0.01251249449684617,0.7124984071944982
0.921649699,0.021116335,0.9218915702351459,0.0,-1.899050109,0.7015631290967539,0.012412481686922355,0.7124991973261047
0.92200321,0.0060345830000000005,0.9220229581969681,0.0,-1.8989166730000002,0.701563017329343,0.01241270709026997,0.7124993034511956
0.922109926,-0.009053084,0.9221543655796661,6.27336783001245,-1.8987832180000002,0.701562905887759,0.012412552156071064,0.7124994158813719
0.921969747,-0.024142627000000003,0.9222857912934066,6.257005368924388,-1.8986497430000002,0.7015627941254874,0.012412673023020768,0.7124995238224814
0.92158264,-0.039230008,0.9224172352450108,6.240642906145457,-1.89851625,0.7015627134186151,0.012412549008824814,0.7124996054509879
0.92094864,-0.054311183,0.9225486990488411,6.224280445272641,-1.898382737,0.7015626655467412,0.012412716323654328,0.712499649673191
0.9200678440000001,-0.069382115,0.92268018047679,6.207917982660052,-1.898249206,0.701562589360594,0.012412532132014221,0.7124997278987062
0.91894042,-0.08443876300000001,0.9228116818759646,6.191555521028907,-1.898115655,0.7015626369920596,0.012412539374598764,0.7124996808722244
0.917566597,-0.09947709099999999,0.9229432006163666,6.17519306016036,-1.897982085,0.7015625459892921,0.012412667826275646,0.7124997682402828
0.915946675,-0.114493069,0.9230747392777003,6.158830597903053,-1.8978484969999998,0.7015625287780629,0.012412543296667156,0.7124997873567668
0.9140810159999999,-0.129482668,0.923206296081212,6.142468135800178,-1.897714889,0.7015625147121113,0.012412577280473376,0.7124998006147615
0.91197005,-0.144441866,0.9233378713940874,6.126105674459437,-1.8975812619999999,0.7015625152520137,0.012412716202678599,0.7124997976629466
0.909614273,-0.15936665,0.9234694660775422,6.109743212409827,-1.897447616,0.7015625924828326,0.012412591866869842,0.7124997237837454
0.907014245,-0.17425301199999998,0.9236010788343593,6.093380751162915,-1.8973139509999999,0.701562685806378,0.012412652254542451,0.7124996308407107
0.9041705940000001,-0.189096956,0.9237327112443182,6.077018289651053,-1.897180268,0.7015627058031508,0.012412603180473094,0.7124996120058212
0.9010840109999999,-0.203894495,0.9238643623233623,6.060655827630813,-1.897046565,0.7015627503166447,0.012412698999580552,0.7124995665063178
0.8977552529999999,-0.218641652,0.9239960315273995,6.044293366337257,-1.8969128430000002,0.7015628311680315,0.012412572085102795,0.7124994891069945
0.894185143,-0.233334465,0.9241277198086673,6.027930904453315,-1.8967791019999998,0.701562957651495,0.012412582986530415,0.7124993643750772
0.8903745679999999,-0.24796898399999998,0.9242594269831272,6.011568441963741,-1.8966453419999998,0.701563089969386,0.01241256744643624,0.7124992343588832
0.929017524,0.021285142000000003,0.929261328781657,0.0,-1.906306751,0.7015640317955075,0.012314308284202772,0.7125000120016235
0.929372812,0.006082818,0.9293927180474401,0.0,-1.906173313,0.7015638696117009,0.012314328174156447,0.7125001713523128
0.9294793309999999,-0.009125435,0.9295241257332413,6.27336783032422,-1.906039857,0.7015638069185521,0.012314216079220258,0.7125002350205248
0.929336983,-0.024335545,0.9296555527301439,6.257005368774072,-1.9059063809999999,0.7015636959047399,0.012314247127569927,0.7125003437937155
0.928945735,-0.03954344,0.9297869983075284,6.240642907061603,-1.905772887,0.7015636146934453,0.01231422718610894,0.7125004241030852
0.9283056209999999,-0.054745047000000005,0.9299184620982787,6.224280445133549,-1.9056393740000002,0.7015635199387266,0.012314319186624895,0.7125005158132546
0.927416743,-0.069936293,0.9300499450434422,6.207917983589843,-1.9055058409999999,0.7015634422023922,0.01231431816982865,0.7125005923738892
0.9262792670000001,-0.085113108,0.9301814455403188,6.191555521360929,-1.90537229,0.7015633886007767,0.012314271405051088,0.7125006459609411
0.924893429,-0.10027142300000001,0.9303129652314984,6.175193059488913,-1.90523872,0.7015633936406684,0.012314453979052932,0.7125006378429332
0.92325953,-0.115407174,0.9304445042808772,6.15883059764312,-1.9051051319999999,0.7015633766434924,0.012314213178486652,0.712500658741012
0.921377936,-0.130516301,0.9305760612514931,6.14246813622733,-1.904971524,0.7015634584072568,0.012314299338262065,0.7125005767432453
0.9192490809999999,-0.145594751,0.9307076363918458,6.126105674726168,-1.904837897,0.7015634238020784,0.012314278233912457,0.7125006111819715
0.916873466,-0.160638478,0.930839230624177,6.109743212838529,-1.904704252,0.7015634461849848,0.012314337314162028,0.7125005881215545
0.914251657,-0.175643443,0.9309708434726299,6.093380751298282,-1.9045705880000001,0.7015634897848655,0.012314317235420829,0.7125005455379712
0.911384286,-0.190605618,0.9311024746937856,6.077018288932566,-1.904436904,0.7015635577153545,0.012314400940755033,0.7125004772035209
0.908272052,-0.20552098300000002,0.9312341246419061,6.0606558272342825,-1.904303202,0.701563653004915,0.012314301761660035,0.7125003850907886
0.904915719,-0.22038553100000002,0.931365793213085,6.044293365852099,-1.9041694809999998,0.7015636941020638,0.012314321836594344,0.7125003442775104
0.901316116,-0.235195268,0.9314974798950973,6.027930903725215,-1.904035741,0.7015638232707219,0.012314354518314552,0.7125002165266792
0.8974741390000001,-0.249946212,0.9316291853881244,6.011568441825968,-1.9039019819999998,0.7015639884130301,0.012314395103449258,0.7125000532177088
0.936385349,0.02145395,0.9366310873510736,0.0,-1.913563392,0.7015648133987955,0.012217564357100264,0.7125009078744344
0.936742414,0.006131052,0.9367624778913671,0.0,-1.913429953,0.7015647510616496,0.012217616544073938,0.7125009683598943
0.936848737,-0.009197786,0.9368938868867686,6.273367830641566,-1.9132964959999998,0.7015645906176562,0.012217541992141178,0.7125011276195645
0.93670422,-0.024528462999999997,0.9370253151665384,6.257005368654056,-1.913163019,0.701564480376743,0.012217482523246241,0.7125012371880518
0.93630883,-0.039856873,0.9371567614125755,6.240642906897248,-1.9130295240000001,0.7015644473820456,0.012217565454311064,0.7125012682542357
0.9356626020000001,-0.055178911,0.9372882251477165,6.224280444996644,-1.91289601,0.7015643527407517,0.012217464346213779,0.71250136317652
0.9347656409999999,-0.070490472,0.9374197086881221,6.207917983361059,-1.9127624769999998,0.7015643244737951,0.012217414024448947,0.7125013918724529
0.933618115,-0.08578745300000001,0.9375512102004778,6.191555521785327,-1.912628926,0.7015642726649219,0.012217672473745415,0.7125014384543118
0.932220261,-0.10106575400000001,0.9376827297388476,6.175193059888266,-1.912495356,0.7015641838458019,0.012217555179428677,0.712501527921317
0.9305723840000001,-0.11632127800000001,0.9378142681677416,6.158830598313088,-1.912361767,0.7015642085580847,0.012217553339757584,0.7125015036199284
0.928674855,-0.131549934,0.9379458254316586,6.142468136498236,-1.912228159,0.7015641998402268,0.01221756555501652,0.7125015119945018
0.926528111,-0.146747636,0.9380774004019161,6.126105674821948,-1.912094533,0.7015642078459745,0.012217618800232024,0.7125015031986266
0.924132658,-0.161910306,0.9382089941858149,6.109743213076555,-1.911960888,0.7015642217982433,0.012217643895994078,0.7125014890302027
0.921489068,-0.17703387399999998,0.9383406071288594,6.093380751230459,-1.911827224,0.7015643226857828,0.012217542785354696,0.7125013914251161
0.918597978,-0.192114279,0.9384722379385435,6.077018289268358,-1.911693541,0.7015643817290665,0.012217606368323223,0.7125013321978714
0.915460093,-0.20714747,0.9386038867397521,6.06065582788312,-1.91155984,0.7015644473824819,0.012217649026486454,0.7125012668207532
0.912076185,-0.22212941,0.9387355548987704,6.044293365374559,-1.91142612,0.7015645646485847,0.012217643541592002,0.7125011514487062
0.90844709,-0.23705607,0.9388672406966349,6.0279309043080795,-1.911292381,0.7015647029513619,0.0122176047390969,0.7125010159341575
0.904573711,-0.25192344,0.9389989447564597,6.011568441976076,-1.9111586230000002,0.7015647743044972,0.012217647327772746,0.7125009449459376
0.943753174,0.021622758,0.94400084592049,0.0,-1.9208200340000001,0.7015656776993568,0.012122326074669633,0.7125016835662786
0.9441120159999999,0.0061792869999999995,0.9441322377418391,0.0,-1.920686594,0.7015655161604485,0.012122406450324636,0.7125018412582365
0.944218143,-0.009270138,0.9442636480501129,6.273367829894981,-1.920553135,0.7015654032603649,0.012122376456067296,0.7125019529356945
0.944071456,-0.024721381,0.9443950766032757,6.257005368508195,-1.9204196569999998,0.7015653421137559,0.01212222783232029,0.7125020156723699
0.9436719240000001,-0.040170306,0.9445265235185276,6.240642906690431,-1.920286161,0.701565261340498,0.012122299464535868,0.7125020939870499
0.9430195840000001,-0.055612775,0.9446579891954198,6.224280444924195,-1.9201526469999999,0.7015652140401789,0.012122348944404887,0.7125021397194734
0.9421145390000001,-0.071044651,0.9447894723328021,6.207917983135846,-1.9200191130000002,0.7015651389347206,0.012122363059344088,0.7125022134319049
0.940956963,-0.086461799,0.9449209749521384,6.191555521149255,-1.919885562,0.7015650868029351,0.012122228840825505,0.7125022670470045
0.939547094,-0.101860086,0.9450524953481538,6.175193059343461,-1.919751991,0.7015650946453919,0.012122280949526757,0.7125022584383739
0.9378852390000001,-0.11723538300000001,0.9451840331709185,6.158830598054011,-1.9196184019999998,0.7015650712363303,0.012122276293333865,0.7125022815673158
0.935971775,-0.132583568,0.945315590742193,6.142468135865893,-1.9194847940000002,0.7015650620641966,0.012122211248328177,0.7125022917053045
0.933807142,-0.14790052199999998,0.9454471655561091,6.126105674037016,-1.9193511680000002,0.7015651183398072,0.012122348586853243,0.7125022339569127
0.931391851,-0.163182135,0.9455787589050234,6.109743212451692,-1.9192175230000001,0.7015651400763405,0.012122328397943444,0.71250221289753
0.928726479,-0.178424305,0.945710370785089,6.093380751163693,-1.91908386,0.7015651361595098,0.01212227973535414,0.7125022175821675
0.92581167,-0.19362294,0.9458420011833015,6.077018289598919,-1.9189501780000002,0.7015652017481998,0.012122452444332394,0.7125021500618385
0.922648134,-0.208773958,0.9459736490582958,6.060655827490802,-1.9188164769999998,0.7015652499872614,0.012122299736541432,0.7125021051613876
0.919236651,-0.223873288,0.9461053163478296,6.044293365931406,-1.918682758,0.7015653884054296,0.012122195007846604,0.7125019706497172
0.915578063,-0.238916873,0.9462370007830649,6.027930903592452,-1.91854902,0.701565410178976,0.0121221991299376,0.7125019491402526
0.911673283,-0.253900668,0.9463687041247952,6.0115684421238464,-1.918415264,0.7015655389548376,0.012122354456397425,0.7125018196983371
0.951120999,0.021791565,0.9513706044670012,0.0,-1.928076675,0.7015664220026437,0.012028458363099915,0.7125025415448113
0.951481618,0.006227521999999999,0.9515019975923111,0.0,-1.927943234,0.7015663101498727,0.012028562764965795,0.7125026499182316
0.9515875490000001,-0.009342489,0.95163340920364,6.273367830210734,-1.927809774,0.7015661993856557,0.01202845773086555,0.7125027607554815
0.951438692,-0.024914298999999997,0.951764838040013,6.2570053683645925,-1.927676295,0.7015661364719433,0.012028563351933865,0.712502820920394
0.9510350190000001,-0.040483739,0.9518962866235747,6.2406429065314954,-1.927542799,0.7015660065255847,0.012028502558239625,0.7125029498984197
0.950376565,-0.056046639,0.9520277522448574,6.22428044479103,-1.927409283,0.7015659601436073,0.01202859152424657,0.7125029940664961
0.949463438,-0.07159883,0.9521592369746505,6.207917982993092,-1.927275749,0.7015658826202328,0.012028564869109887,0.712503070849862
0.94829581,-0.087136144,0.9522907386164924,6.191555521472637,-1.9271421969999998,0.701565878274847,0.01202849640269846,0.7125030762843996
0.946873925,-0.102654417,0.9524222588613285,6.1751930596245925,-1.927008626,0.7015658831364158,0.012028592356991802,0.7125030698775482
0.9451980940000001,-0.11814948800000001,0.9525537981740954,6.158830597798943,-1.9268750369999998,0.7015658691003084,0.012028599510182916,0.7125030835774345
0.943268694,-0.133617201,0.9526853549223584,6.142468136135404,-1.92674143,0.701565801403297,0.012028587480872903,0.7125031504383436
0.941086172,-0.149053407,0.9528169295661791,6.126105674136645,-1.926607804,0.7015658170425096,0.012028442646221507,0.7125031374843077
0.9386510440000001,-0.164453963,0.9529485234516583,6.109743212870123,-1.926474159,0.7015658865094638,0.012028597235492107,0.7125030664739181
0.93596389,-0.179814736,0.9530801344413186,6.09338075109796,-1.926340496,0.7015659298985881,0.012028600430590399,0.7125030236968898
0.9330253609999999,-0.195131602,0.9532117636539462,6.0770182886827415,-1.926206815,0.7015659984136111,0.012028617742201791,0.7125029559413246
0.929836175,-0.21040044600000002,0.9533434113768394,6.060655827104549,-1.926073115,0.7015661035897165,0.012028511468839504,0.7125028541737831
0.926397116,-0.22561716699999998,0.9534750770619143,6.044293365212463,-1.9259393969999998,0.7015661728866004,0.012028580754869908,0.7125027847708892
0.9227090370000001,-0.240777675,0.9536067615846026,6.027930904167334,-1.92580566,0.7015662634660368,0.01202863095746238,0.7125026947342675
0.918772855,-0.255877896,0.9537384634931307,6.011568442269334,-1.925671905,0.7015663825486935,0.012028585159001959,0.7125025782526074
0.958488824,0.021960373,0.9587403630364177,0.0,-1.9353333169999998,0.7015672463725222,0.01193624718824178,0.7125032805681233
0.95885122,0.0062757559999999995,0.9588717574362382,0.0,-1.935199874,0.701567087215042,0.011936274679646006,0.7125034368221487
0.958956954,-0.00941484,0.9590031693572153,6.273367830511398,-1.9350664130000002,0.7015670720664219,0.011936207482599383,0.7125034528639708
0.9588059290000001,-0.025107217,0.9591346004764078,6.257005368250489,-1.934932934,0.7015669120839746,0.011936223443111765,0.7125036101233965
0.958398113,-0.040797172,0.9592660487295265,6.240642906330666,-1.934799436,0.7015668311052581,0.01193626573842585,0.7125036891505532
0.9577335459999999,-0.056480503,0.959397515294295,6.224280444659912,-1.93466592,0.701566735512524,0.011936276033983112,0.7125037831034589
0.9568123359999999,-0.072153009,0.9595290006193303,6.207917982774164,-1.9345323859999999,0.701566755610451,0.01193631040348597,0.7125037627382591
0.955634658,-0.087810489,0.9596605032766515,6.191555521886399,-1.9343988330000002,0.7015667061021081,0.011936196954684746,0.7125038133871966
0.9542007570000001,-0.10344874800000001,0.9597920233686779,6.175193060013704,-1.9342652619999998,0.7015666651013143,0.011936220784357956,0.71250385335941
0.952510948,-0.11906359300000001,0.9599235621849942,6.158830597418579,-1.9341316730000002,0.7015665933752231,0.011936122176211829,0.7125039256363987
0.950565613,-0.134650834,0.960055119102524,6.142468136400777,-1.933998065,0.7015666805693875,0.011936273662780938,0.7125038372429293
0.9483652029999999,-0.150206292,0.9601866945639376,6.126105674397665,-1.9338644390000002,0.701566689548972,0.011936198892620533,0.7125038296537726
0.9459102359999999,-0.16572579099999998,0.960318287013296,6.109743213102427,-1.933730795,0.7015667044285059,0.011936098309876098,0.7125038166876462
0.943201301,-0.181205167,0.9604498980975481,6.0933807510332345,-1.9335971330000001,0.7015667648710548,0.011936116009734526,0.7125037568763861
0.940239053,-0.196640263,0.9605815268987042,6.077018289012723,-1.9334634519999998,0.7015667758509286,0.011936150315141867,0.7125037454903568
0.937024216,-0.212026933,0.9607131734746854,6.06065582773945,-1.9333297530000002,0.7015668210571157,0.011936165157524114,0.7125037007294386
0.933557582,-0.227361045,0.9608448385109736,6.044293365762011,-1.933196035,0.701566911073832,0.011936208262967419,0.7125036113723391
0.92984001,-0.24263847800000002,0.9609765216710326,6.027930903463762,-1.9330622990000002,0.7015670264712607,0.011936271987146524,0.7125034966786635
0.925872427,-0.257855124,0.9611082228614662,6.011568442412589,-1.932928545,0.7015671587995124,0.011936258926302077,0.712503366600344
0.965856649,0.02212918,0.9661101215829289,0.0,-1.9425899580000001,0.701567957691149,0.011845338641521368,0.7125040973170175
0.966220822,0.006323991,0.9662415172867101,0.0,-1.942456514,0.701567893456633,0.01184538989967141,0.7125041597134342
0.96632636,-0.009487192,0.9663729305205597,6.273367829782887,-1.9423230519999999,0.7015677335011893,0.011845252855357685,0.7125043194920272
0.966173165,-0.025300135,0.9665043619131448,6.2570053681110425,-1.942189572,0.7015676716724877,0.011845181588185738,0.7125043815564838
0.965761208,-0.041110605,0.9666358118345736,6.2406429061768955,-1.942056073,0.7015675891380498,0.011845319613482045,0.7125044605293913
0.965090528,-0.056914367,0.9667672793419984,6.224280444591686,-1.9419225569999998,0.7015675439948423,0.011845257915078641,0.71250450600538
0.9641612340000001,-0.072707187,0.966898764188814,6.20791798358988,-1.9417890219999998,0.7015674663761395,0.011845237996321391,0.7125045827637707
0.962973505,-0.088484835,0.9670302670325072,6.191555521169478,-1.941655469,0.7015674161857827,0.0118453110718905,0.7125046309688204
0.961527589,-0.10424308,0.9671617879838095,6.175193059368956,-1.9415218969999999,0.7015673747826772,0.011845277517334633,0.7125046722942101
0.9598238029999999,-0.119977697,0.9672933270641365,6.158830598198068,-1.941388308,0.701567448488223,0.011845275587918582,0.7125045997521496
0.957862533,-0.135684468,0.9674248844130582,6.142468135783628,-1.9412547009999999,0.7015673899523163,0.011845366636778381,0.7125046558758299
0.955644233,-0.15135917699999998,0.9675564585740077,6.1261056744930285,-1.941121075,0.7015674425419112,0.011845137973326219,0.7125046078949911
0.9531694279999999,-0.16699762,0.9676880507475079,6.109743212313306,-1.940987431,0.7015674215751437,0.011845322784432418,0.7125046254674683
0.9504387120000001,-0.182595598,0.9678196617537778,6.093380750969496,-1.940853769,0.7015674645639733,0.0118453738151861,0.7125045822901469
0.947452745,-0.19814892399999998,0.967951290143462,6.077018289337679,-1.940720089,0.7015675248271033,0.011845291040838481,0.7125045243281825
0.944212257,-0.213653421,0.9680829357932291,6.060655827357185,-1.94058639,0.7015676277900955,0.011845356263924982,0.7125044218613374
0.9407180479999999,-0.229104924,0.9682146001966588,6.044293365299695,-1.940452674,0.7015677080193309,0.011845297247748016,0.7125043438447345
0.936970984,-0.24449928,0.9683462824725702,6.027930904030873,-1.940318939,0.7015677997581756,0.011845210094896074,0.7125042549629304
0.932971999,-0.259832352,0.9684779822298016,6.011568442553664,-1.940185186,0.7015678685808933,0.011845304382938376,0.7125041856290656
0.973224474,0.022297987999999998,0.9734798801523454,0.0,-1.9498466,0.701568746200309,0.011755805532955238,0.7125048037671029
0.9735904240000001,0.006372225,0.9736112771306373,0.0,-1.949713155,0.7015685863865608,0.01175577482427383,0.7125049616345446
0.973695766,-0.009559543,0.9737426916740867,6.27336783009232,-1.9495796909999998,0.7015684764659682,0.011755563138812349,0.7125050733605408
0.973540402,-0.025493052999999998,0.9738741243495396,6.257005368000585,-1.94944621,0.7015683639221346,0.01175573815090527,0.7125051812893337
0.973124302,-0.041424037000000004,0.9740055738979959,6.2406429070075475,-1.949312711,0.7015683316750398,0.011755641604105077,0.712505214634375
0.9724475090000001,-0.057348231,0.9741370423914361,6.22428044446406,-1.9491791930000002,0.7015682882790499,0.011755613913719301,0.7125052578211022
0.971510132,-0.073261366,0.9742685278334939,6.207917983369749,-1.9490456580000002,0.7015682080601203,0.011755661983764862,0.7125053360155528
0.970312353,-0.08915918,0.9744000316926662,6.191555521579275,-1.948912105,0.7015681538293792,0.011755681011090246,0.7125053890999017
0.968854421,-0.105037411,0.9745315524911587,6.1751930597541165,-1.948778533,0.7015681611821528,0.011755698748984598,0.7125053815673368
0.9671366570000001,-0.12089180199999999,0.9746630910750356,6.158830597820438,-1.948644944,0.7015680981639543,0.011755705814700252,0.7125054435015992
0.9651594520000001,-0.136718101,0.9747946485932237,6.142468136047649,-1.948511336,0.7015681802736019,0.011755846877619392,0.7125053603249429
0.962923263,-0.152512062,0.9749262225840779,6.12610567458695,-1.948377711,0.7015681399190086,0.011755801021663747,0.7125054008166687
0.9604286209999999,-0.16826944800000002,0.9750578152941426,6.109743212723296,-1.9482440669999999,0.7015682113967089,0.01175570116799869,0.7125053320836773
0.9576761229999999,-0.183986029,0.9751894254100071,6.09338075090672,-1.948110405,0.7015682562330059,0.011755690254672168,0.7125052881156851
0.9546664359999999,-0.199657585,0.9753210524093971,6.077018289447834,-1.947976726,0.7015683231015636,0.011755713815032461,0.7125052218848357
0.9514002979999999,-0.215279909,0.9754526981117726,6.060655826980697,-1.947843028,0.701568379097724,0.011755811686248823,0.7125051651334111
0.947878514,-0.230848802,0.9755843616457182,6.044293365840282,-1.947709312,0.7015684606993859,0.011755680162724448,0.712505086954336
0.944101957,-0.24636008199999998,0.9757160423065087,6.027930904330641,-1.947575579,0.7015685270228914,0.011755742024412362,0.7125050206281959
0.9400715709999999,-0.26180958,0.975847741598137,6.011568442692608,-1.9474418269999998,0.7015686584825886,0.011755834887780401,0.7125048896541217
0.9805922990000001,0.022466796,0.9808496387217621,0.0,-1.957103241,0.7015694246394102,0.011667506609224509,0.7125055871364455
0.980960026,0.00642046,0.9809810369811092,0.0,-1.956969795,0.7015693603201157,0.011667613651960064,0.7125056487156378
0.9810651709999999,-0.009631894,0.9811124518276619,6.273367830387097,-1.9568363309999999,0.7015692477232369,0.011667550791808964,0.7125057606136053
0.9809076379999999,-0.02568597,0.9812438857600998,6.257005368883875,-1.9567028480000002,0.7015691376198684,0.011667526355788398,0.7125058694270885
0.980487397,-0.04173747,0.9813753370030431,6.240642906851004,-1.9565693480000002,0.7015690556235612,0.011667637383048029,0.7125059483466522
0.97980449,-0.057782094000000006,0.981506805382003,6.224280445355425,-1.95643583,0.7015690100428631,0.011667535134811184,0.7125059949020466
0.97885903,-0.073815545,0.9816382914781737,6.2079179831529245,-1.956302294,0.70156893508263,0.011667535202015264,0.7125060687105299
0.9776511999999998,-0.089833525,0.9817697953570201,6.191555521889718,-1.95616874,0.7015688819679545,0.011667622293012173,0.712506119583728
0.9761812529999999,-0.10583174199999999,0.981901316998508,6.175193060133495,-1.956035169,0.7015688897585237,0.011667575246979839,0.7125061126831465
0.9744495120000001,-0.12180590699999999,0.9820328560782123,6.158830597574779,-1.955901579,0.7015689143112291,0.011667579167048305,0.7125060884431402
0.9724563709999999,-0.13775173400000001,0.9821644127733892,6.1424681363077065,-1.9557679719999999,0.7015688508143769,0.01166754849758344,0.7125061514675163
0.9702022929999999,-0.153664947,0.982295986594148,6.126105674679462,-1.9556343459999999,0.7015689141851111,0.011667554922796294,0.7125060889643313
0.967687813,-0.16954127600000002,0.9824275788557806,6.109743212951474,-1.9555007030000002,0.7015689350605082,0.011667639546149333,0.7125060670236326
0.9649135329999999,-0.18537646,0.9825591880841955,6.09338075065287,-1.9553670419999998,0.7015689312826953,0.01166757016522996,0.7125060718795988
0.961880128,-0.201166247,0.9826908158588649,6.07701828876859,-1.955233363,0.7015689999525088,0.011667570676554972,0.712506004255504
0.9585883390000001,-0.216906396,0.9828224602096188,6.060655827602244,-1.955099666,0.7015690942269391,0.011667586766531814,0.7125059111646987
0.95503898,-0.23259268100000002,0.9829541233314035,6.044293365384313,-1.954965951,0.70156912551045,0.011667509322684181,0.7125058816295539
0.951232931,-0.248220885,0.9830858033605377,6.027930903898504,-1.9548322180000002,0.7015692647534508,0.011667615593427104,0.7125057427836398
0.9471711429999999,-0.263786808,0.9832175009664724,6.01156844282947,-1.9546984669999998,0.7015693720535989,0.011667517646542443,0.7125056387343799
0.9879601240000001,0.022635602999999997,0.9882193972682732,0.0,-1.9643598830000002,0.7015701312819171,0.01158063350726796,0.7125063086181369
0.988329627,0.006468695,0.9883507958316027,0.0,-1.964226435,0.7015700200972481,0.011580659350748574,0.7125064176761838
0.988434577,-0.009704246,0.9884822129910065,6.2733678296758075,-1.96409297,0.7015699074088353,0.011580742803440557,0.7125065272785078
0.988274874,-0.025878888,0.9886136471968372,6.257005368742824,-1.963959487,0.7015698940836461,0.01158074131965169,0.7125065404232784
0.9878504909999999,-0.042050903,0.988745099108995,6.240642906653782,-1.963825986,0.7015697658673474,0.01158061798506762,0.712506668676104
0.987161471,-0.058215958,0.9888765684314406,6.224280445224008,-1.9636924669999998,0.701569669529371,0.011580659560840137,0.7125067628595432
0.986207928,-0.074369724,0.9890080551228536,6.207917982939331,-1.963558931,0.7015696894224401,0.011580719667173618,0.7125067422949003
0.984990047,-0.09050787099999999,0.9891395591128761,6.191555521188797,-1.963425376,0.7015696386271628,0.011580762001815419,0.7125067916223742
0.983508084,-0.106626074,0.9892710806194652,6.175193059393313,-1.963291805,0.7015695986405731,0.01158054519073706,0.7125068345190736
0.9817623659999999,-0.12272001099999999,0.9894026199650766,6.158830598210323,-1.963158215,0.701569623214169,0.011580663828973665,0.7125068083944247
0.97975329,-0.138785367,0.9895341769535546,6.142468136563891,-1.963024607,0.7015696145966324,0.011580656654198402,0.7125068169962938
0.977481323,-0.154817832,0.9896657506042182,6.1261056747705975,-1.9628909819999998,0.7015696229756611,0.011580653170496507,0.7125068088025079
0.974947005,-0.170813105,0.9897973425899925,6.109743212181104,-1.9627573390000002,0.7015696368005723,0.011580675779496915,0.7125067948223396
0.972150944,-0.18676689100000002,0.9899289517404252,6.093380750593386,-1.9626236780000001,0.7015696894200275,0.011580636413380923,0.7125067436504353
0.96909382,-0.20267490800000001,0.9900605791036228,6.077018289088106,-1.96249,0.7015697563510206,0.01158065288204072,0.7125066774791624
0.96577638,-0.21853288399999998,0.9901922225281624,6.060655827229536,-1.962356304,0.7015697540357902,0.011580671573139543,0.7125066794550602
0.962199446,-0.23433655899999997,0.9903238847804628,6.044293365916223,-1.96222259,0.7015699408190035,0.011580654154589332,0.7125064958220184
0.958363904,-0.250081687,0.9904555631944764,6.027930904194796,-1.9620888580000002,0.7015699724824979,0.011580584795497265,0.7125064657718562
0.954270715,-0.265764037,0.9905872606030973,6.011568441991803,-1.9619551080000002,0.7015700441339571,0.011580592365729109,0.7125063950971502
0.9953279490000001,0.022804411,0.9955891558376898,0.0,-1.971616524,0.7015708751861445,0.01149504309750628,0.712506962123693
0.9956992290000001,0.006516929,0.9957205556755298,0.0,-1.971483075,0.7015707136653346,0.01149498771644784,0.7125071220587984
0.995803983,-0.009776597,0.9958519741445335,6.273367829979163,-1.971349609,0.70157060067664,0.011495109627322187,0.7125072313463733
0.99564211,-0.026071806,0.9959834086335744,6.257005368603862,-1.971216125,0.701570538950042,0.01149502241085046,0.7125072935325799
0.995213585,-0.042364335999999995,0.996114861214947,6.240642906459477,-1.971082623,0.7015705060127979,0.011495101098503087,0.7125073246947582
0.994518452,-0.058649822000000004,0.9962463314808783,6.224280445094537,-1.970949104,0.7015704123973746,0.011494961553446642,0.7125074191245045
0.993556826,-0.074923903,0.9963778187675334,6.207917982728897,-1.9708155669999998,0.7015703335902772,0.011495087072431982,0.7125074946968799
0.992328894,-0.091182216,0.9965093227772301,6.191555521497537,-1.970682012,0.7015703777081426,0.011495084360263759,0.7125074512999882
0.990834916,-0.107420405,0.9966408451268145,6.1751930597697475,-1.97054844,0.7015702884366898,0.01149491042528756,0.712507542007223
0.98907522,-0.123634116,0.9967723839759757,6.1588305978409785,-1.970414851,0.7015702245596261,0.011495027171725559,0.7125076030202604
0.9870502090000001,-0.139819001,0.9969039412739734,6.142468135823097,-1.970281243,0.7015703073838423,0.011495081592304097,0.7125075205894513
0.984760353,-0.15597071699999998,0.9970355146142883,6.126105674860384,-1.9701476180000002,0.7015703163722858,0.011495003010117105,0.7125075130067671
0.982206197,-0.172084933,0.9971671061516306,6.109743212409916,-1.970013975,0.7015703380144043,0.01149499352354018,0.7125074918499091
0.979388355,-0.188157322,0.9972987153966547,6.093380750534782,-1.969880315,0.701570382064742,0.011494896626895684,0.7125074500389935
0.9763075109999999,-0.20418356899999998,0.9974303413695579,6.077018289197665,-1.9697466369999999,0.7015704422724338,0.011494999148514934,0.7125073891015006
0.9729644209999999,-0.22015937100000002,0.9975619846260084,6.060655827840061,-1.9696129409999998,0.7015705060602322,0.01149506557143871,0.7125073252212204
0.969359911,-0.236080438,0.9976936454945474,6.044293365229256,-1.9694792280000002,0.7015705266732886,0.011495082743776192,0.7125073046475232
0.965494878,-0.25194249,0.9978253242485055,6.027930903770045,-1.969345497,0.7015707025663488,0.011495053299472906,0.7125071319293598
0.961370287,-0.267741265,0.9979570199714328,6.011568442131819,-1.969211749,0.7015707865111761,0.011494955137827903,0.7125070508566699
1.002695774,0.022973217999999997,1.0029589143842008,0.0,-1.978873165,0.7015715027321506,0.011410606657091652,0.7125077014389876
1.003068831,0.006565164,1.0030903155260016,0.0,-1.978739715,0.7015714404444406,0.011410794256092833,0.7125077597662761
1.003173388,-0.009848948,1.003221734298109,6.273367830268276,-1.9786062480000002,0.7015713773368807,0.011410625610812707,0.7125078246060192
1.003009347,-0.026264724,1.0033531710699692,6.257005368493029,-1.978472763,0.7015711676066146,0.011410777774682208,0.7125080286801466
1.00257668,-0.042677769000000004,1.0034846243199942,6.240642906310407,-1.978339261,0.7015711356383657,0.011410737739823354,0.7125080607988424
1.001875433,-0.059083685999999996,1.0036160945303159,6.224280444966966,-1.978205741,0.7015710900955517,0.011410628598833182,0.7125081073904485
1.000905724,-0.075478081,1.0037475823370172,6.2079179835149985,-1.9780722030000002,0.7015710607837619,0.011410704724211178,0.7125081350331686
0.9996677420000001,-0.09185656099999999,1.0038790874373893,6.191555521892892,-1.9779386490000002,0.7015710106777744,0.011410662434474719,0.7125081850472825
0.998161748,-0.10821473599999999,1.0040106096341637,6.175193060140657,-1.9778050759999999,0.7015710182052175,0.011410638904352635,0.7125081780122168
0.996388075,-0.124548221,1.0041421489791527,6.158830597600579,-1.977671486,0.7015709936496707,0.011410762581084427,0.7125082002101675
0.994347128,-0.140852634,1.0042737054541389,6.142468136079077,-1.977537879,0.701570985115679,0.011410745860704138,0.7125082088809351
0.9920393829999999,-0.157123603,1.0044052787807929,6.126105673965498,-1.977404254,0.7015709942875691,0.011410642831972795,0.7125082014998233
0.98946539,-0.17335676100000003,1.0045368706982651,6.109743212807165,-1.9772706119999999,0.7015710176453022,0.011410587773736979,0.7125081793823794
0.986625766,-0.18954775199999999,1.0046684788642173,6.093380751454515,-1.977136952,0.7015710607286209,0.011410627245262582,0.712508136328272
0.983521203,-0.20569223,1.0048001046143158,6.077018289509347,-1.977003274,0.701571128027775,0.01141059791608644,0.7125080705318592
0.9801524620000001,-0.22178585899999997,1.0049317469445522,6.060655827471075,-1.9768695790000002,0.7015712206579704,0.011410798178005268,0.7125079761163565
0.976520377,-0.237824316,1.0050634069436069,6.044293365754504,-1.976735867,0.7015712640185017,0.011410765170954342,0.7125079339499985
0.972625851,-0.253803292,1.005195084082444,6.027930904062934,-1.976602137,0.7015713453758186,0.011410641704733358,0.7125078558187624
0.968469859,-0.269718493,1.0053267793397682,6.011568442269781,-1.976468389,0.7015714636036453,0.011410698215117695,0.7125077385006302
1.010063599,0.023142026,1.0103286729536174,0.0,-1.986129807,0.7015721165148986,0.011327610717838998,0.7125084213988144
1.010438433,0.006613399,1.0104600753764736,0.0,-1.985996356,0.7015720546711891,0.01132750642100006,0.712508483951404
1.010542794,-0.009921299,1.010591495451636,6.2733678305628855,-1.985862887,0.701571942863725,0.011327481245943453,0.7125085944429309
1.010376583,-0.026457642000000003,1.0107229325067062,6.257005368357914,-1.9857294019999998,0.701571928974685,0.011327548781041395,0.7125086070451025
1.009939774,-0.042991201,1.0108543863834165,6.240642907109806,-1.9855958980000001,0.7015717989566905,0.011327491466267886,0.7125087359785525
1.009232414,-0.05951755,1.0109858575797537,6.224280444841256,-1.985462378,0.7015717529969037,0.011327529451940576,0.7125087806289601
1.0082546209999999,-0.07603226,1.0111173449845279,6.207917983229067,-1.98532884,0.7015717252754496,0.011327660606369201,0.7125088058397706
1.007006589,-0.092530907,1.011248851193245,6.191555521207272,-1.985195285,0.701571674357728,0.011327465478188083,0.7125088590780712
1.005488579,-0.109009068,1.011380373255121,6.175193059416603,-1.9850617119999998,0.7015716325823843,0.011327588419419943,0.7125088982576202
1.003700929,-0.125462325,1.011511912866017,6.1588305982220435,-1.984928122,0.701571657018284,0.011327605991432762,0.7125088739174568
1.001644047,-0.14188626699999998,1.0116434696343044,6.142468136331328,-1.984794515,0.7015716429216072,0.011327533511128337,0.7125088889500475
0.999318413,-0.15827648800000002,1.011775042790863,6.126105674059842,-1.98466089,0.701571657572586,0.011327495831808518,0.712508875122994
0.996724582,-0.17462858899999997,1.0119066342599032,6.109743213028085,-1.984527248,0.7015716782644624,0.011327606988711594,0.7125088529815575
0.993863176,-0.190938183,1.0120382415384057,6.09338075120407,-1.984393588,0.7015717231455444,0.011327588990558747,0.7125088090755459
0.990734894,-0.20720089100000003,1.012169866880251,6.077018289614243,-1.9842599109999999,0.7015717430270824,0.011327553196444386,0.7125087900682511
0.987340503,-0.22341234699999998,1.0123015092630958,6.060655827107462,-1.9841262169999998,0.7015718480217707,0.011327464386303686,0.7125086880971309
0.9836808429999999,-0.23956819399999998,1.012433168392666,6.044293366272104,-1.983992505,0.7015719178612738,0.011327464126069825,0.712508619333778
0.979756825,-0.255664095,1.012564845136473,6.027930903645326,-1.983858776,0.7015719949369565,0.011327513882443359,0.7125085426501371
0.97556943,-0.271695721,1.0126965377447652,6.01156844214081,-1.98372503,0.7015721246366009,0.011327543492407303,0.7125084144705334
1.017431424,0.023310833,1.0176984315001283,0.0,-1.993386448,0.7015728651561524,0.01124561329873407,0.7125089831420531
1.017808035,0.006661633,1.0178298352204007,0.0,-1.9932529959999998,0.7015727032987951,0.011245740308517667,0.7125091405104458
1.017912199,-0.009993651,1.0179612556150286,6.273367829861278,-1.993119527,0.7015726392710254,0.01124564749328319,0.7125092050203595
1.017743819,-0.02665056,1.0180926939434436,6.257005368224756,-1.99298604,0.7015725286402039,0.011245628741398271,0.7125093142490143
1.017302868,-0.043304634,1.0182241484893684,6.2406429069164195,-1.992852536,0.7015724968896434,0.011245559259452226,0.7125093466088522
1.016589395,-0.059951414,1.0183556206291913,6.2242804447173645,-1.992719015,0.7015724015860579,0.011245630069814036,0.7125094393319318
1.0156035190000001,-0.076586439,1.0184871086292082,6.207917983021105,-1.9925854769999998,0.7015723721924784,0.011245717368955048,0.712509466896459
1.014345436,-0.09320525199999999,1.0186186148575989,6.191555521509176,-1.992451921,0.7015723191528022,0.011245584343792425,0.712509521221524
1.01281541,-0.10980339900000001,1.0187501367682956,6.175193059678902,-1.9923183480000002,0.7015723244257459,0.01124574618479948,0.7125095134751555
1.0110137829999999,-0.12637643,1.0188816768769158,6.158830597860629,-1.992184758,0.7015723119776067,0.011245561844616541,0.7125095286416839
1.008940965,-0.1429199,1.0190132328243542,6.142468136442294,-1.9920511509999999,0.7015722974769389,0.011245639669178966,0.7125095416914504
1.006597443,-0.159429373,1.019144806800933,6.1261056741528215,-1.991917526,0.7015723058147719,0.011245640475307949,0.7125095334688821
1.0039837740000002,-0.175900417,1.0192763978215416,6.109743213245809,-1.991783884,0.7015723200354006,0.011245612352866877,0.7125095199104041
1.001100587,-0.19232861399999998,1.0194080051946353,6.093380751142322,-1.991650225,0.7015723707900947,0.011245622862671611,0.712509469768926
0.997948585,-0.20870955300000002,1.0195396293508958,6.077018288757558,-1.991516549,0.701572439617036,0.011245586400940517,0.7125094025739587
0.994528544,-0.225038834,1.019671271360942,6.060655827705632,-1.991382855,0.7015724862281748,0.011245625295517894,0.7125093560644169
0.9908413090000001,-0.24131207300000002,1.0198029300783515,6.044293365829489,-1.991249144,0.7015726233688425,0.011245679260365574,0.7125092201770677
0.9868877979999999,-0.257524897,1.0199346049704114,6.027930903934884,-1.991115416,0.7015726569097307,0.011245638983597556,0.7125091877867064
0.9826690020000001,-0.273672949,1.0200662971131007,6.0115684422767135,-1.990981671,0.7015727766060306,0.011245509758713707,0.7125090719672075
1.024799249,0.023479641000000002,1.0250681900695449,0.0,-2.000643089,0.7015734488135076,0.011164896119538668,0.712509677839228
1.025177637,0.006709868000000001,1.0251995950708728,0.0,-2.000509636,0.701573337469812,0.011164942877934595,0.712509786741208
1.025281605,-0.010066002,1.0253310167685554,6.273367830154578,-2.000376166,0.701573227037387,0.01116477916380047,0.7125098980439294
1.025111055,-0.026843477999999997,1.025462455380181,6.257005368093511,-2.000242678,0.7015732133686982,0.011164781425973868,0.7125099114673629
1.024665962,-0.043618067,1.0255939105953205,6.240642906725812,-2.000109174,0.7015731331020474,0.011164802677400791,0.7125099901689461
1.023946375,-0.060385278,1.0257253826803634,6.224280444537859,-1.9999756519999998,0.7015730853161655,0.01116491016283035,0.7125100355370528
1.022952417,-0.077140618,1.0258568722738877,6.207917982816131,-1.9998421130000001,0.7015729581615584,0.01116494508891543,0.7125101601925418
1.021684283,-0.093879597,1.025988378521953,6.191555521806744,-1.999708557,0.7015729573790784,0.0111648733275691,0.7125101620874983
1.020142242,-0.11059773,1.026119901275645,6.175193060042472,-1.999574984,0.7015729639189647,0.01116497524253762,0.7125101540510091
1.018326637,-0.127290535,1.0262514408878147,6.158830597504405,-1.999441394,0.7015729409933885,0.011164892221079095,0.7125101779256062
1.0162378840000001,-0.143953534,1.0263829971447729,6.142468135723649,-1.9993077869999998,0.7015729322839224,0.011164898678489773,0.7125101864001933
1.013876473,-0.160582258,1.0265145708110033,6.1261056742444655,-1.9991741619999999,0.701572940729485,0.011164886215060628,0.7125101782795717
1.011242966,-0.177172246,1.0266461615557532,6.109743212500977,-1.999040521,0.7015730590131778,0.01116490138212223,0.7125100615738836
1.008337997,-0.193719045,1.0267777678688237,6.093380750897714,-1.998906862,0.7015730157920517,0.011164836447334158,0.712510105149078
1.005162277,-0.210218214,1.0269093925956536,6.077018289065689,-1.998773186,0.7015731237811595,0.011164811304881072,0.7125099992115705
1.001716584,-0.226665322,1.027041032704143,6.060655827130668,-1.9986394930000002,0.7015731309782708,0.011164880556633545,0.7125099910397764
0.998001774,-0.24305595100000002,1.0271726905558098,6.044293366108758,-1.9985057830000001,0.701573151879996,0.011164859503098026,0.7125099707887912
0.994018772,-0.25938569899999997,1.0273043657719492,6.027930904466068,-1.998372056,0.701573278266716,0.011164881904418774,0.7125098459910244
0.9897685740000001,-0.275650177,1.0274360564814362,6.011568442410669,-1.998238311,0.7015734092851118,0.011165040046329964,0.7125097145055843
1.032167074,0.023648449,1.0324379486389614,0.0,-2.0078997309999997,0.7015740718220692,0.011085325373318656,0.7125103068085187
1.0325472390000001,0.006758101999999999,1.0325693549147998,0.0,-2.007766276,0.7015739583693836,0.011085402341767725,0.7125104173223263
1.032651011,-0.010138353000000001,1.0327007779220827,6.273367830443692,-2.007632805,0.7015739447993803,0.01108527278218995,0.7125104326997469
1.0324782909999999,-0.027036396,1.032832216816918,6.2570053679641395,-2.0074993169999997,0.7015737852294985,0.011085297905535899,0.7125105894294477
1.0320290559999998,-0.0439315,1.032963672701272,6.240642906537924,-2.007365811,0.7015737024670541,0.011085410090698595,0.7125106691761116
1.031303356,-0.06081914099999999,1.0330951456709303,6.224280445384187,-2.007232289,0.7015736602781147,0.011085232866201736,0.7125107134747313
1.030301315,-0.077694796,1.0332266358433715,6.207917983579182,-2.00709875,0.7015736777910242,0.011085226772810942,0.7125106963254457
1.02902313,-0.094553943,1.0333581422778089,6.191555521136408,-2.006965194,0.7015736274613377,0.01108531995728865,0.7125107444328014
1.027469073,-0.11139206199999999,1.0334896648966023,6.175193059334608,-2.00683162,0.7015735381090721,0.011085251460833535,0.7125108334791609
1.025639491,-0.128204639,1.0336212047746793,6.158830598113262,-2.00669803,0.7015735676859531,0.011085280194006458,0.7125108039092627
1.023534803,-0.144987167,1.0337527613249382,6.142468135973039,-2.006564423,0.701573601337583,0.011085333841128718,0.7125107699395461
1.021155503,-0.161735143,1.0338843348210733,6.126105674334803,-2.0064307980000002,0.7015735615233424,0.011085359118741053,0.712510808749356
1.0185021570000001,-0.17844407399999998,1.0340159241323947,6.109743212552459,-2.0062971569999997,0.7015735832442646,0.011085340147218984,0.7125107876570173
1.015575408,-0.195109476,1.0341475315250532,6.093380750839028,-2.006163499,0.7015736757364791,0.011085321146237656,0.7125106968801875
1.012375968,-0.211726875,1.0342791548615888,6.077018289171503,-2.006029823,0.7015736381386046,0.011085378148304674,0.7125107330140867
1.008904625,-0.22829180899999998,1.0344107948019892,6.060655827720148,-2.005896131,0.7015737415961341,0.011085386775371082,0.7125106310104019
1.00516224,-0.24479983,1.0345424522414952,6.044293365673613,-2.005762422,0.7015738327272437,0.011085296716886208,0.7125105426792675
1.001149745,-0.261246502,1.0346741258583791,6.027930903810482,-2.005628695,0.7015739136045754,0.011085231307181734,0.7125104640610032
0.996868146,-0.277627405,1.0348058158497715,6.011568442542715,-2.005494952,0.7015739826143659,0.011085305483743877,0.7125103949564172
1.0395349,0.023817256000000002,1.0398077081852104,0.0,-2.015156372,0.7015746778824588,0.011006888712273837,0.7125109260600849
1.039916841,0.006806336999999999,1.0399391147652717,0.0,-2.015022916,0.7015746170882416,0.011006885913173685,0.7125109859644141
1.040020416,-0.010210705,1.0400705380854753,6.273367829757843,-2.014889444,0.7015744556534651,0.011006790199044816,0.712511146399871
1.039845527,-0.027229312999999998,1.0402019782274785,6.257005368797623,-2.014755955,0.7015743928718983,0.011006834065397904,0.7125112075401229
1.03939215,-0.044244933,1.0403334348072242,6.240642906352699,-2.014622449,0.7015743114882447,0.011006931757590625,0.7125112861654047
1.038660337,-0.061253005,1.0404649087203681,6.224280445259082,-2.014488926,0.7015743144811895,0.011006787690497356,0.7125112854439468
1.037650212,-0.078248975,1.0405963984908826,6.207917983300896,-2.0143553869999997,0.7015742378863677,0.011006734854247592,0.7125113616792443
1.036361976,-0.09522828800000001,1.0407279049463578,6.19155552134448,-2.01422183,0.7015741825692641,0.01100689247172437,0.712511413712359
1.034795904,-0.11218639300000001,1.040859428409777,6.175193059591916,-2.014088256,0.7015741901394372,0.0110067603442428,0.7125114082994862
1.032952345,-0.129118744,1.0409909687855783,6.158830597760294,-2.013954666,0.7015741708280822,0.011006784712437094,0.7125114269379709
1.030831722,-0.14602079999999998,1.0411225255051038,6.142468136218898,-2.013821059,0.7015741553945782,0.011006882404302734,0.7125114406254277
1.0284345320000001,-0.16288802800000002,1.0412540978434552,6.126105674273625,-2.013687435,0.7015742667345886,0.011006879506456867,0.7125113310392717
1.0257613490000002,-0.17971590199999998,1.0413856876940328,6.109743212768927,-2.0135537930000003,0.7015742401329682,0.011006920846586285,0.712511356593932
1.022812818,-0.196499907,1.0415172941992417,6.093380750600027,-2.013420136,0.7015742848955039,0.011006725195772043,0.7125113155409022
1.019589659,-0.213235536,1.041648917127524,6.077018289275821,-2.013286461,0.7015743033196017,0.01100685977297572,0.7125112953206801
1.016092666,-0.229918297,1.041780557120533,6.060655827365062,-2.013152769,0.7015743980595783,0.011006791846076908,0.7125112030842728
1.012322706,-0.246543708,1.0419122136905545,6.044293366177141,-2.01301906,0.7015744780977943,0.011006731369262142,0.7125111252088437
1.008280718,-0.263107304,1.0420438856923178,6.027930904092728,-2.012885335,0.7015745680627484,0.011006850697745842,0.7125110347814169
1.003967718,-0.27960463399999996,1.0421755754863964,6.01156844174854,-2.012751593,0.7015746277339425,0.011006824588578146,0.7125109764294557
1.046902725,0.023986063999999998,1.047177466754627,0.0,-2.022413013,0.7015752754071555,0.01092934896017348,0.7125115313233049
1.047286443,0.006854572,1.0473088746157435,0.0,-2.022279557,0.7015751627186422,0.010929469755394036,0.7125116404292468
1.047389822,-0.010283056,1.0474402992390024,6.2733678300456805,-2.022146084,0.7015750506372581,0.0109295150509519,0.7125117500954492
1.0472127629999999,-0.027422231000000002,1.0475717396642157,6.2570053686651175,-2.022012594,0.7015750373087621,0.010929474687533046,0.7125117638385091
1.046755245,-0.044558365999999995,1.0477031979122713,6.240642906210672,-2.021879087,0.7015749560441944,0.010929457739785728,0.7125118441156618
1.0460173179999999,-0.061686869000000005,1.0478346717698055,6.224280445135738,-2.021745564,0.7015748613856777,0.010929447448732057,0.7125119374790381
1.04499911,-0.078803154,1.0479661621355623,6.2079179830982785,-2.0216120230000003,0.7015748347542244,0.010929552631862889,0.7125119620882515
1.043700823,-0.095902633,1.048097668610712,6.1915555216369285,-2.021478466,0.7015748312579448,0.01092945792118057,0.7125119669836678
1.042122735,-0.112980724,1.0482291919229516,6.175193059845605,-2.021344893,0.7015748384524662,0.010929476565404819,0.7125119596135928
1.040265199,-0.130032848,1.0483607326724427,6.158830598358792,-2.0212113019999998,0.7015747647720256,0.010929608547146568,0.7125120301384973
1.03812864,-0.147054433,1.0484922886951535,6.142468136327535,-2.021077695,0.701574804737595,0.010929523336341278,0.7125119920934984
1.035713562,-0.164040913,1.0486238618535253,6.126105674362488,-2.0209440709999997,0.7015747661426014,0.010929389709491501,0.7125120321457963
1.033020541,-0.18098773,1.0487554512556707,6.1097432129823535,-2.02081043,0.7015747877734256,0.010929382695038485,0.7125120109546074
1.030050229,-0.197890337,1.0488870576668041,6.093380751480528,-2.020676772,0.7015748322236933,0.010929419457482985,0.7125119666227501
1.0268033509999999,-0.214744197,1.0490186803722819,6.077018289573816,-2.020543098,0.7015749480169791,0.010929467083940474,0.7125118518763277
1.023280707,-0.23154478399999998,1.049150319218379,6.060655827944615,-2.020409407,0.7015749554834717,0.01092950398020845,0.7125118439584788
1.0194831709999999,-0.248287587,1.049281974404639,6.044293365522116,-2.020275699,0.7015750366388809,0.010929419222661246,0.7125117653489018
1.015411692,-0.264968107,1.0494136467463469,6.027930903689575,-2.020141975,0.701575056376939,0.010929428054400895,0.7125117457783406
1.01106729,-0.281581862,1.049545334854732,6.011568441883382,-2.020008233,0.701575186351946,0.010929449934216356,0.7125116174627384
1.05427055,0.024154871,1.054547225301138,0.0,-2.029669654,0.7015758584060836,0.01085319982464033,0.7125121212690584
1.054656045,0.006902806,1.0546786344596706,0.0,-2.029536197,0.701575745238053,0.010853243697428287,0.7125122320317837
1.0547592270000001,-0.010355406999999999,1.0548100593925778,6.273367830320188,-2.029402723,0.7015756825560411,0.010853114128095812,0.7125122957253075
1.054579999,-0.027615149,1.054941501100953,6.257005368534464,-2.029269232,0.7015755711209568,0.010853198631441852,0.7125124041627414
1.054118339,-0.044871798,1.0550729599756936,6.240642906977264,-2.029135725,0.7015755383176489,0.010853264463238609,0.7125124354597555
1.053374298,-0.062120733,1.0552044338209776,6.2242804449583256,-2.029002201,0.7015754441414732,0.0108531901131485,0.7125125293228619
1.052348007,-0.079357333,1.0553359247830736,6.2079179828272375,-2.02886866,0.7015754632314676,0.010853249772951011,0.7125125096171416
1.05103967,-0.09657697900000001,1.0554674323665678,6.19155552098182,-2.0287351030000003,0.7015754130082054,0.010853216054905907,0.7125125595830796
1.0494495670000001,-0.113775056,1.0555989565380834,6.1751930592560464,-2.028601529,0.7015753725026117,0.010853169196008303,0.7125126001806737
1.047578052,-0.130946953,1.0557304956910636,6.1588305978915505,-2.028467938,0.7015754020346009,0.010853194428154854,0.7125125707176632
1.0454255590000001,-0.148088066,1.055862052875319,6.142468136567487,-2.028334331,0.7015753403177867,0.010853163777590713,0.7125126319539876
1.042992592,-0.165193798,1.0559936258635956,6.126105674450111,-2.028200707,0.7015753964830186,0.010853167983118275,0.7125125765868456
1.040279733,-0.18225955800000002,1.0561252148173088,6.1097432131928,-2.028067067,0.7015754104309555,0.010853333088423364,0.7125125603380674
1.037287639,-0.199280768,1.0562568203409928,6.093380751240386,-2.027933409,0.7015754629769835,0.010853110708540035,0.7125125119859859
1.034017042,-0.21625285800000002,1.0563884426382173,6.077018289673871,-2.027799736,0.7015754822581703,0.010853134962552118,0.7125124926313223
1.030468747,-0.23317127199999998,1.0565200805615802,6.060655827384026,-2.027666045,0.701575528694367,0.010853195656030214,0.7125124459834167
1.026643637,-0.250031465,1.0566517358536984,6.0442933660196765,-2.0275323380000003,0.7015755695577118,0.010853260999805556,0.7125124047519751
1.022542665,-0.266828909,1.0567834065802852,6.027930903968728,-2.027398614,0.7015757463806431,0.010853207204113619,0.7125122314626102
1.018166862,-0.28355909,1.0569150942230672,6.011568442016343,-2.027264874,0.7015758189204141,0.010853097886394885,0.7125121617014117
1.061638375,0.024323678999999997,1.0619169838705547,0.0,-2.036926296,0.7015764279958503,0.010777899561423472,0.7125127034387719
1.062025647,0.006951041,1.0620483943101426,0.0,-2.0367928369999997,0.7015763175425158,0.010777969967243346,0.7125128111317496
1.062128633,-0.010427758,1.0621798205461046,6.2733678306001295,-2.036659362,0.7015762535198685,0.010777975605727663,0.7125128740864038
1.061947235,-0.027808067000000002,1.0623112625376905,6.257005368405623,-2.036525871,0.7015761910445756,0.01077797807256702,0.71251293556542
1.061481433,-0.045185231,1.0624427220816455,6.240642906792846,-2.036392363,0.7015761092483221,0.01077803171150004,0.7125130152947468
1.060731279,-0.062554597,1.0625741968704154,6.2242804448387785,-2.036258838,0.7015761129969825,0.010777885198083672,0.7125130138198893
1.059696905,-0.07991151099999999,1.0627056883525572,6.207917983569045,-2.036125297,0.7015759859940395,0.010777895873190526,0.7125131387118683
1.058378517,-0.097251324,1.062837196030922,6.191555521272727,-2.035991739,0.7015759853176455,0.0107779187318898,0.7125131390321049
1.056776398,-0.114569387,1.062968720051258,6.175193059508548,-2.035858165,0.7015759435636026,0.010777919164893943,0.7125131801386663
1.054890906,-0.131861058,1.0631002597019625,6.1588305975474595,-2.035724574,0.7015759688236147,0.01077795069177352,0.712513154789504
1.052722477,-0.14912170000000002,1.063231816205622,6.14246813574097,-2.035590967,0.7015759597919307,0.010777853111381233,0.7125131651586101
1.050271621,-0.166346683,1.0633633888859773,6.126105674389406,-2.035457343,0.7015759679168496,0.010778031153763391,0.712513154465224
1.047538925,-0.183531387,1.0634949785515206,6.109743212474143,-2.035323703,0.7015760371892132,0.010778036523464209,0.712513086174969
1.044525049,-0.200671199,1.0636265830151812,6.093380751003573,-2.035190046,0.7015760416796611,0.010777958506901178,0.7125130829335851
1.041230733,-0.21776152,1.0637582051088619,6.0770182888523845,-2.035056373,0.7015761016872542,0.010777979010779388,0.7125130235369448
1.037656788,-0.234797759,1.0638898426594265,6.060655827955418,-2.034922683,0.7015761576376633,0.010777861963095004,0.7125129702158952
1.033804102,-0.251775344,1.064021496567783,6.044293365374816,-2.034788977,0.7015762265009546,0.01077796190339589,0.7125129008978643
1.029673639,-0.268689711,1.064153167381823,6.027930904481284,-2.034655254,0.7015762583645087,0.010778041732340347,0.7125128683158446
1.025266434,-0.285536318,1.0642848535914027,6.011568442147462,-2.034521514,0.7015763883825733,0.01077805864795411,0.71251274003757
1.0690062009999999,0.024492487,1.0692867434397086,0.0,-2.044182937,0.7015769879658494,0.010703842920049545,0.7125132684403211
1.069395249,0.006999275,1.0694181541540697,0.0,-2.0440494769999997,0.7015768752002498,0.010703834407164896,0.7125133796029637
1.0694980379999999,-0.01050011,1.0695495807094972,6.273367829932106,-2.043916001,0.7015768119845847,0.01070377382826704,0.7125134427583669
1.069314471,-0.028000985,1.0696810239744277,6.257005368278557,-2.043782509,0.7015767010390432,0.010703793817783842,0.7125135517006531
1.068844527,-0.045498664,1.0698124841875976,6.240642906610969,-2.0436490000000003,0.701576620675413,0.010703832594388249,0.7125136302481933
1.06808826,-0.062988461,1.0699439599198528,6.224280444720878,-2.043515475,0.7015765738031144,0.010703819324144707,0.7125136766003578
1.067045802,-0.08046569,1.0700754510000683,6.207917983298495,-2.043381934,0.7015765460815492,0.010703688167016116,0.7125137058667063
1.0657173629999999,-0.097925669,1.070206958699471,6.191555521474129,-2.0432483759999998,0.7015764906113321,0.01070386938026625,0.7125137577631591
1.064103229,-0.115363718,1.0703384835644332,6.175193059757571,-2.043114802,0.7015765467325566,0.010703804936244617,0.7125137034715244
1.06220376,-0.132775162,1.0704700235888271,6.1588305981350615,-2.042981211,0.7015764791811396,0.010703718234019628,0.7125137712885014
1.060019396,-0.150155333,1.0706015803857873,6.142468135981656,-2.042847604,0.7015765198383038,0.010703690231941131,0.7125137316760938
1.057550651,-0.16749956800000002,1.0707331528960473,6.126105674475637,-2.04271398,0.7015765260097087,0.010703815123884184,0.7125137237232293
1.054798116,-0.184803215,1.0708647411281622,6.109743212524038,-2.04258034,0.7015765000484382,0.010703772839114412,0.7125137499212154
1.05176246,-0.20206163,1.0709963466714105,6.093380750946178,-2.042446683,0.7015765443998222,0.010703822904858,0.7125137054985157
1.0484444240000002,-0.219270181,1.0711279673747973,6.077018288956027,-2.042313011,0.7015765648073707,0.010703716849995874,0.7125136869974388
1.044844829,-0.236424247,1.0712596049779701,6.0606558276084845,-2.042179321,0.7015766588079457,0.010703764795043686,0.7125135937195104
1.040964568,-0.253519222,1.071391258016842,6.044293365866546,-2.042045616,0.7015767490348522,0.010703795318380975,0.7125135044190181
1.036804612,-0.27055051399999996,1.071522927468253,6.027930903848138,-2.041911893,0.7015768278953357,0.010703712075093305,0.7125134280195231
1.032366006,-0.287513546,1.0716546129597382,6.011568442276778,-2.041778155,0.7015768987715294,0.01070382282032375,0.7125133565675482
1.0763740259999999,0.024661294,1.0766565019862198,0.0,-2.051439578,0.7015774860192107,0.01063059998908234,0.7125138745700581
1.0767648509999999,0.00704751,1.0767879140045415,0.0,-2.0513061169999998,0.7015774733695951,0.010630614862072067,0.7125138868036114
1.0768674440000001,-0.010572461000000002,1.0769193418630245,6.273367830210871,-2.051172641,0.7015773117003844,0.010630585268383858,0.7125140464328498
1.076681707,-0.028193903,1.077050785411165,6.257005368153231,-2.051039148,0.7015772977571324,0.01063062724287845,0.7125140595358262
1.076207621,-0.045812097,1.0771822462935494,6.24064290643158,-2.050905638,0.7015772161856235,0.010630651320638252,0.7125141394960032
1.07544524,-0.063422325,1.0773137219710252,6.224280444549945,-2.0507721130000003,0.7015771703856899,0.010630564579729428,0.7125141858870777
1.0743947,-0.08101986900000001,1.077445214644748,6.207917983101438,-2.050638571,0.7015771436078702,0.010630689778330035,0.7125142103859112
1.07305621,-0.098600014,1.0775767223638253,6.1915555217576905,-2.050505012,0.70157714050284,0.010630531464560663,0.7125142158052985
1.07143006,-0.116158049,1.0777082470776076,6.175193060003188,-2.050371438,0.7015770500032743,0.010630605139086221,0.7125143038164777
1.069516614,-0.133689267,1.077839787599726,6.158830597794011,-2.050237847,0.7015770795697956,0.010630626150897661,0.7125142743903146
1.0673163140000002,-0.151188966,1.0779713435758373,6.142468136088944,-2.05010424,0.7015770649023281,0.010630716075294588,0.7125142874909673
1.06482968,-0.168652453,1.0781029159184292,6.126105674415587,-2.049970616,0.7015770758885579,0.010630512717608117,0.7125142797074467
1.062057308,-0.186075043,1.0782345046898,6.109743212733303,-2.049836977,0.7015770965122383,0.010630640678016945,0.7125142574911973
1.05899987,-0.20345206100000002,1.0783661093455992,6.093380750714612,-2.049703321,0.7015771399072754,0.010630619933874793,0.7125142150717758
1.055658115,-0.220778842,1.0784977296407323,6.077018289058252,-2.0495696480000003,0.7015772085547147,0.010630608075819496,0.7125141476549872
1.052032869,-0.238050735,1.0786293663211712,6.060655827061684,-2.049435959,0.701577217405641,0.010630461518535948,0.7125141411265189
1.0481250340000001,-0.255263101,1.0787610197025277,6.044293365450892,-2.049302254,0.7015773331377549,0.01063062051161269,0.7125140247987078
1.043935586,-0.272411316,1.0788926882697905,6.027930904354515,-2.049168533,0.701577424250741,0.010630594323502676,0.7125139354749666
1.039465578,-0.289490774,1.0790243723280735,6.011568442404328,-2.049034795,0.701577496435793,0.010630529980128011,0.7125138653578795
1.0837418509999999,0.024830102000000003,1.0840262605556363,0.0,-2.058696219,0.7015781197522388,0.010558450937453076,0.7125143233638987
1.0841344529999999,0.007095745,1.0841576738550136,0.0,-2.0585627580000003,0.7015779594093617,0.01055848789564839,0.712514480698009
1.084236849,-0.010644812,1.0842891020166,6.2733678304767935,-2.05842928,0.7015779455355446,0.010558391978177014,0.7125144957802331
1.084048943,-0.028386821,1.0844205468479022,6.257005368029608,-2.058295786,0.7015778350277312,0.010558351985010483,0.7125146051844568
1.083570715,-0.04612553,1.0845520083995015,6.240642906254629,-2.058162276,0.7015777528305848,0.010558460591867984,0.7125146845105136
1.082802221,-0.063856188,1.0846834849615918,6.224280445355938,-2.05802875,0.7015777089728358,0.010558505128740112,0.7125147270350789
1.081743597,-0.081574048,1.084814977292259,6.20791798283774,-2.057895208,0.7015776299382674,0.01055838549302611,0.7125148066292966
1.080395057,-0.09927436,1.084946486119681,6.191555521119562,-2.057761649,0.7015775788082312,0.010558481977453146,0.7125148555447189
1.078756891,-0.116952381,1.0850780106985651,6.175193059329245,-2.057628074,0.7015776350959247,0.010558500471198216,0.7125147998469991
1.076829467,-0.134603371,1.0852095504943124,6.158830598257662,-2.057494483,0.7015776121345167,0.010558415021701259,0.7125148237221869
1.0746132320000001,-0.15222259900000001,1.0853411067658871,6.142468136194774,-2.0573608759999997,0.7015775960782825,0.01055844656186107,0.7125148390645761
1.07210871,-0.169805338,1.0854726799284993,6.1261056745004705,-2.057227253,0.7015776099479851,0.010558503729302598,0.7125148245606339
1.0693164990000001,-0.18734687100000003,1.0856042672664417,6.109743212780761,-2.057093613,0.7015776813512903,0.01055838833134024,0.7125147559634061
1.06623728,-0.20484249100000002,1.0857358718311205,6.093380751390683,-2.056959958,0.7015776774402462,0.010558309688490712,0.712514760979779
1.062871806,-0.222287503,1.0858674919066675,6.07701828915909,-2.0568262859999997,0.7015777361863952,0.010558394601876851,0.7125147018770939
1.05922091,-0.239677222,1.0859991284190176,6.06065582762363,-2.056692598,0.7015778390098639,0.010558469574738223,0.7125145995209423
1.055285499,-0.25700697899999997,1.0861307801799862,6.04429336571757,-2.056558893,0.7015778330210835,0.01055847790101689,0.712514605294414
1.0510665590000001,-0.274272119,1.0862624483562207,6.027930903730821,-2.056425173,0.7015779026958895,0.010558369121204714,0.7125145383010351
1.046565151,-0.291468002,1.0863941326597475,6.011568442777102,-2.056291436,0.7015779367701632,0.010558401802763061,0.7125145042654867
1.091109677,0.024998909,1.091396020101885,0.0,-2.06595286,0.7015785987127459,0.010487180208518724,0.712514904320979
1.091504055,0.007143979,1.0915274336989407,0.0,-2.065819398,0.7015784854557106,0.010487240855729643,0.7125150149469871
1.091606255,-0.010717164,1.0916588631799442,6.273367829832124,-2.065685919,0.701578373939267,0.010487173397632358,0.7125151257446132
1.091416179,-0.028579737999999997,1.0917903082584628,6.2570053688232665,-2.065552425,0.7015783121740753,0.010487152881137232,0.7125151868637069
1.090933809,-0.046438962,1.0919217704629238,6.240642906995054,-2.065418914,0.7015783269523587,0.010487247376494117,0.7125151709214294
1.0901592009999999,-0.064290052,1.092053247012764,6.224280445183026,-2.065285388,0.7015782323779233,0.01048722104220801,0.7125152644317737
1.089092494,-0.082128226,1.0921847398645739,6.2079179834906055,-2.065151845,0.7015782026217868,0.010487357695210678,0.7125152917198027
1.087733903,-0.099948705,1.09231624878823,6.1915555213179205,-2.065018286,0.7015781503969712,0.010487213978729254,0.7125153452582824
1.0860837220000001,-0.11774671199999999,1.09244777421174,6.175193059574438,-2.064884711,0.7015781119637642,0.010487266272245641,0.712515382331845
1.0841423209999999,-0.135517476,1.0925793145052112,6.158830597920386,-2.06475112,0.701578094224273,0.010487187057791574,0.7125154009649558
1.081910151,-0.153256232,1.0927108709460525,6.142468136427531,-2.064617513,0.7015781295590199,0.010487166232004665,0.7125153664791303
1.079387739,-0.17095822300000002,1.0928424429508812,6.126105674441063,-2.06448389,0.7015781385864811,0.010487072480809592,0.7125153589701143
1.076575691,-0.18861869899999997,1.0929740308280798,6.109743212985473,-2.06435025,0.7015781591778341,0.010487206930597327,0.7125153367159451
1.07347469,-0.20623292199999999,1.0931056345053092,6.093380751159242,-2.064216595,0.7015782028036817,0.010487154046735465,0.7125152945381288
1.070085497,-0.223796164,1.0932372541726028,6.077018289258568,-2.064082923,0.7015782217015721,0.010487232225185847,0.7125152747796464
1.06640895,-0.24130371,1.0933688897622187,6.060655827084098,-2.063949236,0.7015782778394605,0.010487328994156126,0.7125152180791545
1.062445965,-0.258750857,1.0935005416290455,6.044293366197047,-2.063815532,0.7015783950385119,0.010487289612735668,0.7125151032587058
1.058197532,-0.27613292100000003,1.093632208190159,6.02793090400029,-2.063681812,0.701578437412909,0.010487216090490931,0.712515062616877
1.053664723,-0.29344523100000003,1.0937638922963722,6.011568442018805,-2.063548077,0.7015785457111247,0.010487246241222664,0.7125149555371729
1.098477502,0.025167717000000003,1.0987657786713017,0.0,-2.073209501,0.7015790635816086,0.010416956961742673,0.7125154767102327
1.098873657,0.007192214000000001,1.0988971935494127,0.0,-2.073076038,0.7015790013291158,0.01041704046079694,0.7125155367864471
1.09897566,-0.010789515,1.0990286233335194,6.27336783009702,-2.072942559,0.7015789378088246,0.010416911179805892,0.7125156012218354
1.098783415,-0.028772656,1.0991600696951997,6.257005368696809,-2.0728090630000002,0.7015788751460444,0.01041700764061994,0.7125156615125217
1.098296902,-0.046752395,1.0992915315697804,6.24064290677801,-2.0726755519999998,0.7015787939041782,0.010416986824900738,0.71251574181168
1.0975161820000001,-0.06472391599999999,1.0994230100622018,6.224280445065979,-2.072542025,0.7015787488803713,0.010416901022894812,0.7125157873988
1.096441392,-0.082682405,1.0995545035092538,6.207917983296223,-2.0724084819999997,0.7015787216538332,0.01041698296428388,0.7125158130094341
1.09507275,-0.10062305,1.099686012452584,6.191555521596827,-2.072274923,0.7015787173020057,0.010416990719837522,0.7125158171810752
1.093410552,-0.11854104300000001,1.09981753673074,6.175193059718345,-2.072141347,0.701578671959556,0.01041698858248812,0.7125158618587645
1.091455174,-0.136431581,1.0999490775238323,6.158830597474865,-2.072007756,0.7015787014954095,0.010416907027537042,0.7125158339686175
1.089207069,-0.154289865,1.1000806341361022,6.142468136529675,-2.071874149,0.7015786436472987,0.01041691311540888,0.7125158908397501
1.086666768,-0.172111108,1.1002122059732629,6.126105674382452,-2.071740526,0.7015786519465261,0.010416903683050677,0.7125158828058173
1.083834882,-0.189890527,1.100343793404721,6.1097432130306055,-2.0716068869999997,0.7015787150164009,0.01041688278547559,0.7125158210095897
1.0807121000000002,-0.207623353,1.1004753971794976,6.093380750930901,-2.0714732319999998,0.70157877572956,0.0104168723136608,0.7125157613814679
1.077299188,-0.225304825,1.1006070164385378,6.077018289356714,-2.071339561,0.701578787114422,0.010416828182382407,0.7125157508165522
1.0735969909999998,-0.242930197,1.1007386518600646,6.06065582763837,-2.071205874,0.7015788312076174,0.010416965995297336,0.7125157053853665
1.06960643,-0.260494736,1.10087030234313,6.044293365572584,-2.071072171,0.7015788260560758,0.01041686125990483,0.7125157119890554
1.065328506,-0.277993724,1.1010019692441881,6.027930903616646,-2.070938452,0.7015789428738827,0.010417015911231774,0.7125155947033512
1.060764295,-0.29542245899999997,1.1011336516647077,6.011568442145521,-2.0708047169999997,0.7015790249874416,0.0104168740827132,0.7125155159236995
1.105845327,0.025336525,1.1061355372407182,0.0,-2.0804661419999997,0.7015796191343281,0.010347576129364367,0.7125159406522621
1.106243259,0.007240449,1.1062669533998848,0.0,-2.080332678,0.7015795062632519,0.010347585639387254,0.7125160516527659
1.106345066,-0.010861866000000001,1.1063983844870466,6.27336783036726,-2.0801991980000003,0.701579442650212,0.01034768021568608,0.7125161129158919
1.1061506509999999,-0.028965573999999997,1.106529831131937,6.2570053685720355,-2.0800657019999997,0.7015793309714278,0.010347697149797327,0.7125162226345305
1.105659996,-0.047065828,1.1066612936757323,6.240642906602287,-2.07993219,0.7015793009479863,0.010347567751028113,0.7125162540763355
1.104873162,-0.06515778,1.106792772113374,6.224280444897301,-2.079798662,0.7015792528837701,0.010347605604606864,0.7125163008530417
1.103790289,-0.083236584,1.1069242661567649,6.207917983036496,-2.079665119,0.7015792238678783,0.010347641878372687,0.7125163288967503
1.102411596,-0.101297395,1.1070557751211334,6.191555521789368,-2.079531559,0.7015792227045927,0.010347613215813041,0.7125163304584361
1.100737383,-0.11933537400000001,1.1071873002439148,6.175193059957683,-2.079397984,0.7015791325150119,0.0103476462528262,0.7125164187838127
1.098768028,-0.137345685,1.107318841410697,6.158830598043397,-2.0792643930000003,0.7015791628122775,0.010347568061807214,0.7125163900871545
1.096503987,-0.155323499,1.1074503974664054,6.14246813573641,-2.079130786,0.7015791968201954,0.010347715829526186,0.7125163544552792
1.093945797,-0.173263993,1.1075819689956445,6.126105674324621,-2.078997163,0.7015792055781105,0.010347643565344893,0.7125163468812711
1.0910940740000001,-0.191162356,1.1077135571389332,6.109743212341715,-2.078863524,0.7015791299108093,0.010347685862634067,0.7125164207727989
1.08794951,-0.20901378399999998,1.1078451598536858,6.093380750705599,-2.078729869,0.7015792221352832,0.01034769922224975,0.7125163297699616
1.084512879,-0.226813486,1.1079767787044732,6.077018289453555,-2.078596199,0.7015792916257826,0.01034757220685142,0.7125162631907354
1.080785031,-0.244556685,1.1081084132032661,6.060655827105916,-2.0784625119999998,0.701579299060241,0.010347617825853049,0.7125162552078872
1.0767668959999999,-0.262238614,1.1082400637921892,6.044293366046648,-2.07832881,0.7015793799812223,0.010347561214196964,0.7125161763511635
1.0724594790000002,-0.279854526,1.1083717290781268,6.0279309038832904,-2.078195092,0.7015795066195447,0.010347654745957086,0.7125160502983315
1.067863867,-0.29739968699999997,1.1085034110330432,6.011568442270551,-2.0780613580000002,0.7015795778298293,0.010347722765441988,0.7125159791932306
