position_r,vector_r,vector_phi,vector_z
0.9,0.7015603780766144,0.01273136352085805,0.7124962794961265
0.9001901901901902,0.7015604020993726,0.01272867410240816,0.7124963038933506
0.9003803803803804,0.7015604261069115,0.012725985819890241,0.7124963282751184
0.9005705705705705,0.7015604500992444,0.012723298672537284,0.7124963526414431
0.9007607607607608,0.7015604740763838,0.012720612659675272,0.7124963769923371
0.900950950950951,0.7015604980383423,0.012717927780570914,0.7124964013278141
0.9011411411411412,0.7015605219851333,0.012715244034494547,0.7124964256478868
0.9013313313313314,0.7015605459167691,0.012712561420761277,0.7124964499525682
0.9015215215215215,0.7015605698332628,0.012709879938601471,0.7124964742418717
0.9017117117117117,0.7015605937346269,0.012707199587357203,0.7124964985158094
0.9019019019019019,0.7015606176208746,0.012704520366257912,0.7124965227743952
0.9020920920920921,0.7015606414920182,0.012701842274645263,0.7124965470176413
0.9022822822822824,0.7015606653480705,0.012699165311763993,0.7124965712455612
0.9024724724724725,0.7015606891890442,0.012696489476932296,0.7124965954581672
0.9026626626626627,0.7015607130149523,0.01269381476940793,0.7124966196554728
0.9028528528528529,0.7015607368258071,0.012691141188498768,0.7124966438374907
0.9030430430430431,0.7015607606216218,0.012688468733458745,0.7124966680042336
0.9032332332332332,0.7015607844024084,0.012685797403628987,0.7124966921557145
0.9034234234234234,0.7015608081681801,0.012683127198259314,0.7124967162919462
0.9036136136136136,0.7015608319189492,0.012680458116664354,0.7124967404129416
0.9038038038038039,0.7015608556547287,0.012677790158119108,0.7124967645187136
0.903993993993994,0.7015608793755306,0.012675123321934085,0.7124967886092747
0.9041841841841842,0.7015609030813679,0.012672457607378635,0.7124968126846379
0.9043743743743744,0.7015609267722532,0.012669793013744416,0.7124968367448161
0.9045645645645646,0.701560950448199,0.01266712954035095,0.7124968607898218
0.9047547547547548,0.701560974109218,0.01266446718645517,0.712496884819668
0.9049449449449449,0.7015609977553227,0.012661805951379881,0.7124969088343673
0.9051351351351351,0.7015610213865253,0.012659145834409453,0.7124969328339326
0.9053253253253254,0.7015610450028388,0.012656486834847703,0.7124969568183761
0.9055155155155156,0.7015610686042753,0.012653828951983475,0.7124969807877111
0.9057057057057057,0.7015610921908474,0.012651172185123684,0.71249700474195
0.9058958958958959,0.7015611157625679,0.012648516533546098,0.7124970286811055
0.9060860860860861,0.7015611393194486,0.012645861996560814,0.7124970526051906
0.9062762762762763,0.7015611628615027,0.012643208573468312,0.7124970765142172
0.9064664664664664,0.7015611863887422,0.012640556263570933,0.7124971004081985
0.9066566566566567,0.7015612099011795,0.012637905066136436,0.7124971242871474
0.9068468468468469,0.7015612333988274,0.012635254980513533,0.7124971481510756
0.9070370370370371,0.7015612568816978,0.01263260600597556,0.7124971719999963
0.9072272272272273,0.7015612803498035,0.012629958141823435,0.712497195833922
0.9074174174174174,0.7015613038031565,0.012627311387381811,0.7124972196528653
0.9076076076076076,0.7015613272417695,0.012624665741915207,0.7124972434568387
0.9077977977977978,0.7015613506656548,0.012622021204743086,0.7124972672458548
0.907987987987988,0.7015613740748246,0.012619377775189898,0.712497291019926
0.9081781781781783,0.7015613974692911,0.012616735452530656,0.7124973147790649
0.9083683683683684,0.7015614208490669,0.012614094236104339,0.7124973385232838
0.9085585585585586,0.7015614442141643,0.012611454125173109,0.7124973622525955
0.9087487487487488,0.7015614675645954,0.01260881511908496,0.7124973859670123
0.908938938938939,0.7015614909003725,0.012606177217110512,0.7124974096665468
0.9091291291291291,0.7015615142215079,0.0126035404185703,0.7124974333512113
0.9093193193193193,0.7015615375280139,0.012600904722775136,0.7124974570210185
0.9095095095095095,0.7015615608199025,0.012598270129048185,0.7124974806759804
0.9096996996996998,0.7015615840971862,0.012595636636679902,0.7124975043161097
0.90988988988989,0.7015616073598772,0.01259300424498001,0.7124975279414186
0.9100800800800801,0.7015616306079874,0.012590372953264631,0.7124975515519198
0.9102702702702703,0.7015616538415294,0.012587742760836178,0.7124975751476255
0.9104604604604605,0.7015616770605151,0.012585113667008914,0.712497598728548
0.9106506506506507,0.7015617002649566,0.012582485671114257,0.7124976222946996
0.9108408408408408,0.7015617234548661,0.012579858772435698,0.7124976458460929
0.911031031031031,0.7015617466302558,0.012577232970303344,0.7124976693827398
0.9112212212212213,0.7015617697911379,0.012574608264030432,0.712497692904653
0.9114114114114115,0.7015617929375243,0.01257198465292186,0.7124977164118447
0.9116016016016016,0.7015618160694275,0.012569362136299958,0.7124977399043271
0.9117917917917918,0.7015618391868589,0.012566740713479383,0.7124977633821123
0.911981981981982,0.7015618622898312,0.012564120383776679,0.7124977868452129
0.9121721721721722,0.7015618853783562,0.012561501146488296,0.7124978102936411
0.9123623623623623,0.7015619084524458,0.01255888300096437,0.7124978337274089
0.9125525525525526,0.7015619315121122,0.012556265946498644,0.7124978571465288
0.9127427427427428,0.7015619545573674,0.012553649982433055,0.7124978805510127
0.912932932932933,0.7015619775882235,0.012551035108051152,0.7124979039408731
0.9131231231231232,0.7015620006046922,0.012548421322704905,0.7124979273161218
0.9133133133133133,0.7015620236067859,0.012545808625689905,0.7124979506767715
0.9135035035035035,0.7015620465945162,0.012543197016365604,0.7124979740228337
0.9136936936936937,0.7015620695678952,0.01254058649399318,0.7124979973543212
0.9138838838838839,0.7015620925269349,0.01253797705793773,0.7124980206712457
0.9140740740740741,0.7015621154716472,0.012535368707517395,0.7124980439736194
0.9142642642642643,0.7015621384020438,0.012532761442045808,0.7124980672614544
0.9144544544544545,0.7015621613181371,0.012530155260835507,0.7124980905347629
0.9146446446446447,0.7015621842199384,0.012527550163241322,0.7124981137935569
0.9148348348348349,0.70156220710746,0.012524946148564286,0.7124981370378483
0.915025025025025,0.7015622299807136,0.012522343216121381,0.7124981602676497
0.9152152152152152,0.7015622528397112,0.012519741365260765,0.7124981834829724
0.9154054054054054,0.7015622756844645,0.012517140595293757,0.7124982066838291
0.9155955955955957,0.7015622985149853,0.01251454090555611,0.7124982298702313
0.9157857857857858,0.7015623213312856,0.012511942295371498,0.7124982530421913
0.915975975975976,0.701562344133377,0.012509344764052265,0.7124982761997212
0.9161661661661662,0.7015623669212714,0.012506748310944301,0.7124982993428327
0.9163563563563564,0.7015623896949806,0.01250415293540381,0.7124983224715375
0.9165465465465465,0.7015624124545162,0.012501558636713875,0.7124983455858483
0.9167367367367367,0.7015624351998904,0.012498965414202586,0.7124983686857768
0.9169269269269269,0.7015624579311145,0.012496373267249406,0.7124983917713342
0.9171171171171172,0.7015624806482005,0.012493782195128108,0.7124984148425333
0.9173073073073074,0.7015625033511599,0.012491192197200322,0.7124984378993858
0.9174974974974975,0.7015625260400044,0.012488603272813191,0.7124984609419034
0.9176876876876877,0.7015625487147461,0.01248601542125031,0.7124984839700982
0.9178778778778779,0.7015625713753961,0.012483428641895528,0.7124985069839819
0.9180680680680681,0.7015625940219665,0.012480842934062595,0.7124985299835663
0.9182582582582582,0.7015626166544688,0.0124782582970934,0.7124985529688633
0.9184484484484485,0.7015626392729147,0.01247567473031172,0.7124985759398847
0.9186386386386387,0.701562661877316,0.012473092233036153,0.7124985988966428
0.9188288288288289,0.7015626844676839,0.01247051080465816,0.7124986218391486
0.9190190190190191,0.7015627070440303,0.01246793044445225,0.7124986447674145
0.9192092092092092,0.7015627296063668,0.01246535115179995,0.712498667681452
0.9193993993993994,0.7015627521547051,0.012462772926010494,0.7124986905812729
0.9195895895895896,0.7015627746890565,0.012460195766420492,0.7124987134668893
0.9197797797797798,0.7015627972094327,0.012457619672405105,0.7124987363383123
0.91996996996997,0.701562819715845,0.012455044643284638,0.7124987591955542
0.9201601601601602,0.7015628422083056,0.012452470678377615,0.7124987820386264
0.9203503503503504,0.7015628646868255,0.012449897777034575,0.7124988048675407
0.9205405405405406,0.7015628871514162,0.012447325938625036,0.7124988276823089
0.9207307307307308,0.7015629096020893,0.012444755162475733,0.7124988504829421
0.9209209209209209,0.7015629320388564,0.012442185447905612,0.712498873269453
0.9211111111111111,0.7015629544617291,0.012439616794265218,0.7124988960418528
0.9213013013013013,0.7015629768707184,0.01243704920092226,0.7124989188001528
0.9214914914914916,0.7015629992658364,0.012434482667197556,0.712498941544365
0.9216816816816817,0.7015630216470938,0.012431917192455316,0.7124989642745009
0.9218718718718719,0.7015630440145026,0.012429352776021155,0.712498986990572
0.9220620620620621,0.7015630663680742,0.012426789417213474,0.7124990096925905
0.9222522522522523,0.7015630887078196,0.012424227115449039,0.7124990323805673
0.9224424424424424,0.7015631110337506,0.012421665870031426,0.712499055054514
0.9226326326326326,0.7015631333458784,0.012419105680304349,0.7124990777144427
0.9228228228228228,0.7015631556442145,0.012416546545627507,0.7124991003603643
0.9230130130130131,0.7015631779287701,0.012413988465342956,0.712499122992291
0.9232032032032033,0.7015632001995565,0.012411431438797112,0.712499145610234
0.9233933933933934,0.7015632224565854,0.012408875465351455,0.7124991682142048
0.9235835835835836,0.7015632446998679,0.012406320544353675,0.7124991908042146
0.9237737737737738,0.7015632669294152,0.012403766675132212,0.7124992133802756
0.923963963963964,0.7015632891452388,0.012401213857049707,0.7124992359423987
0.9241541541541541,0.70156331134735,0.012398662089477097,0.7124992584905956
0.9243443443443444,0.7015633335357598,0.012396111371742855,0.7124992810248777
0.9245345345345346,0.7015633557104799,0.012393561703205875,0.7124993035452566
0.9247247247247248,0.7015633778715211,0.012391013083221044,0.7124993260517437
0.924914914914915,0.7015634000188951,0.012388465511131755,0.7124993485443502
0.9251051051051051,0.7015634221526128,0.01238591898629819,0.7124993710230877
0.9252952952952953,0.7015634442726856,0.012383373508093569,0.7124993934879674
0.9254854854854855,0.7015634663791247,0.012380829075838937,0.7124994159390009
0.9256756756756757,0.701563488471941,0.012378285688922245,0.7124994383761996
0.925865865865866,0.7015635105511464,0.012375743346670232,0.7124994607995747
0.9260560560560561,0.7015635326167512,0.012373202048475265,0.7124994832091374
0.9262462462462463,0.7015635546687673,0.01237066179363747,0.7124995056048997
0.9264364364364365,0.7015635767072054,0.012368122581570868,0.7124995279868723
0.9266266266266266,0.7015635987320767,0.012365584411616032,0.7124995503550667
0.9268168168168168,0.7015636207433925,0.012363047283131132,0.7124995727094942
0.927007007007007,0.701563642741164,0.012360511195445184,0.7124995950501662
0.9271971971971972,0.7015636647254021,0.012357976147959459,0.712499617377094
0.9273873873873875,0.7015636866961178,0.012355442140029536,0.7124996396902886
0.9275775775775776,0.7015637086533223,0.0123529091710051,0.7124996619897614
0.9277677677677678,0.7015637305970269,0.012350377240239123,0.7124996842755238
0.927957957957958,0.7015637525272427,0.01234784634709796,0.7124997065475868
0.9281481481481482,0.7015637744439802,0.012345316490954982,0.7124997288059619
0.9283383383383383,0.7015637963472509,0.012342787671166235,0.71249975105066
0.9285285285285285,0.7015638182370657,0.012340259887095214,0.7124997732816926
0.9287187187187187,0.7015638401134355,0.012337733138112247,0.7124997954990706
0.928908908908909,0.7015638619763715,0.012335207423568884,0.7124998177028053
0.9290990990990992,0.7015638838258845,0.01233268274285038,0.712499839892908
0.9292892892892893,0.7015639056619861,0.012330159095280731,0.7124998620693899
0.9294794794794795,0.7015639274846862,0.01232763648028226,0.7124998842322617
0.9296696696696697,0.7015639492939968,0.01232511489716908,0.7124999063815352
0.9298598598598599,0.7015639710899282,0.012322594345344806,0.7124999285172209
0.93005005005005,0.7015639928724916,0.012320074824167061,0.7124999506393301
0.9302402402402403,0.7015640146416978,0.012317556332995793,0.7124999727478741
0.9304304304304305,0.701564036397558,0.012315038871206623,0.7124999948428637
0.9306206206206207,0.7015640581400827,0.01231252243815441,0.7125000169243104
0.9308108108108109,0.701564079869283,0.012310007033234201,0.712500038992225
0.931001001001001,0.7015641015851698,0.012307492655809257,0.7125000610466183
0.9311911911911912,0.701564123287754,0.01230497930523646,0.7125000830875017
0.9313813813813814,0.7015641449770466,0.01230246698087812,0.7125001051148863
0.9315715715715716,0.7015641666530581,0.012299955682139067,0.7125001271287826
0.9317617617617618,0.7015641883157994,0.012297445408377492,0.7125001491292022
0.931951951951952,0.7015642099652815,0.012294936158963205,0.7125001711161558
0.9321421421421422,0.7015642316015152,0.012292427933266103,0.7125001930896543
0.9323323323323324,0.7015642532245113,0.012289920730646947,0.7125002150497091
0.9325225225225225,0.7015642748342804,0.012287414550530264,0.7125002369963307
0.9327127127127127,0.7015642964308336,0.012284909392215472,0.7125002589295305
0.9329029029029029,0.7015643180141816,0.012282405255142447,0.7125002808493187
0.9330930930930932,0.701564339584335,0.012279902138661458,0.7125003027557071
0.9332832832832834,0.7015643611413046,0.012277400042141489,0.7125003246487062
0.9334734734734735,0.7015643826851011,0.012274898964981162,0.7125003465283267
0.9336636636636637,0.7015644042157355,0.012272398906542682,0.7125003683945798
0.9338538538538539,0.7015644257332182,0.012269899866207955,0.7125003902474765
0.9340440440440441,0.7015644472375601,0.012267401843353008,0.7125004120870272
0.9342342342342342,0.7015644687287719,0.012264904837350418,0.7125004339132432
0.9344244244244244,0.7015644902068641,0.012262408847570693,0.7125004557261355
0.9346146146146146,0.7015645116718473,0.012259913873447402,0.7125004775257143
0.9348048048048049,0.7015645331237327,0.012257419914291797,0.712500499311991
0.934994994994995,0.7015645545625305,0.012254926969536607,0.712500521084976
0.9351851851851852,0.7015645759882515,0.012252435038512843,0.7125005428446806
0.9353753753753754,0.7015645974009063,0.012249944120655292,0.712500564591115
0.9355655655655656,0.7015646188005055,0.012247454215326716,0.7125005863242905
0.9357557557557558,0.7015646401870597,0.012244965321889114,0.7125006080442176
0.9359459459459459,0.7015646615605794,0.012242477439747835,0.7125006297509073
0.9361361361361362,0.7015646829210754,0.012239990568279919,0.71250065144437
0.9363263263263264,0.7015647042685581,0.012237504706878862,0.7125006731246167
0.9365165165165166,0.7015647256030383,0.012235019854910859,0.7125006947916581
0.9367067067067067,0.7015647469245264,0.012232536011781403,0.712500716445505
0.9368968968968969,0.7015647682330333,0.012230053176854917,0.7125007380861679
0.9370870870870871,0.7015647895285687,0.012227571349530456,0.7125007597136576
0.9372772772772773,0.7015648108111437,0.012225090529195676,0.7125007813279849
0.9374674674674675,0.7015648320807691,0.012222610715234391,0.7125008029291602
0.9376576576576577,0.7015648533374547,0.012220131907040131,0.7125008245171945
0.9378478478478479,0.7015648745812114,0.012217654103991884,0.7125008460920983
0.9380380380380381,0.7015648958120496,0.01221517730550529,0.7125008676538821
0.9382282282282283,0.7015649170299798,0.012212701510921749,0.7125008892025569
0.9384184184184184,0.7015649382350125,0.012210226719673456,0.7125009107381329
0.9386086086086086,0.7015649594271581,0.012207752931127518,0.7125009322606211
0.9387987987987988,0.7015649806064272,0.012205280144663273,0.7125009537700321
0.9389889889889891,0.7015650017728298,0.01220280835972476,0.7125009752663758
0.9391791791791793,0.7015650229263767,0.01220033757565166,0.7125009967496635
0.9393693693693694,0.7015650440670783,0.012197867791853126,0.7125010182199057
0.9395595595595596,0.7015650651949448,0.01219539900773314,0.7125010396771125
0.9397497497497498,0.7015650863099867,0.012192931222660498,0.7125010611212952
0.93993993993994,0.7015651074122143,0.012190464436061319,0.7125010825524636
0.9401301301301301,0.7015651285016382,0.01218799864728944,0.7125011039706288
0.9403203203203203,0.7015651495782685,0.012185533855756683,0.7125011253758011
0.9405105105105105,0.7015651706421155,0.012183070060881967,0.7125011467679908
0.9407007007007008,0.7015651916931899,0.012180607262046833,0.7125011681472085
0.940890890890891,0.7015652127315016,0.01217814545862221,0.7125011895134649
0.9410810810810811,0.701565233757061,0.012175684650045081,0.7125012108667702
0.9412712712712713,0.701565254769879,0.012173224835681265,0.7125012322071349
0.9414614614614615,0.7015652757699651,0.01217076601493869,0.7125012535345697
0.9416516516516517,0.7015652967573297,0.01216830818723233,0.7125012748490849
0.9418418418418418,0.7015653177319834,0.012165851351920356,0.712501296150691
0.9420320320320321,0.7015653386939363,0.01216339550844716,0.7125013174393982
0.9422222222222223,0.7015653596431988,0.012160940656175189,0.7125013387152171
0.9424124124124125,0.7015653805797809,0.012158486794533274,0.7125013599781581
0.9426026026026026,0.7015654015036931,0.012156033922903329,0.7125013812282315
0.9427927927927928,0.7015654224149453,0.012153582040707829,0.7125014024654475
0.942982982982983,0.7015654433135479,0.012151131147313,0.712501423689817
0.9431731731731732,0.7015654641995113,0.012148681242134973,0.7125014449013499
0.9433633633633633,0.7015654850728451,0.012146232324600404,0.7125014661000569
0.9435535535535536,0.7015655059335602,0.012143784394080148,0.712501487285948
0.9437437437437438,0.7015655267816661,0.012141337450022658,0.7125015084590335
0.943933933933934,0.7015655476171734,0.012138891491771787,0.7125015296193241
0.9441241241241242,0.7015655684400921,0.012136446518767123,0.7125015507668299
0.9443143143143143,0.7015655892504323,0.012134002530421887,0.712501571901561
0.9445045045045045,0.7015656100482044,0.012131559526110195,0.712501593023528
0.9446946946946947,0.7015656308334182,0.012129117505254782,0.7125016141327412
0.944884884884885,0.7015656516060839,0.012126676467263633,0.7125016352292105
0.9450750750750752,0.7015656723662116,0.012124236411543742,0.7125016563129464
0.9452652652652653,0.7015656931138113,0.012121797337512346,0.7125016773839592
0.9454554554554555,0.7015657138488935,0.012119359244539265,0.7125016984422591
0.9456456456456457,0.7015657345714678,0.012116922132084072,0.712501719487856
0.9458358358358359,0.7015657552815442,0.012114485999517264,0.7125017405207607
0.946026026026026,0.7015657759791332,0.0121120508462604,0.712501761540983
0.9462162162162162,0.7015657966642443,0.01210961667172354,0.7125017825485332
0.9464064064064064,0.701565817336888,0.012107183475331676,0.7125018035434214
0.9465965965965967,0.7015658379970744,0.012104751256452046,0.7125018245256579
0.9467867867867868,0.701565858644813,0.0121023200145305,0.7125018454952529
0.946976976976977,0.701565879280114,0.012099889748991823,0.7125018664522164
0.9471671671671672,0.7015658999029873,0.01209746045923232,0.7125018873965584
0.9473573573573574,0.7015659205134434,0.012095032144638867,0.7125019083282894
0.9475475475475476,0.7015659411114915,0.012092604804647786,0.7125019292474195
0.9477377377377377,0.7015659616971421,0.012090178438681258,0.7125019501539585
0.947927927927928,0.7015659822704048,0.012087753046146447,0.7125019710479167
0.9481181181181182,0.7015660028312899,0.012085328626435866,0.7125019919293043
0.9483083083083084,0.7015660233798072,0.012082905178979468,0.7125020127981313
0.9484984984984985,0.7015660439159664,0.012080482703213373,0.7125020336544073
0.9486886886886887,0.7015660644397775,0.012078061198531229,0.7125020544981431
0.9488788788788789,0.7015660849512507,0.012075640664351376,0.7125020753293484
0.9490690690690691,0.7015661054503953,0.01207322110011174,0.7125020961480331
0.9492592592592592,0.701566125937222,0.012070802505184336,0.7125021169542076
0.9494494494494495,0.7015661464117398,0.012068384879023945,0.7125021377478817
0.9496396396396397,0.7015661668739591,0.012065968221047314,0.7125021585290654
0.9498298298298299,0.7015661873238895,0.012063552530653126,0.7125021792977687
0.9500200200200201,0.701566207761541,0.012061137807266205,0.7125022000540017
0.9502102102102102,0.7015662281869235,0.012058724050310284,0.7125022207977744
0.9504004004004004,0.7015662486000463,0.012056311259218818,0.7125022415290965
0.9505905905905906,0.70156626900092,0.012053899433377337,0.7125022622479783
0.9507807807807809,0.7015662893895537,0.012051488572255773,0.7125022829544294
0.950970970970971,0.7015663097659576,0.012049078675235808,0.71250230364846
0.9511611611611612,0.7015663301301414,0.012046669741754302,0.71250232433008
0.9513513513513514,0.7015663504821148,0.012044261771224507,0.7125023449992993
0.9515415415415416,0.7015663708218876,0.012041854763070037,0.7125023656561279
0.9517317317317318,0.7015663911494695,0.012039448716733313,0.7125023863005755
0.9519219219219219,0.7015664114648702,0.012037043631629772,0.7125024069326521
0.9521121121121121,0.7015664317680995,0.012034639507160496,0.7125024275523676
0.9523023023023023,0.7015664520591673,0.01203223634276327,0.7125024481597318
0.9524924924924926,0.701566472338083,0.012029834137901929,0.7125024687547546
0.9526826826826827,0.7015664926048565,0.012027432891941225,0.712502489337446
0.9528728728728729,0.7015665128594974,0.012025032604331274,0.7125025099078156
0.9530630630630631,0.7015665331020153,0.012022633274513255,0.7125025304658733
0.9532532532532533,0.7015665533324201,0.012020234901892675,0.7125025510116292
0.9534434434434435,0.7015665735507214,0.012017837485894764,0.7125025715450928
0.9536336336336336,0.7015665937569289,0.012015441025975987,0.7125025920662738
0.9538238238238239,0.7015666139510519,0.01201304552155328,0.7125026125751821
0.9540140140140141,0.7015666341331002,0.012010650972033916,0.7125026330718278
0.9542042042042043,0.7015666543030837,0.012008257376869773,0.7125026535562203
0.9543943943943944,0.7015666744610117,0.012005864735486088,0.7125026740283694
0.9545845845845846,0.7015666946068941,0.012003473047302862,0.7125026944882851
0.9547747747747748,0.7015667147407402,0.012001082311758535,0.712502714935977
0.954964964964965,0.7015667348625597,0.011998692528293164,0.7125027353714547
0.9551551551551551,0.7015667549723622,0.011996303696320444,0.7125027557947282
0.9553453453453454,0.7015667750701572,0.01199391581526385,0.7125027762058072
0.9555355355355356,0.7015667951559542,0.011991528884595426,0.7125027966047011
0.9557257257257258,0.701566815229763,0.011989142903722662,0.7125028169914196
0.955915915915916,0.701566835291593,0.011986757872068444,0.7125028373659728
0.9561061061061061,0.7015668553414537,0.011984373789086938,0.71250285772837
0.9562962962962963,0.7015668753793544,0.011981990654208394,0.712502878078621
0.9564864864864865,0.7015668954053051,0.011979608466841042,0.7125028984167358
0.9566766766766768,0.7015669154193149,0.011977227226459079,0.7125029187427233
0.956866866866867,0.7015669354213937,0.011974846932484445,0.7125029390565936
0.9570570570570571,0.7015669554115505,0.011972467584350934,0.7125029593583563
0.9572472472472473,0.701566975389795,0.011970089181470859,0.7125029796480213
0.9574374374374375,0.7015669953561366,0.01196771172332121,0.7125029999255976
0.9576276276276277,0.701567015310585,0.011965335209320973,0.7125030201910952
0.9578178178178178,0.7015670352531492,0.011962959638908865,0.7125030404445236
0.958008008008008,0.701567055183839,0.011960585011521705,0.7125030606858924
0.9581981981981982,0.7015670751026638,0.011958211326589637,0.7125030809152111
0.9583883883883885,0.7015670950096328,0.011955838583576382,0.7125031011324894
0.9585785785785786,0.7015671149047554,0.011953466781903361,0.7125031213377366
0.9587687687687688,0.7015671347880416,0.011951095920997478,0.7125031415309626
0.958958958958959,0.7015671546594997,0.011948726000342259,0.7125031617121766
0.9591491491491492,0.7015671745191401,0.011946357019336808,0.7125031818813884
0.9593393393393393,0.7015671943669718,0.011943988977420444,0.7125032020386074
0.9595295295295295,0.7015672142030039,0.011941621874055921,0.7125032221838432
0.9597197197197198,0.701567234027246,0.011939255708717466,0.7125032423171048
0.95990990990991,0.7015672538397076,0.011936890480771851,0.7125032624384023
0.9601001001001002,0.7015672736403976,0.011934526189712844,0.7125032825477452
0.9602902902902903,0.7015672934293257,0.011932162834994533,0.7125033026451423
0.9604804804804805,0.7015673132065011,0.01192980041600183,0.7125033227306038
0.9606706706706707,0.7015673329719331,0.011927438932234689,0.7125033428041386
0.9608608608608609,0.7015673527256309,0.01192507838312795,0.7125033628657566
0.961051051051051,0.7015673724676039,0.01192271876810001,0.7125033829154668
0.9612412412412413,0.7015673921978614,0.011920360086623734,0.712503402953279
0.9614314314314315,0.7015674119164126,0.011918002338136707,0.7125034229792022
0.9616216216216217,0.7015674316232666,0.0119156455220997,0.7125034429932461
0.9618118118118119,0.701567451318433,0.011913289637928015,0.7125034629954202
0.962002002002002,0.7015674710019209,0.01191093468508109,0.7125034829857336
0.9621921921921922,0.7015674906737392,0.011908580663039745,0.7125035029641957
0.9623823823823824,0.7015675103338977,0.011906227571186393,0.7125035229308162
0.9625725725725727,0.7015675299824053,0.011903875409030963,0.7125035428856041
0.9627627627627628,0.7015675496192711,0.011901524176009762,0.7125035628285689
0.962952952952953,0.7015675692445046,0.011899173871539244,0.7125035827597198
0.9631431431431432,0.7015675888581148,0.011896824495111,0.7125036026790662
0.9633333333333334,0.7015676084601108,0.011894476046144721,0.7125036225866176
0.9635235235235236,0.7015676280505018,0.011892128524092294,0.7125036424823832
0.9637137137137137,0.701567647629297,0.011889781928445458,0.7125036623663721
0.9639039039039039,0.7015676671965059,0.011887436258602804,0.7125036822385937
0.9640940940940941,0.7015676867521369,0.011885091514051102,0.7125037020990576
0.9642842842842844,0.7015677062961997,0.011882747694242536,0.7125037219477725
0.9644744744744745,0.7015677258287032,0.01188040479860835,0.7125037417847482
0.9646646646646647,0.7015677453496567,0.01187806282661849,0.7125037616099935
0.9648548548548549,0.7015677648590691,0.01187572177771852,0.7125037814235181
0.9650450450450451,0.7015677843569496,0.01187338165137662,0.7125038012253309
0.9652352352352352,0.7015678038433072,0.011871042447031604,0.7125038210154412
0.9654254254254254,0.701567823318151,0.011868704164142969,0.7125038407938583
0.9656156156156157,0.7015678427814902,0.011866366802171695,0.7125038605605915
0.9658058058058059,0.7015678622333338,0.011864030360561665,0.7125038803156497
0.9659959959959961,0.7015678816736907,0.011861694838781581,0.7125039000590424
0.9661861861861862,0.7015679011025703,0.011859360236282255,0.7125039197907785
0.9663763763763764,0.701567920519981,0.011857026552549756,0.7125039395108674
0.9665665665665666,0.7015679399259325,0.011854693786991992,0.7125039592193182
0.9667567567567568,0.7015679593204334,0.011852361939087709,0.71250397891614
0.9669469469469469,0.7015679787034929,0.011850031008329424,0.7125039986013418
0.9671371371371372,0.7015679980751197,0.011847700994117501,0.7125040182749333
0.9673273273273274,0.7015680174353234,0.011845371895934553,0.7125040379369232
0.9675175175175176,0.7015680367841123,0.011843043713259071,0.7125040575873206
0.9677077077077078,0.7015680561214959,0.011840716445541147,0.7125040772261345
0.9678978978978979,0.7015680754474828,0.011838390092238148,0.7125040968533743
0.9680880880880881,0.701568094762082,0.011836064652814577,0.7125041164690491
0.9682782782782783,0.7015681140653028,0.011833740126713104,0.7125041360731678
0.9684684684684686,0.7015681333571537,0.011831416513413172,0.7125041556657395
0.9686586586586587,0.7015681526376439,0.011829093812391271,0.7125041752467732
0.9688488488488489,0.7015681719067821,0.011826772023089613,0.7125041948162781
0.9690390390390391,0.7015681911645774,0.011824451144963957,0.7125042143742635
0.9692292292292293,0.7015682104110385,0.011822131177526308,0.7125042339207378
0.9694194194194194,0.7015682296461745,0.011819812120179034,0.7125042534557106
0.9696096096096096,0.7015682488699942,0.011817493972417633,0.7125042729791904
0.9697997997997998,0.7015682680825064,0.011815176733705522,0.7125042924911869
0.96998998998999,0.7015682872837202,0.011812860403501994,0.7125043119917084
0.9701801801801803,0.7015683064736442,0.011810544981282537,0.7125043314807643
0.9703703703703704,0.7015683256522873,0.011808230466493907,0.7125043509583637
0.9705605605605606,0.7015683448196585,0.011805916858631386,0.7125043704245152
0.9707507507507508,0.7015683639757664,0.01180360415714428,0.7125043898792279
0.970940940940941,0.7015683831206201,0.01180129236150448,0.7125044093225108
0.9711311311311311,0.7015684022542281,0.011798981471158331,0.7125044287543731
0.9713213213213213,0.7015684213765995,0.011796671485600619,0.7125044481748234
0.9715115115115116,0.7015684404877429,0.011794362404306123,0.7125044675838706
0.9717017017017018,0.701568459587667,0.011792054226720479,0.712504486981524
0.971891891891892,0.7015684786763808,0.011789746952335313,0.7125045063677921
0.9720820820820821,0.7015684977538931,0.011787440580599185,0.712504525742684
0.9722722722722723,0.7015685168202125,0.011785135111005776,0.7125045451062084
0.9724624624624625,0.7015685358753478,0.011782830543000895,0.7125045644583746
0.9726526526526527,0.7015685549193078,0.01178052687605783,0.7125045837991915
0.9728428428428428,0.701568573952101,0.01177822410968407,0.7125046031286673
0.9730330330330331,0.7015685929737365,0.011775922243307218,0.7125046224468115
0.9732232232232233,0.701568611984223,0.011773621276420723,0.7125046417536326
0.9734134134134135,0.7015686309835688,0.011771321208496147,0.7125046610491398
0.9736036036036037,0.7015686499717828,0.01176902203902535,0.7125046803333416
0.9737937937937938,0.7015686689488739,0.011766723767441915,0.7125046996062468
0.973983983983984,0.7015686879148506,0.011764426393237996,0.7125047188678647
0.9741741741741742,0.7015687068697215,0.011762129915907577,0.7125047381182037
0.9743643643643645,0.7015687258134956,0.011759834334901149,0.7125047573572726
0.9745545545545546,0.7015687447461815,0.011757539649684855,0.7125047765850804
0.9747447447447448,0.7015687636677872,0.011755245859776081,0.7125047958016356
0.974934934934935,0.7015687825783221,0.011752952964617253,0.7125048150069473
0.9751251251251252,0.7015688014777945,0.011750660963692644,0.7125048342010242
0.9753153153153153,0.7015688203662133,0.011748369856463435,0.7125048533838751
0.9755055055055055,0.7015688392435866,0.011746079642460444,0.7125048725555083
0.9756956956956957,0.7015688581099236,0.011743790321097007,0.7125048917159331
0.9758858858858859,0.7015688769652324,0.011741501891901276,0.712504910865158
0.9760760760760762,0.701568895809522,0.011739214354326111,0.7125049300031917
0.9762662662662663,0.7015689146428006,0.01173692770784056,0.7125049491300429
0.9764564564564565,0.7015689334650772,0.0117346419519475,0.7125049682457206
0.9766466466466467,0.7015689522763601,0.011732357086114203,0.712504987350233
0.9768368368368369,0.7015689710766577,0.011730073109837206,0.7125050064435893
0.977027027027027,0.701568989865979,0.011727790022552505,0.712505025525798
0.9772172172172172,0.7015690086443322,0.011725507823790414,0.7125050445968676
0.9774074074074075,0.7015690274117261,0.011723226513019852,0.7125050636568069
0.9775975975975977,0.7015690461681687,0.011720946089737016,0.7125050827056245
0.9777877877877879,0.7015690649136692,0.011718666553378138,0.712505101743329
0.977977977977978,0.7015690836482357,0.011716387903445685,0.7125051207699297
0.9781681681681682,0.7015691023718766,0.011714110139453985,0.7125051397854342
0.9783583583583584,0.701569121084601,0.011711833260840967,0.7125051587898517
0.9785485485485486,0.7015691397864167,0.011709557267131597,0.7125051777831907
0.9787387387387387,0.7015691584773325,0.011707282157762502,0.71250519676546
0.978928928928929,0.7015691771573567,0.011705007932283925,0.7125052157366678
0.9791191191191192,0.7015691958264981,0.01170273459010621,0.7125052346968233
0.9793093093093094,0.7015692144847647,0.011700462130779249,0.7125052536459344
0.9794994994994995,0.7015692331321655,0.011698190553730337,0.7125052725840101
0.9796896896896897,0.7015692517687083,0.011695919858509195,0.7125052915110588
0.9798798798798799,0.7015692703944019,0.01169365004455497,0.7125053104270892
0.9800700700700701,0.7015692890092546,0.011691381111379889,0.7125053293321097
0.9802602602602604,0.701569307613275,0.011689113058459676,0.7125053482261289
0.9804504504504505,0.7015693262064713,0.01168684588527307,0.7125053671091555
0.9806406406406407,0.701569344788852,0.011684579591323244,0.7125053859811977
0.9808308308308309,0.7015693633604253,0.01168231417610103,0.7125054048422642
0.9810210210210211,0.7015693819212,0.011680049639089083,0.7125054236923635
0.9812112112112112,0.701569400471184,0.011677785979767506,0.7125054425315042
0.9814014014014014,0.7015694190103859,0.011675523197640519,0.7125054613596946
0.9815915915915916,0.701569437538814,0.011673261292194691,0.7125054801769434
0.9817817817817818,0.7015694560564767,0.01167100026293238,0.7125054989832587
0.9819719719719721,0.7015694745633824,0.011668740109318884,0.7125055177786492
0.9821621621621622,0.7015694930595391,0.011666480830863295,0.7125055365631237
0.9823523523523524,0.7015695115449555,0.0116642224270529,0.71250555533669
0.9825425425425426,0.7015695300196396,0.011661964897377222,0.7125055740993571
0.9827327327327328,0.7015695484836001,0.011659708241318152,0.7125055928511332
0.9829229229229229,0.7015695669368449,0.011657452458405106,0.7125056115920266
0.9831131131131132,0.7015695853793825,0.011655197548104453,0.712505630322046
0.9833033033033034,0.7015696038112212,0.011652943509893668,0.7125056490411997
0.9834934934934936,0.7015696222323692,0.011650690343314802,0.7125056677494959
0.9836836836836838,0.7015696406428348,0.011648438047818671,0.7125056864469431
0.9838738738738739,0.7015696590426262,0.011646186622920739,0.7125057051335499
0.9840640640640641,0.7015696774317516,0.011643936068108925,0.7125057238093246
0.9842542542542543,0.7015696958102194,0.01164168638289472,0.7125057424742752
0.9844444444444445,0.7015697141780378,0.011639437566749863,0.7125057611284107
0.9846346346346346,0.701569732535215,0.011637189619189265,0.7125057797717389
0.9848248248248249,0.7015697508817591,0.011634942539686544,0.7125057984042686
0.9850150150150151,0.7015697692176787,0.011632696327764865,0.7125058170260077
0.9852052052052053,0.7015697875429813,0.011630450982932786,0.7125058356369647
0.9853953953953954,0.7015698058576758,0.01162820650464707,0.7125058542371481
0.9855855855855856,0.70156982416177,0.011625962892414519,0.7125058728265661
0.9857757757757758,0.7015698424552722,0.011623720145779537,0.7125058914052267
0.985965965965966,0.7015698607381906,0.011621478264189982,0.7125059099731386
0.9861561561561563,0.7015698790105332,0.011619237247166783,0.7125059285303099
0.9863463463463464,0.7015698972723082,0.011616997094216153,0.7125059470767491
0.9865365365365366,0.7015699155235241,0.011614757804827031,0.7125059656124642
0.9867267267267268,0.7015699337641885,0.011612519378485762,0.7125059841374636
0.986916916916917,0.7015699519943099,0.011610281814725785,0.7125060026517556
0.9871071071071071,0.7015699702138962,0.011608045113045038,0.7125060211553482
0.9872972972972973,0.7015699884229557,0.011605809272932666,0.7125060396482498
0.9874874874874875,0.7015700066214966,0.011603574293859479,0.7125060581304691
0.9876776776776777,0.7015700248095266,0.011601340175380014,0.7125060766020137
0.987867867867868,0.701570042987054,0.011599106916997183,0.7125060950628918
0.9880580580580581,0.7015700611540872,0.01159687451815644,0.712506113513112
0.9882482482482483,0.7015700793106336,0.011594642978427137,0.7125061319526821
0.9884384384384385,0.7015700974567017,0.01159241229730747,0.7125061503816106
0.9886286286286287,0.7015701155922996,0.01159018247424731,0.7125061687999058
0.9888188188188188,0.7015701337174355,0.01158795350879077,0.7125061872075755
0.9890090090090091,0.7015701518321168,0.011585725400444518,0.7125062056046283
0.9891991991991993,0.7015701699363524,0.011583498148712745,0.7125062239910718
0.9893893893893895,0.7015701880301496,0.01158127175309008,0.7125062423669145
0.9895795795795796,0.7015702061135166,0.011579046213098751,0.7125062607321647
0.9897697697697698,0.7015702241864618,0.011576821528216479,0.7125062790868303
0.98995995995996,0.7015702422489928,0.011574597697994259,0.7125062974309194
0.9901501501501502,0.7015702603011177,0.011572374721909537,0.7125063157644402
0.9903403403403404,0.7015702783428445,0.011570152599469407,0.7125063340874012
0.9905305305305305,0.7015702963741812,0.011567931330207696,0.7125063523998096
0.9907207207207208,0.7015703143951357,0.011565710913604492,0.7125063707016743
0.990910910910911,0.7015703324057162,0.011563491349191386,0.7125063889930031
0.9911011011011012,0.7015703504059305,0.011561272636443276,0.7125064072738042
0.9912912912912913,0.7015703683957865,0.011559054774920665,0.7125064255440854
0.9914814814814815,0.7015703863752921,0.011556837764081269,0.7125064438038553
0.9916716716716717,0.7015704043444555,0.011554621603481328,0.7125064620531212
0.9918618618618619,0.7015704223032844,0.011552406292603469,0.7125064802918918
0.9920520520520522,0.7015704402517868,0.011550191830967418,0.7125064985201749
0.9922422422422423,0.7015704581899707,0.011547978218084174,0.7125065167379786
0.9924324324324325,0.7015704761178437,0.011545765453469853,0.7125065349453109
0.9926226226226227,0.701570494035414,0.01154355353663653,0.7125065531421798
0.9928128128128129,0.7015705119426895,0.011541342467094836,0.7125065713285933
0.993003003003003,0.701570529839678,0.01153913224434636,0.7125065895045595
0.9931931931931932,0.7015705477263876,0.011536922867908571,0.7125066076700864
0.9933833833833834,0.7015705656028255,0.01153471433733033,0.7125066258251818
0.9935735735735736,0.7015705834690001,0.011532506652091969,0.7125066439698539
0.9937637637637639,0.7015706013249194,0.01153029981169873,0.7125066621041105
0.993953953953954,0.7015706191705908,0.01152809381570722,0.7125066802279597
0.9941441441441442,0.7015706370060224,0.011525888663590252,0.7125066983414095
0.9943343343343344,0.7015706548312219,0.011523684354882352,0.7125067164444678
0.9945245245245246,0.7015706726461974,0.011521480889095149,0.7125067345371425
0.9947147147147147,0.7015706904509564,0.011519278265751871,0.7125067526194416
0.994904904904905,0.7015707082455069,0.011517076484376599,0.7125067706913729
0.9950950950950952,0.7015707260298566,0.011514875544461727,0.7125067887529445
0.9952852852852854,0.7015707438040134,0.011512675445542651,0.7125068068041643
0.9954754754754755,0.7015707615679849,0.01151047618714633,0.71250682484504
0.9956656656656657,0.701570779321779,0.011508277768767472,0.7125068428755799
0.9958558558558559,0.7015707970654036,0.011506080189938496,0.7125068608957913
0.9960460460460461,0.7015708147988662,0.011503883450181341,0.7125068789056827
0.9962362362362363,0.7015708325221747,0.011501687549021452,0.7125068969052615
0.9964264264264264,0.7015708502353369,0.011499492485941312,0.7125069148945361
0.9966166166166167,0.7015708679383604,0.011497298260506234,0.7125069328735137
0.9968068068068069,0.7015708856312532,0.01149510487222303,0.7125069508422027
0.9969969969969971,0.7015709033140228,0.01149291232059032,0.7125069688006108
0.9971871871871872,0.701570920986677,0.01149072060515541,0.7125069867487458
0.9973773773773774,0.7015709386492234,0.011488529725442,0.7125070046866153
0.9975675675675676,0.7015709563016698,0.011486339680969425,0.7125070226142275
0.9977577577577578,0.7015709739440238,0.011484150471251299,0.71250704053159
0.997947947947948,0.7015709915762934,0.011481962095784413,0.712507058438711
0.9981381381381382,0.7015710091984858,0.011479774554151771,0.7125070763355975
0.9983283283283284,0.7015710268106091,0.011477587845843308,0.712507094222258
0.9985185185185186,0.7015710444126709,0.011475401970364146,0.7125071120987003
0.9987087087087088,0.7015710620046786,0.011473216927280112,0.7125071299649317
0.9988988988988989,0.7015710795866401,0.011471032716092124,0.7125071478209601
0.9990890890890891,0.701571097158563,0.011468849336317683,0.7125071656667937
0.9992792792792793,0.701571114720455,0.011466666787510125,0.7125071835024399
0.9994694694694695,0.7015711322723236,0.011464485069140202,0.7125072013279066
0.9996596596596597,0.7015711498141765,0.011462304180803844,0.7125072191432013
0.9998498498498499,0.7015711673460212,0.011460124121994722,0.7125072369483317
1.00004004004004,0.7015711848678655,0.011457944892227567,0.7125072547433062
1.0002302302302302,0.7015712023797168,0.01145576649106618,0.7125072725281316
1.0004204204204206,0.7015712198815829,0.011453588917994185,0.7125072903028165
1.0006106106106107,0.7015712373734714,0.011451412172573814,0.7125073080673677
1.000800800800801,0.7015712548553896,0.01144923625430651,0.7125073258217937
1.000990990990991,0.7015712723273455,0.01144706116274163,0.7125073435661017
1.0011811811811813,0.7015712897893461,0.011444886897403405,0.7125073613002995
1.0013713713713714,0.7015713072413996,0.011442713457797855,0.7125073790243951
1.0015615615615616,0.701571324683513,0.011440540843512963,0.7125073967383955
1.0017517517517518,0.7015713421156942,0.01143836905400561,0.712507414442309
1.001941941941942,0.7015713595379507,0.011436198088851289,0.7125074321361431
1.0021321321321321,0.7015713769502898,0.011434027947582167,0.7125074498199052
1.0023223223223223,0.7015713943527192,0.011431858629710684,0.7125074674936033
1.0025125125125125,0.7015714117452465,0.01142969013477379,0.7125074851572447
1.0027027027027027,0.7015714291278791,0.011427522462308007,0.7125075028108371
1.0028928928928929,0.7015714465006244,0.011425355611851656,0.7125075204543883
1.0030830830830832,0.7015714638634901,0.011423189582906935,0.7125075380879059
1.0032732732732734,0.7015714812164837,0.011421024375031065,0.7125075557113975
1.0034634634634636,0.7015714985596125,0.011418859987772962,0.7125075733248704
1.0036536536536538,0.701571515892884,0.011416696420631856,0.7125075909283325
1.003843843843844,0.7015715332163058,0.011414533673175822,0.7125076085217912
1.0040340340340341,0.7015715505298854,0.011412371744901255,0.7125076261052543
1.0042242242242243,0.7015715678336301,0.011410210635369832,0.7125076436787292
1.0044144144144145,0.7015715851275472,0.0114080503441036,0.7125076612422235
1.0046046046046047,0.7015716024116445,0.011405890870658783,0.7125076787957447
1.0047947947947948,0.7015716196859293,0.011403732214541851,0.7125076963393004
1.004984984984985,0.7015716369504089,0.011401574375307819,0.7125077138728982
1.0051751751751752,0.7015716542050909,0.011399417352490206,0.7125077313965457
1.0053653653653654,0.7015716714499826,0.011397261145617094,0.7125077489102503
1.0055555555555555,0.7015716886850915,0.01139510575424528,0.7125077664140193
1.0057457457457457,0.7015717059104247,0.01139295117788527,0.7125077839078607
1.0059359359359359,0.70157172312599,0.01139079741609665,0.7125078013917816
1.0061261261261263,0.7015717403317945,0.0113886444684078,0.7125078188657897
1.0063163163163165,0.7015717575278457,0.0113864923343617,0.7125078363298925
1.0065065065065066,0.7015717747141511,0.011384341013498401,0.7125078537840973
1.0066966966966968,0.7015717918907178,0.011382190505344966,0.7125078712284119
1.006886886886887,0.7015718090575533,0.011380040809450976,0.7125078886628434
1.0070770770770772,0.7015718262146647,0.01137789192537344,0.7125079060873993
1.0072672672672673,0.7015718433620598,0.011375743852602819,0.7125079235020878
1.0074574574574575,0.7015718604997457,0.01137359659072799,0.7125079409069153
1.0076476476476477,0.7015718776277295,0.011371450139283769,0.7125079583018896
1.0078378378378379,0.7015718947460191,0.011369304497787234,0.7125079756870184
1.008028028028028,0.7015719118546212,0.011367159665798246,0.7125079930623089
1.0082182182182182,0.7015719289535435,0.0113650156428444,0.7125080104277688
1.0084084084084084,0.701571946042793,0.011362872428497617,0.7125080277834049
1.0085985985985986,0.7015719631223774,0.011360730022274704,0.7125080451292252
1.0087887887887887,0.7015719801923035,0.011358588423709577,0.712508062465237
1.0089789789789791,0.701571997252579,0.011356447632380367,0.7125080797914474
1.0091691691691693,0.7015720143032109,0.011354307647801556,0.7125080971078641
1.0093593593593595,0.7015720313442068,0.011352168469525633,0.7125081144144944
1.0095495495495497,0.7015720483755734,0.011350030097100271,0.7125081317113455
1.0097397397397398,0.7015720653973185,0.011347892530058367,0.7125081489984251
1.00992992992993,0.7015720824094489,0.01134575576797611,0.7125081662757402
1.0101201201201202,0.7015720994119723,0.01134361981038463,0.7125081835432983
1.0103103103103104,0.7015721164048957,0.011341484656791934,0.7125082008011069
1.0105005005005006,0.7015721333882263,0.011339350306778665,0.7125082180491731
1.0106906906906907,0.7015721503619713,0.011337216759908151,0.7125082352875043
1.010880880880881,0.7015721673261379,0.011335084015690633,0.7125082525161079
1.011071071071071,0.7015721842807335,0.011332952073699453,0.712508269734991
1.0112612612612613,0.7015722012257651,0.011330820933468573,0.7125082869441614
1.0114514514514514,0.70157221816124,0.011328690594532979,0.7125083041436259
1.0116416416416416,0.7015722350871652,0.01132656105649019,0.7125083213333918
1.0118318318318318,0.7015722520035481,0.011324432318829904,0.712508338513467
1.0120220220220222,0.7015722689103958,0.01132230438112781,0.7125083556838581
1.0122122122122124,0.7015722858077154,0.011320177242951602,0.7125083728445725
1.0124024024024025,0.7015723026955141,0.011318050903825531,0.7125083899956176
1.0125925925925927,0.7015723195737991,0.011315925363307106,0.7125084071370007
1.0127827827827829,0.7015723364425775,0.011313800620925213,0.7125084242687293
1.012972972972973,0.7015723533018565,0.011311676676248796,0.7125084413908102
1.0131631631631632,0.7015723701516431,0.011309553528852849,0.7125084585032508
1.0133533533533534,0.7015723869919445,0.011307431178257058,0.7125084756060582
1.0135435435435436,0.701572403822768,0.011305309624011368,0.71250849269924
1.0137337337337338,0.7015724206441204,0.011303188865676859,0.7125085097828031
1.013923923923924,0.7015724374560088,0.011301068902810001,0.7125085268567548
1.0141141141141141,0.7015724542584405,0.011298949734996282,0.7125085439211022
1.0143043043043043,0.7015724710514226,0.011296831361687541,0.712508560975853
1.0144944944944945,0.7015724878349621,0.011294713782556741,0.7125085780210135
1.0146846846846846,0.7015725046090661,0.01129259699707611,0.7125085950565918
1.014874874874875,0.7015725213737414,0.011290481004838987,0.7125086120825944
1.0150650650650652,0.7015725381289956,0.011288365805368863,0.712508629099029
1.0152552552552554,0.7015725548748353,0.011286251398255367,0.7125086461059024
1.0154454454454456,0.701572571611268,0.011284137783026484,0.7125086631032218
1.0156356356356357,0.7015725883383,0.01128202495925853,0.7125086800909946
1.015825825825826,0.7015726050559392,0.011279912926485844,0.7125086970692276
1.016016016016016,0.7015726217641921,0.011277801684276039,0.7125087140379284
1.0162062062062063,0.701572638463066,0.011275691232169953,0.7125087309971038
1.0163963963963965,0.7015726551525677,0.011273581569745903,0.7125087479467609
1.0165865865865866,0.7015726718327042,0.011271472696566037,0.712508764886907
1.0167767767767768,0.7015726885034826,0.011269364612162778,0.712508781817549
1.016966966966967,0.7015727051649102,0.0112672573161045,0.7125087987386941
1.0171571571571572,0.7015727218169934,0.01126515080796163,0.7125088156503495
1.0173473473473473,0.7015727384597396,0.011263045087252377,0.7125088325525225
1.0175375375375375,0.7015727550931555,0.011260940153582491,0.7125088494452196
1.0177277277277277,0.7015727717172483,0.011258836006496431,0.7125088663284483
1.017917917917918,0.7015727883320251,0.011256732645534609,0.7125088832022156
1.0181081081081083,0.7015728049374924,0.011254630070282087,0.7125089000665286
1.0182982982982984,0.7015728215336575,0.011252528280291387,0.7125089169213941
1.0184884884884886,0.7015728381205273,0.011250427275109784,0.7125089337668195
1.0186786786786788,0.7015728546981087,0.011248327054295985,0.7125089506028116
1.018868868868869,0.7015728712664087,0.011246227617434944,0.7125089674293776
1.0190590590590591,0.7015728878254338,0.011244128964076849,0.7125089842465246
1.0192492492492493,0.7015729043751917,0.011242031093769813,0.7125090010542595
1.0194394394394395,0.7015729209156887,0.01123993400608945,0.7125090178525892
1.0196296296296297,0.7015729374469319,0.011237837700601291,0.712509034641521
1.0198198198198198,0.7015729539689283,0.011235742176864077,0.7125090514210616
1.02001001001001,0.7015729704816845,0.01123364743442616,0.7125090681912183
1.0202002002002002,0.7015729869852079,0.011231553472856773,0.7125090849519979
1.0203903903903904,0.7015730034795048,0.01122946029174937,0.7125091017034074
1.0205805805805805,0.7015730199645823,0.011227367890640792,0.7125091184454538
1.020770770770771,0.7015730364404474,0.011225276269078066,0.7125091351781444
1.0209609609609611,0.7015730529071069,0.0112231854266534,0.7125091519014857
1.0211511511511513,0.7015730693645676,0.01122109536291823,0.7125091686154849
1.0213413413413415,0.7015730858128365,0.011219006077452668,0.7125091853201487
1.0215315315315316,0.7015731022519203,0.011216917569814959,0.7125092020154844
1.0217217217217218,0.7015731186818257,0.011214829839564804,0.7125092187014987
1.021911911911912,0.7015731351025598,0.011212742886253116,0.7125092353781989
1.0221021021021022,0.7015731515141294,0.011210656709487824,0.7125092520455913
1.0222922922922923,0.701573167916541,0.011208571308809503,0.7125092687036834
1.0224824824824825,0.7015731843098019,0.01120648668379465,0.7125092853524817
1.0226726726726727,0.7015732006939185,0.011204402834001462,0.7125093019919935
1.0228628628628629,0.7015732170688979,0.011202319758983864,0.7125093186222256
1.023053053053053,0.7015732334347465,0.011200237458346939,0.7125093352431845
1.0232432432432432,0.7015732497914715,0.01119815593162124,0.7125093518548777
1.0234334334334334,0.7015732661390797,0.011196075178387051,0.7125093684573117
1.0236236236236236,0.7015732824775773,0.011193995198255025,0.7125093850504934
1.023813813813814,0.7015732988069716,0.011191915990743262,0.7125094016344299
1.0240040040040042,0.7015733151272694,0.011189837555422338,0.7125094182091278
1.0241941941941943,0.7015733314384771,0.011187759891879484,0.7125094347745942
1.0243843843843845,0.7015733477406015,0.011185682999694952,0.7125094513308357
1.0245745745745747,0.7015733640336498,0.01118360687841507,0.7125094678778594
1.0247647647647649,0.7015733803176282,0.011181531527618995,0.7125094844156721
1.024954954954955,0.7015733965925436,0.01117945694689348,0.7125095009442802
1.0251451451451452,0.7015734128584027,0.011177383135793672,0.7125095174636912
1.0253353353353354,0.7015734291152125,0.011175310093876345,0.7125095339739116
1.0255255255255256,0.7015734453629794,0.011173237820752803,0.7125095504749481
1.0257157157157157,0.7015734616017101,0.011171166315970324,0.7125095669668077
1.025905905905906,0.7015734778314113,0.011169095579116642,0.7125095834494971
1.026096096096096,0.70157349405209,0.011167025609740405,0.7125095999230231
1.0262862862862863,0.7015735102637526,0.011164956407432388,0.7125096163873926
1.0264764764764767,0.7015735264664057,0.011162887971768447,0.7125096328426124
1.0266666666666668,0.7015735426600564,0.01116082030230607,0.7125096492886891
1.026856856856857,0.7015735588447108,0.011158753398638995,0.7125096657256296
1.0270470470470472,0.7015735750203761,0.011156687260347806,0.7125096821534402
1.0272372372372374,0.7015735911870586,0.011154621886963827,0.7125096985721288
1.0274274274274275,0.7015736073447651,0.01115255727810395,0.712509714981701
1.0276176176176177,0.7015736234935022,0.011150493433341867,0.712509731382164
1.027807807807808,0.7015736396332763,0.011148430352244163,0.7125097477735246
1.027997997997998,0.7015736557640946,0.011146368034384067,0.7125097641557894
1.0281881881881882,0.7015736718859632,0.011144306479335888,0.7125097805289652
1.0283783783783784,0.7015736879988891,0.011142245686684697,0.7125097968930588
1.0285685685685686,0.7015737041028784,0.011140185655998572,0.7125098132480768
1.0287587587587588,0.7015737201979383,0.011138126386870506,0.712509829594026
1.028948948948949,0.7015737362840753,0.011136067878846257,0.712509845930913
1.0291391391391391,0.7015737523612954,0.011134010131560878,0.7125098622587445
1.0293293293293293,0.7015737684296058,0.01113195314453211,0.7125098785775271
1.0295195195195195,0.7015737844890129,0.011129896917380547,0.7125098948872678
1.0297097097097097,0.7015738005395232,0.011127841449663283,0.712509911187973
1.0298998998999,0.7015738165811436,0.01112578674095124,0.7125099274796496
1.0300900900900902,0.7015738326138802,0.011123732790849645,0.712509943762304
1.0302802802802804,0.7015738486377397,0.011121679598934522,0.712509960035943
1.0304704704704706,0.701573864652729,0.011119627164771004,0.7125099763005732
1.0306606606606608,0.7015738806588542,0.011117575487954801,0.7125099925562014
1.030850850850851,0.7015738966561219,0.011115524568049732,0.7125100088028342
1.031041041041041,0.7015739126445387,0.011113474404652149,0.7125100250404781
1.0312312312312313,0.7015739286241115,0.011111424997322603,0.71251004126914
1.0314214214214215,0.7015739445948462,0.011109376345685857,0.712510057488826
1.0316116116116116,0.7015739605567497,0.011107328449265685,0.7125100736995433
1.0318018018018018,0.7015739765098283,0.011105281307732256,0.7125100899012978
1.031991991991992,0.7015739924540889,0.01110323492055467,0.7125101060940972
1.0321821821821822,0.7015740083895375,0.011101189287398984,0.712510122277947
1.0323723723723726,0.7015740243161809,0.011099144407818921,0.7125101384528543
1.0325625625625627,0.7015740402340255,0.011097100281402907,0.7125101546188258
1.032752752752753,0.7015740561430776,0.011095056907741761,0.7125101707758676
1.032942942942943,0.701574072043344,0.011093014286396396,0.712510186923987
1.0331331331331333,0.701574087934831,0.011090972416983412,0.7125102030631899
1.0333233233233234,0.7015741038175449,0.011088931299066872,0.7125102191934832
1.0335135135135136,0.7015741196914927,0.01108689093222298,0.7125102353148735
1.0337037037037038,0.7015741355566801,0.01108485131606404,0.7125102514273671
1.033893893893894,0.7015741514131142,0.011082812450160765,0.7125102675309707
1.0340840840840841,0.7015741672608009,0.011080774334122448,0.7125102836256908
1.0342742742742743,0.7015741830997472,0.011078736967488737,0.712510299711534
1.0344644644644645,0.7015741989299591,0.011076700349867364,0.7125103157885068
1.0346546546546547,0.7015742147514432,0.011074664480864091,0.7125103318566156
1.0348448448448448,0.7015742305642058,0.011072629360048047,0.7125103479158671
1.035035035035035,0.7015742463682534,0.011070594987003619,0.7125103639662678
1.0352252252252252,0.7015742621635922,0.01106856136134066,0.7125103800078239
1.0354154154154154,0.7015742779502291,0.011066528482614362,0.7125103960405422
1.0356056056056056,0.7015742937281698,0.011064496350465861,0.712510412064429
1.035795795795796,0.7015743094974212,0.011062464964424026,0.7125104280794912
1.0359859859859861,0.7015743252579897,0.011060434324108071,0.7125104440857346
1.0361761761761763,0.7015743410098813,0.01105840442910443,0.7125104600831662
1.0363663663663665,0.7015743567531025,0.011056375279003664,0.7125104760717924
1.0365565565565567,0.7015743724876597,0.011054346873400041,0.7125104920516195
1.0367467467467468,0.7015743882135596,0.011052319211852795,0.7125105080226543
1.036936936936937,0.701574403930808,0.011050292294011865,0.7125105239849026
1.0371271271271272,0.7015744196394115,0.011048266119421139,0.7125105399383713
1.0373173173173174,0.7015744353393766,0.011046240687671268,0.7125105558830668
1.0375075075075075,0.7015744510307093,0.011044215998364543,0.7125105718189957
1.0376976976976977,0.7015744667134161,0.011042192051128606,0.7125105877461638
1.0378878878878879,0.7015744823875032,0.011040168845502452,0.7125106036645783
1.038078078078078,0.701574498052977,0.011038146381112056,0.712510619574245
1.0382682682682685,0.701574513709844,0.011036124657513222,0.7125106354751707
1.0384584584584586,0.7015745293581102,0.011034103674334213,0.7125106513673617
1.0386486486486488,0.7015745449977822,0.011032083431162104,0.7125106672508242
1.038838838838839,0.7015745606288658,0.011030063927590702,0.7125106831255649
1.0390290290290292,0.7015745762513679,0.011028045163189386,0.7125106989915899
1.0392192192192193,0.7015745918652943,0.011026027137592312,0.7125107148489058
1.0394094094094095,0.7015746074706515,0.011024009850358394,0.7125107306975188
1.0395995995995997,0.7015746230674458,0.011021993301100378,0.7125107465374354
1.0397897897897899,0.7015746386556834,0.01101997748941458,0.712510762368662
1.03997997997998,0.7015746542353705,0.011017962414896656,0.7125107781912047
1.0401701701701702,0.7015746698065133,0.01101594807712366,0.7125107940050703
1.0403603603603604,0.7015746853691183,0.011013934475717998,0.7125108098102646
1.0405505505505506,0.7015747009231915,0.011011921610257368,0.7125108256067942
1.0407407407407407,0.7015747164687393,0.011009909480355557,0.7125108413946655
1.040930930930931,0.7015747320057677,0.011007898085583372,0.7125108571738848
1.041121121121121,0.7015747475342832,0.011005887425587032,0.712510872944458
1.0413113113113113,0.7015747630542919,0.011003877499901548,0.7125108887063923
1.0415015015015014,0.7015747785658001,0.011001868308162499,0.7125109044596932
1.0416916916916918,0.7015747940688137,0.01099985984995415,0.7125109202043675
1.041881881881882,0.7015748095633393,0.01099785212487698,0.7125109359404213
1.0420720720720722,0.701574825049383,0.01099584513254397,0.7125109516678606
1.0422622622622624,0.7015748405269504,0.010993838872549852,0.7125109673866923
1.0424524524524525,0.7015748559960487,0.010991833344459502,0.7125109830969223
1.0426426426426427,0.7015748714566833,0.010989828547924867,0.7125109987985567
1.042832832832833,0.7015748869088607,0.010987824482511946,0.7125110144916023
1.043023023023023,0.7015749023525871,0.0109858211478213,0.712511030176065
1.0432132132132133,0.7015749177878685,0.010983818543481122,0.7125110458519509
1.0434034034034034,0.7015749332147111,0.01098181666905739,0.7125110615192668
1.0435935935935936,0.701574948633121,0.010979815524181558,0.7125110771780184
1.0437837837837838,0.7015749640431045,0.010977815108419954,0.7125110928282123
1.043973973973974,0.7015749794446676,0.010975815421404874,0.7125111084698545
1.0441641641641644,0.7015749948378165,0.010973816462736563,0.7125111241029513
1.0443543543543545,0.7015750102225574,0.010971818231996165,0.712511139727509
1.0445445445445447,0.7015750255988964,0.010969820728789093,0.7125111553435339
1.0447347347347349,0.7015750409668392,0.010967823952762407,0.7125111709510319
1.044924924924925,0.7015750563263927,0.010965827903454168,0.7125111865500093
1.0451151151151152,0.7015750716775623,0.010963832580508582,0.7125112021404725
1.0453053053053054,0.7015750870203545,0.010961837983488373,0.7125112177224279
1.0454954954954956,0.701575102354775,0.01095984411207254,0.7125112332958808
1.0456856856856858,0.7015751176808305,0.010957850965789611,0.7125112488608384
1.045875875875876,0.7015751329985266,0.010955858544286344,0.7125112644173063
1.0460660660660661,0.7015751483078694,0.010953866847176317,0.7125112799652907
1.0462562562562563,0.7015751636088653,0.010951875874012409,0.712511295504798
1.0464464464464465,0.70157517890152,0.010949885624438214,0.7125113110358342
1.0466366366366366,0.7015751941858398,0.01094789609805918,0.7125113265584053
1.0468268268268268,0.7015752094618307,0.010945907294461849,0.712511342072518
1.047017017017017,0.7015752247294986,0.010943919213276901,0.7125113575781777
1.0472072072072072,0.7015752399888496,0.010941931854114986,0.7125113730753911
1.0473973973973973,0.70157525523989,0.010939945216540568,0.7125113885641643
1.0475875875875877,0.7015752704826256,0.010937959300200221,0.7125114040445031
1.047777777777778,0.7015752857170624,0.010935974104689203,0.7125114195164138
1.047967967967968,0.7015753009432066,0.010933989629586766,0.7125114349799029
1.0481581581581583,0.7015753161610639,0.010932005874565864,0.7125114504349755
1.0483483483483484,0.7015753313706408,0.010930022839182237,0.7125114658816388
1.0485385385385386,0.7015753465719429,0.010928040523058643,0.7125114813198983
1.0487287287287288,0.7015753617649761,0.010926058925809392,0.7125114967497602
1.048918918918919,0.7015753769497469,0.010924078047035948,0.7125115121712308
1.0491091091091092,0.701575392126261,0.010922097886352459,0.7125115275843158
1.0492992992992993,0.7015754072945244,0.010920118443349175,0.7125115429890216
1.0494894894894895,0.7015754224545431,0.010918139717670767,0.7125115583853541
1.0496796796796797,0.7015754376063229,0.010916161708911826,0.7125115737733194
1.0498698698698699,0.70157545274987,0.010914184416677693,0.7125115891529237
1.0500600600600603,0.7015754678851904,0.01091220784057502,0.712511604524173
1.0502502502502504,0.7015754830122898,0.010910231980242314,0.712511619887073
1.0504404404404406,0.7015754981311741,0.010908256835256825,0.7125116352416303
1.0506306306306308,0.7015755132418497,0.010906282405237075,0.7125116505878507
1.050820820820821,0.7015755283443222,0.010904308689809298,0.7125116659257401
1.0510110110110111,0.7015755434385977,0.010902335688577049,0.7125116812553046
1.0512012012012013,0.701575558524682,0.010900363401159208,0.7125116965765503
1.0513913913913915,0.7015755736025812,0.010898391827149048,0.7125117118894834
1.0515815815815817,0.701575588672301,0.010896420966191494,0.7125117271941094
1.0517717717717718,0.7015756037338472,0.01089445081787665,0.7125117424904347
1.051961961961962,0.7015756187872262,0.010892481381825171,0.7125117577784652
1.0521521521521522,0.7015756338324437,0.010890512657634143,0.7125117730582069
1.0523423423423424,0.7015756488695052,0.010888544644953134,0.7125117883296659
1.0525325325325325,0.7015756638984172,0.010886577343366441,0.7125118035928479
1.0527227227227227,0.701575678919185,0.01088461075250275,0.7125118188477592
1.052912912912913,0.701575693931815,0.010882644871975612,0.7125118340944055
1.053103103103103,0.7015757089363128,0.010880679701376923,0.7125118493327931
1.0532932932932932,0.7015757239326844,0.010878715240380877,0.7125118645629275
1.0534834834834836,0.7015757389209356,0.010876751488535572,0.7125118797848151
1.0536736736736738,0.7015757539010722,0.010874788445488026,0.7125118949984618
1.053863863863864,0.7015757688731002,0.010872826110855122,0.7125119102038732
1.0540540540540542,0.7015757838370252,0.010870864484270555,0.7125119254010555
1.0542442442442443,0.7015757987928535,0.010868903565295187,0.7125119405900147
1.0544344344344345,0.7015758137405904,0.010866943353625121,0.7125119557707564
1.0546246246246247,0.7015758286802423,0.010864983848790498,0.7125119709432871
1.0548148148148149,0.7015758436118144,0.010863025050505255,0.712511986107612
1.055005005005005,0.701575858535313,0.010861066958311258,0.7125120012637376
1.0551951951951952,0.7015758734507439,0.010859109571841484,0.7125120164116697
1.0553853853853854,0.7015758883581124,0.010857152890746865,0.7125120315514141
1.0555755755755756,0.701575903257425,0.010855196914606463,0.7125120466829766
1.0557657657657658,0.7015759181486871,0.010853241643057792,0.7125120618063633
1.0559559559559561,0.7015759330319046,0.010851287075728433,0.71251207692158
1.0561461461461463,0.7015759479070832,0.010849333212225127,0.7125120920286325
1.0563363363363365,0.7015759627742288,0.010847380052181731,0.7125121071275267
1.0565265265265267,0.7015759776333473,0.010845427595194067,0.7125121222182687
1.0567167167167169,0.7015759924844442,0.01084347584090765,0.712512137300864
1.056906906906907,0.7015760073275256,0.010841524788938729,0.7125121523753186
1.0570970970970972,0.701576022162597,0.010839574438889716,0.7125121674416387
1.0572872872872874,0.7015760369896642,0.01083762479038819,0.7125121824998298
1.0574774774774776,0.7015760518087328,0.0108356758430812,0.7125121975498977
1.0576676676676677,0.701576066619809,0.010833727596566752,0.7125122125918485
1.057857857857858,0.7015760814228983,0.010831780050465636,0.7125122276256878
1.058048048048048,0.7015760962180062,0.010829833204417596,0.7125122426514215
1.0582382382382383,0.7015761110051387,0.010827887058038228,0.7125122576690553
1.0584284284284284,0.7015761257843018,0.010825941610917359,0.7125122726785954
1.0586186186186186,0.7015761405555008,0.010823996862719535,0.7125122876800476
1.0588088088088088,0.7015761553187413,0.010822052813070509,0.712512302673417
1.058998998998999,0.7015761700740295,0.010820109461560165,0.7125123176587103
1.0591891891891891,0.7015761848213709,0.010818166807852102,0.7125123326359326
1.0593793793793795,0.7015761995607709,0.01081622485154875,0.71251234760509
1.0595695695695697,0.7015762142922358,0.010814283592247289,0.7125123625661886
1.05975975975976,0.7015762290157708,0.010812343029628744,0.7125123775192336
1.05994994994995,0.701576243731382,0.010810403163277565,0.7125123924642311
1.0601401401401402,0.7015762584390747,0.010808463992841483,0.7125124074011868
1.0603303303303304,0.7015762731388546,0.010806525517937109,0.7125124223301066
1.0605205205205206,0.7015762878307276,0.010804587738188941,0.7125124372509959
1.0607107107107108,0.7015763025146993,0.010802650653208736,0.7125124521638612
1.060900900900901,0.7015763171907754,0.010800714262654566,0.7125124670687073
1.0610910910910911,0.7015763318589613,0.010798778566137493,0.7125124819655405
1.0612812812812813,0.701576346519263,0.010796843563278733,0.7125124968543666
1.0614714714714715,0.7015763611716861,0.010794909253711528,0.7125125117351909
1.0616616616616616,0.7015763758162359,0.010792975637056166,0.7125125266080199
1.061851851851852,0.7015763904529184,0.010791042712962919,0.7125125414728584
1.0620420420420422,0.7015764050817392,0.010789110481030933,0.7125125563297128
1.0622322322322324,0.7015764197027038,0.01078717894090693,0.7125125711785885
1.0624224224224226,0.7015764343158177,0.010785248092206488,0.7125125860194914
1.0626126126126128,0.7015764489210868,0.010783317934576873,0.712512600852427
1.062802802802803,0.7015764635185169,0.01078138846760665,0.7125126156774013
1.062992992992993,0.701576478108113,0.010779459690986823,0.7125126304944196
1.0631831831831833,0.701576492689881,0.010777531604327815,0.7125126453034877
1.0633733733733735,0.7015765072638266,0.01077560420722913,0.7125126601046115
1.0635635635635636,0.7015765218299554,0.010773677499311267,0.7125126748977967
1.0637537537537538,0.7015765363882728,0.010771751480272714,0.7125126896830486
1.063943943943944,0.7015765509387845,0.010769826149678759,0.7125127044603733
1.0641341341341342,0.701576565481496,0.01076790150719312,0.7125127192297762
1.0643243243243243,0.7015765800164132,0.010765977552431041,0.712512733991263
1.0645145145145145,0.7015765945435412,0.010764054285028917,0.7125127487448397
1.0647047047047047,0.7015766090628858,0.010762131704639358,0.7125127634905114
1.0648948948948949,0.7015766235744525,0.010760209810874681,0.7125127782282837
1.065085085085085,0.701576638078247,0.010758288603359931,0.7125127929581628
1.0652752752752754,0.7015766525742746,0.010756368081728137,0.7125128076801543
1.0654654654654656,0.7015766670625411,0.010754448245632039,0.7125128223942633
1.0656556556556558,0.7015766815430519,0.010752529094676352,0.7125128371004958
1.065845845845846,0.7015766960158125,0.010750610628528952,0.7125128517988574
1.0660360360360361,0.7015767104808283,0.010748692846806613,0.7125128664893536
1.0662262262262263,0.7015767249381052,0.010746775749132851,0.7125128811719901
1.0664164164164165,0.7015767393876486,0.010744859335148262,0.7125128958467725
1.0666066066066067,0.7015767538294638,0.010742943604501795,0.7125129105137062
1.0667967967967968,0.7015767682635565,0.010741028556803502,0.7125129251727973
1.066986986986987,0.7015767826899322,0.010739114191713488,0.7125129398240507
1.0671771771771772,0.7015767971085964,0.010737200508857783,0.7125129544674725
1.0673673673673674,0.7015768115195544,0.010735287507851451,0.7125129691030682
1.0675575575575575,0.701576825922812,0.010733375188347898,0.7125129837308433
1.067747747747748,0.7015768403183744,0.010731463549989204,0.7125129983508033
1.0679379379379381,0.7015768547062473,0.010729552592397579,0.7125130129629539
1.0681281281281283,0.7015768690864361,0.010727642315215447,0.7125130275673007
1.0683183183183185,0.7015768834589463,0.010725732718082694,0.7125130421638489
1.0685085085085086,0.7015768978237831,0.010723823800646778,0.7125130567526043
1.0686986986986988,0.7015769121809524,0.010721915562514218,0.7125130713335728
1.068888888888889,0.7015769265304593,0.010720008003337252,0.7125130859067595
1.0690790790790792,0.7015769408723093,0.010718101122782372,0.7125131004721699
1.0692692692692694,0.7015769552065082,0.010716194920445794,0.7125131150298096
1.0694594594594595,0.7015769695330609,0.010714289395984433,0.7125131295796843
1.0696496496496497,0.7015769838519733,0.010712384549031343,0.7125131441217994
1.0698398398398399,0.7015769981632506,0.010710480379220568,0.7125131586561605
1.07003003003003,0.7015770124668983,0.010708576886210925,0.7125131731827731
1.0702202202202202,0.7015770267629218,0.010706674069619823,0.7125131877016425
1.0704104104104104,0.7015770410513263,0.01070477192910259,0.7125132022127743
1.0706006006006006,0.7015770553321178,0.010702870464280785,0.7125132167161742
1.0707907907907908,0.7015770696053009,0.01070096967482781,0.7125132312118474
1.070980980980981,0.7015770838708818,0.010699069560335403,0.7125132456997997
1.0711711711711713,0.7015770981288654,0.010697170120506808,0.7125132601800362
1.0713613613613615,0.7015771123792571,0.010695271354907445,0.7125132746525628
1.0715515515515517,0.7015771266220627,0.010693373263241723,0.7125132891173847
1.0717417417417419,0.701577140857287,0.010691475845145078,0.712513303574507
1.071931931931932,0.7015771550849359,0.010689579100201562,0.7125133180239361
1.0721221221221222,0.7015771693050143,0.01068768302812229,0.7125133324656768
1.0723123123123124,0.7015771835175281,0.01068578762849487,0.7125133468997347
1.0725025025025026,0.7015771977224823,0.010683892901001914,0.7125133613261153
1.0726926926926927,0.7015772119198822,0.010681998845265224,0.7125133757448241
1.072882882882883,0.7015772261097336,0.01068010546091872,0.7125133901558663
1.073073073073073,0.7015772402920414,0.010678212747635099,0.7125134045592475
1.0732632632632633,0.701577254466811,0.010676320705057238,0.7125134189549729
1.0734534534534534,0.7015772686340479,0.010674429332802599,0.7125134333430483
1.0736436436436438,0.7015772827937574,0.010672538630498133,0.7125134477234791
1.073833833833834,0.7015772969459448,0.010670648597856623,0.7125134620962701
1.0740240240240242,0.7015773110906155,0.010668759234475047,0.7125134764614274
1.0742142142142144,0.7015773252277745,0.01066687053999445,0.7125134908189562
1.0744044044044045,0.7015773393574276,0.010664982514074335,0.7125135051688618
1.0745945945945947,0.7015773534795798,0.010663095156358875,0.7125135195111498
1.074784784784785,0.7015773675942365,0.010661208466493365,0.7125135338458253
1.074974974974975,0.7015773817014032,0.010659322444080946,0.7125135481728941
1.0751651651651652,0.7015773958010848,0.010657437088855574,0.712513562492361
1.0753553553553554,0.7015774098932868,0.010655552400390695,0.7125135768042319
1.0755455455455456,0.7015774239780145,0.010653668378368545,0.7125135911085118
1.0757357357357358,0.7015774380552731,0.010651785022417815,0.7125136054052063
1.075925925925926,0.701577452125068,0.010649902332196754,0.7125136196943207
1.0761161161161161,0.7015774661874044,0.010648020307347556,0.7125136339758604
1.0763063063063063,0.7015774802422876,0.010646138947500222,0.7125136482498308
1.0764964964964965,0.7015774942897229,0.01064425825233508,0.7125136625162369
1.0766866866866867,0.7015775083297154,0.010642378221472255,0.7125136767750845
1.0768768768768768,0.7015775223622706,0.010640498854587978,0.7125136910263786
1.0770670670670672,0.7015775363873936,0.010638620151289357,0.7125137052701249
1.0772572572572574,0.7015775504050896,0.010636742111269725,0.7125137195063284
1.0774474474474476,0.7015775644153641,0.010634864734138562,0.7125137337349945
1.0776376376376378,0.7015775784182219,0.010632988019595509,0.7125137479561284
1.077827827827828,0.7015775924136687,0.010631111967224955,0.7125137621697358
1.078018018018018,0.7015776064017094,0.01062923657673131,0.7125137763758217
1.0782082082082083,0.7015776203823494,0.010627361847731253,0.7125137905743916
1.0783983983983985,0.7015776343555938,0.010625487779899523,0.7125138047654503
1.0785885885885886,0.7015776483214479,0.010623614372861731,0.7125138189490039
1.0787787787787788,0.7015776622799169,0.010621741626297948,0.7125138331250569
1.078968968968969,0.7015776762310061,0.010619869539830585,0.7125138472936152
1.0791591591591592,0.7015776901747204,0.010617998113120714,0.7125138614546839
1.0793493493493493,0.7015777041110653,0.010616127345811454,0.7125138756082681
1.0795395395395397,0.7015777180400459,0.010614257237571357,0.7125138897543731
1.07972972972973,0.7015777319616673,0.010612387788058867,0.7125139038930043
1.07991991991992,0.7015777458759347,0.010610518996893631,0.712513918024167
1.0801101101101103,0.7015777597828534,0.010608650863760326,0.7125139321478663
1.0803003003003004,0.7015777736824287,0.010606783388271786,0.7125139462641076
1.0804904904904906,0.7015777875746653,0.010604916570125534,0.7125139603728962
1.0806806806806808,0.7015778014595687,0.010603050408945441,0.712513974474237
1.080870870870871,0.701577815337144,0.010601184904408546,0.7125139885681355
1.0810610610610611,0.7015778292073965,0.010599320056153256,0.7125140026545969
1.0812512512512513,0.7015778430703309,0.010597455863839504,0.7125140167336265
1.0814414414414415,0.701577856925953,0.010595592327087282,0.7125140308052297
1.0816316316316317,0.7015778707742675,0.010593729445598462,0.7125140448694112
1.0818218218218218,0.7015778846152794,0.010591867219026092,0.7125140589261763
1.082012012012012,0.7015778984489943,0.010590005646994206,0.7125140729755307
1.0822022022022022,0.7015779122754171,0.01058814472916457,0.7125140870174793
1.0823923923923924,0.7015779260945528,0.010586284465188167,0.7125141010520275
1.0825825825825826,0.7015779399064067,0.010584424854761949,0.7125141150791799
1.0827727727727727,0.7015779537109839,0.010582565897498376,0.7125141290989424
1.0829629629629631,0.7015779675082894,0.010580707593064684,0.7125141431113199
1.0831531531531533,0.7015779812983284,0.010578849941096488,0.7125141571163177
1.0833433433433435,0.7015779950811059,0.010576992941295334,0.7125141711139407
1.0835335335335337,0.7015780088566272,0.01057513659329476,0.7125141851041944
1.0837237237237238,0.7015780226248971,0.010573280896761319,0.7125141990870836
1.083913913913914,0.7015780363859209,0.010571425851329967,0.7125142130626139
1.0841041041041042,0.7015780501397038,0.010569571456661294,0.7125142270307903
1.0842942942942944,0.7015780638862504,0.0105677177124277,0.7125142409916179
1.0844844844844845,0.7015780776255663,0.010565864618292826,0.7125142549451016
1.0846746746746747,0.7015780913576565,0.01056401217387514,0.7125142688912472
1.0848648648648649,0.7015781050825256,0.010562160378896126,0.7125142828300592
1.085055055055055,0.7015781188001792,0.010560309232960297,0.7125142967615431
1.0852452452452452,0.7015781325106222,0.010558458735754363,0.7125143106857039
1.0854354354354356,0.7015781462138594,0.010556608886940294,0.7125143246025468
1.0856256256256258,0.7015781599098961,0.0105547596861438,0.712514338512077
1.085815815815816,0.7015781735987372,0.010552911133069087,0.7125143524142993
1.0860060060060062,0.701578187280388,0.010551063227324308,0.7125143663092194
1.0861961961961963,0.7015782009548533,0.010549215968607868,0.7125143801968418
1.0863863863863865,0.7015782146221383,0.010547369356571402,0.7125143940771719
1.0865765765765767,0.7015782282822478,0.010545523390894833,0.7125144079502147
1.0867667667667669,0.7015782419351869,0.010543678071204475,0.7125144218159755
1.086956956956957,0.7015782555809608,0.010541833397175496,0.7125144356744592
1.0871471471471472,0.7015782692195742,0.010539989368466876,0.7125144495256709
1.0873373373373374,0.7015782828510323,0.010538145984733044,0.712514463369616
1.0875275275275276,0.7015782964753402,0.010536303245662845,0.7125144772062991
1.0877177177177177,0.7015783100925028,0.010534461150876322,0.7125144910357257
1.087907907907908,0.7015783237025252,0.01053261970008981,0.7125145048579004
1.088098098098098,0.701578337305412,0.010530778892920202,0.7125145186728287
1.0882882882882883,0.7015783509011685,0.01052893872904996,0.7125145324805154
1.0884784784784785,0.7015783644897996,0.010527099208137235,0.7125145462809659
1.0886686686686686,0.7015783780713103,0.010525260329863893,0.7125145600741847
1.088858858858859,0.7015783916457059,0.01052342209383527,0.7125145738601775
1.0890490490490492,0.7015784052129909,0.010521584499791207,0.7125145876389486
1.0892392392392394,0.7015784187731703,0.01051974754733075,0.7125146014105039
1.0894294294294296,0.7015784323262492,0.010517911236166482,0.7125146151748478
1.0896196196196197,0.7015784458722325,0.010516075565933073,0.7125146289319856
1.08980980980981,0.7015784594111254,0.010514240536303997,0.7125146426819222
1.09,0.7015784729429327,0.01051240614694339,0.7125146564246627
