position_x,position_y,position_r_shift,position_phi,position_z_shift,vector_r_shift,vector_phi_shift,vector_z_shift
0.87744275,0.020103489,0.8785981592901242,0.0,-1.8604669977481096,0.7002511877806038,0.01303700678116317,0.7137774936673482
0.8777855990000001,0.005745175,0.8787292948727039,0.0,-1.860333329283546,0.7002510247808659,0.013037163659110569,0.7137776507127925
0.8778934909999999,-0.008618976,0.8788604497072176,6.273367830253955,-1.8601996407836796,0.7002508643685715,0.013037105363818408,0.7137778091498792
0.877766327,-0.02298512,0.8789916240369843,6.257005368621555,-1.8600659332480656,0.7002507537906287,0.013036939096163934,0.7137779206690684
0.877404071,-0.03734941,0.8791228181798287,6.240642907200088,-1.859932204676119,0.7002506723481562,0.013037013364277622,0.713777999211586
0.87680675,-0.051708000000000004,0.8792540325769063,6.224280444751558,-1.8597984560670329,0.7002505782090944,0.013036930199295972,0.7137780930855244
0.875974452,-0.066057041,0.8793852655351251,6.207917983735677,-1.8596646874239093,0.7002504992943764,0.01303704378667894,0.7137781684299969
0.874907331,-0.08039269,0.8795165186793227,6.191555521591013,-1.859530898743771,0.7002504951384397,0.01303696187142944,0.7137781740033334
0.873605602,-0.094711103,0.879647791491664,6.175193059532057,-1.8593970900275676,0.7002504037788834,0.013037025203559777,0.7137782624746655
0.872069544,-0.10900844,0.8797790845540628,6.158830598284013,-1.8592632612742324,0.7002504332297582,0.013036987675749071,0.7137782342673938
0.870299497,-0.12328086699999999,0.8799103968020613,6.142468136625697,-1.8591294124857154,0.7002503769964539,0.013036933111638423,0.7137782904315365
0.868295865,-0.137524555,0.8800417283848113,6.126105674066578,-1.8589955436617434,0.7002504831262081,0.013036888558159357,0.7137781871269493
0.866059115,-0.151735679,0.8801730793622019,6.109743213047504,-1.8588616548022072,0.7002504959572299,0.013037043409154334,0.7137781717107923
0.8635897770000001,-0.165910426,0.8803044509145821,6.09338075116124,-1.8587277459049438,0.7002504989931403,0.013037069502200271,0.7137781682558335
0.860888441,-0.18004498800000002,0.880435841232033,6.077018289530431,-1.8585938169732692,0.700250664609976,0.013037074064403981,0.713778005694436
0.857955762,-0.19413556899999998,0.8805672515999536,6.06065582717927,-1.85845986900483,0.7002507109905283,0.013036972858518106,0.7137779620413802
0.854792456,-0.20817838100000002,0.880698681613525,6.044293365836824,-1.8583259000003651,0.7002508014743541,0.01303697195887183,0.7137778732887903
0.8513993009999999,-0.22216965100000002,0.8808301316444187,6.027930903531606,-1.8581919109591947,0.7002508709229937,0.013036939314087248,0.7137778057525391
0.847777137,-0.236105615,0.8809616013990541,6.011568442409187,-1.8580579018818564,0.7002510501162966,0.013036969854094967,0.7137776293973126
0.884810575,0.020272296999999998,0.8859811996529715,0.0,-1.867710126180508,0.7002521230019036,0.012928611743931563,0.7137785477511225
0.8851552009999999,0.00579341,0.8861123365147723,0.0,-1.8675764567135993,0.7002519643992142,0.012928552586063187,0.7137787044197039
0.885262897,-0.008691326999999999,0.8862434926486752,6.273367830590376,-1.867442766211349,0.7002518511084543,0.012928540024948866,0.7137788157910029
0.8851335640000001,-0.023178037999999998,0.8863746682576434,6.257005368495816,-1.8673090566733885,0.7002517391983824,0.012928648253299452,0.7137789236199003
0.8847671659999999,-0.037662843,0.8865058630673069,6.2406429070250065,-1.8671753271002183,0.7002516571665903,0.012928705554629813,0.7137790030591583
0.8841637309999999,-0.052141864,0.8866370774087752,6.224280444609858,-1.867041578491234,0.7002516121113921,0.012928545024033556,0.7137790501681582
0.8833233509999999,-0.06661122,0.8867683119575703,6.207917983577245,-1.8669078088451945,0.7002515827458482,0.012928613930348838,0.713779077729079
0.882246179,-0.081067036,0.8868995652115798,6.191555520914228,-1.8667740201648557,0.7002514367055639,0.012928486588838906,0.7137792233081008
0.880932435,-0.095505434,0.887030838773783,6.175193060075938,-1.8666402114472782,0.7002514914183062,0.012928598462343628,0.7137791676059463
0.879382399,-0.109922545,0.8871621313378356,6.158830598007942,-1.866506382694856,0.7002514252589702,0.01292856104078674,0.7137792331892233
0.877596417,-0.124314501,0.8872934438931911,6.142468135950232,-1.8663725339057757,0.7002514594718313,0.01292857898390664,0.7137791992997744
0.8755748959999999,-0.13867744,0.8874247751631658,6.126105674349879,-1.866238665082377,0.7002513630332164,0.01292869950467777,0.7137792917276602
0.873318308,-0.15300750800000001,0.8875561258620068,6.109743212381329,-1.8661047762233511,0.700251489640387,0.012928581863572392,0.7137791696508213
0.8708271879999999,-0.167300857,0.8876874963532417,6.09338075109061,-1.8659708683280332,0.7002515816237243,0.012928661088213698,0.713779077975769
0.868102134,-0.18155365,0.8878188874445844,6.077018289007943,-1.8658369403949424,0.7002515548687129,0.012928524682893258,0.7137791066944126
0.865143804,-0.195762057,0.8879502966781024,6.060655827015532,-1.8657029924285817,0.7002516578980047,0.012928698065816277,0.7137790024772503
0.8619529229999999,-0.20992226,0.8880817260569069,6.044293365598368,-1.8655690244252812,0.7002517283851449,0.01292867103486369,0.7137789338155683
0.858530275,-0.22403045300000002,0.8882131742338873,6.027930904149969,-1.8654350363875087,0.7002519171336421,0.012928536881564996,0.7137787510740009
0.854876709,-0.23808284300000002,0.888344642558987,6.011568442563178,-1.8653010293127934,0.7002520812745173,0.012928722389106327,0.7137785866836384
0.8921783999999999,0.020441105,0.8933642400158187,0.0,-1.8749532546129066,0.7002530863817765,0.012821998586962655,0.7137795257395888
0.8925248029999999,0.005841645,0.893495378155009,0.0,-1.8748195831436543,0.7002529715717885,0.01282209674681234,0.7137796366105545
0.892632303,-0.008763679,0.8936265355999501,6.273367829801069,-1.8746858916390006,0.7002528601802758,0.012822007743490915,0.7137797474899168
0.8925008,-0.023370956000000002,0.8937577114804784,6.257005368342832,-1.8745521811005403,0.7002527006968676,0.01282202194389098,0.7137799036958195
0.8921302609999999,-0.037976276,0.8938889079566172,6.240642906852814,-1.874418450524316,0.7002526671750665,0.01282206899856614,0.71377993573706
0.891520713,-0.052575727999999995,0.8940201232389083,6.224280444536415,-1.8742847009136065,0.7002525249054952,0.012821953049142642,0.7137800773932295
0.89067225,-0.067165399,0.8941513583818477,6.207917983421427,-1.874150931266479,0.7002524960839404,0.012821966117124661,0.7137801054338112
0.8895850279999999,-0.081741381,0.8942826126481387,6.191555521465746,-1.8740171415842835,0.7002524424179496,0.012821919477926408,0.7137801589205166
0.888259268,-0.096299766,0.894413886161852,6.175193059498129,-1.873883331866793,0.7002524036878144,0.012822082604847108,0.7137801939862949
0.886695254,-0.11083665,0.8945451781197765,6.158830597736425,-1.8737495031154812,0.7002524287110945,0.01282205438448533,0.7137801699442025
0.8848933370000001,-0.125348134,0.894676490842236,6.142468136393758,-1.8736156543260951,0.7002524146682377,0.012821996014663639,0.7137801847694445
0.882853927,-0.139830325,0.8948078219415202,6.126105674628509,-1.8734817865030102,0.7002524761882067,0.012822089626403424,0.7137801227338131
0.8805775020000001,-0.154279336,0.8949391731760652,6.109743213020974,-1.8733478986430048,0.7002524505128688,0.012822025666366558,0.7137801490715004
0.8780646000000001,-0.168691288,0.8950705427739413,6.093380751232153,-1.8732139907493237,0.7002524942745423,0.012822160927599911,0.713780103709419
0.8753158259999999,-0.183062311,0.895201932471773,6.077018289359719,-1.8730800628187856,0.7002526029672489,0.012822021306492435,0.7137799995847518
0.872331845,-0.19738854399999997,0.8953333405602135,6.060655827698251,-1.8729461158545244,0.7002527060295108,0.012822089233839267,0.7137798972554684
0.869113389,-0.211666138,0.8954647692920643,6.044293366185485,-1.872812148852411,0.7002527377294602,0.012821979545802607,0.7137798681266676
0.865661248,-0.225891256,0.8955962161100818,6.0279309033943775,-1.8726781628171314,0.7002528639698321,0.012822042574121601,0.7137797431464943
0.86197628,-0.240060071,0.8957276827555832,6.011568442414794,-1.8725441567454946,0.7002529965772656,0.012822020231223473,0.7137796134534458
0.8995462240000001,0.020609912,0.9007472793541929,0.0,-1.8821963820471803,0.7002539719859092,0.012717254224306812,0.7137805308096823
0.8998944040000001,0.005889879000000001,0.9008784187887241,0.0,-1.8820627095755533,0.7002538617861811,0.012717144857204276,0.713780640869603
0.900001708,-0.00883603,0.9010095775414575,6.273367830124783,-1.8819290170685021,0.7002537504007658,0.012717098781304769,0.7137807509650627
0.8998680370000001,-0.023563874,0.9011407557029696,6.257005368221434,-1.8817953055258618,0.7002536871135616,0.012717141076901672,0.7137808122993308
0.8994933559999999,-0.038289709,0.9012719528459275,6.240642906683442,-1.8816615739484135,0.7002535580530774,0.012717174950982587,0.7137809383103976
0.898877695,-0.053009592,0.9014031690690412,6.224280444464175,-1.881527823335979,0.7002534626198256,0.012717102587016301,0.7137810332242907
0.8980211490000001,-0.067719578,0.9015344048042929,6.2079179832681595,-1.8813940526877644,0.7002533867779027,0.01271718421681275,0.7137811061744859
0.8969238759999999,-0.082415726,0.9016656590888942,6.19155552190665,-1.8812602630055353,0.7002534326990917,0.012717087201534489,0.7137810628520816
0.8955860999999999,-0.09709409699999999,0.9017969324497982,6.175193059913743,-1.881126453288325,0.7002533856067481,0.012717198310226026,0.7137811070723471
0.89400811,-0.111750755,0.9019282258958256,6.158830597607018,-1.8809926245342867,0.7002533175459209,0.01271717133706774,0.7137811743238368
0.892190257,-0.126381768,0.9020595379333657,6.142468135731239,-1.8808587757461555,0.7002533581998445,0.012717156795896148,0.7137811346994742
0.8901329579999999,-0.14098321,0.9021908687198749,6.1261056749025835,-1.8807249079236439,0.7002533662452849,0.012717206480074716,0.713781125921308
0.887836695,-0.155551165,0.9023222196758701,6.10974321236591,-1.8805910200641485,0.700253429584517,0.012717212400328755,0.7137810636770122
0.8853020109999999,-0.170081719,0.9024535882126009,6.093380751162098,-1.880457113172413,0.7002534812083769,0.012717143584431045,0.7137810142575961
0.882529518,-0.184570972,0.902584977500794,6.077018289705744,-1.8803231862426277,0.7002534999089497,0.012717244242618952,0.7137809941180419
0.8795198870000001,-0.19901503199999998,0.9027163856383622,6.0606558275329485,-1.8801892392782762,0.7002535945388452,0.012717242931163723,0.7137809013049148
0.876273855,-0.21341001699999998,0.9028478127656793,6.04429336568571,-1.8800552742791055,0.7002537358113661,0.012717062752713061,0.7137807659198789
0.8727922220000001,-0.227752058,0.9029792586995503,6.027930904003757,-1.879921288245446,0.7002538156014179,0.012717143647604758,0.7137806862006714
0.869075852,-0.24203729899999998,0.9031107239136841,6.011568442566223,-1.8797872831764328,0.7002539337024872,0.012717236861289026,0.7137805686769614
0.906914049,0.02077872,0.9081303197170402,0.0,-1.889439510479579,0.7002549382802332,0.012614089618907774,0.7137814134293725
0.9072640059999999,0.005938114,0.9082614604289604,0.0,-1.8893058360056083,0.7002548269316557,0.012614019683479801,0.7137815239037374
0.907371114,-0.008908381,0.908392620482915,6.273367830454056,-1.8891721424961712,0.7002546644159031,0.01261401441150904,0.7137816834328248
0.907235274,-0.023756792000000002,0.9085237999254603,6.257005368102008,-1.8890384299511822,0.7002545528595463,0.012614084066213796,0.7137817916440901
0.9068564509999999,-0.038603142,0.908654997735238,6.24064290651682,-1.8889046973725112,0.7002544722301186,0.01261398382941508,0.713781872516856
0.906234677,-0.053443455,0.9087862148403034,6.2242804454927505,-1.888770945758459,0.7002544771740995,0.01261395140717531,0.7137818682395387
0.905370047,-0.068273757,0.9089174502314031,6.20791798303456,-1.888637175110875,0.7002543969245896,0.012613989864514378,0.713781946288555
0.9042627240000001,-0.083090072,0.9090487056211515,6.191555521243782,-1.88850338442662,0.7002542972045931,0.01261408541641268,0.7137820424300465
0.902912933,-0.097888429,0.9091799798396994,6.175193059346626,-1.8883695747078384,0.7002542560554498,0.01261412346736885,0.7137820821268763
0.901320965,-0.112664859,0.9093112725555642,6.158830598435573,-1.8882357459551375,0.7002542821176297,0.012613976634365271,0.7137820591534864
0.8994871759999999,-0.12741540099999998,0.9094425838941286,6.14246813601496,-1.8881018971682868,0.7002542660663053,0.01261401748280576,0.7137820741787256
0.8974119890000001,-0.142136096,0.9095739156546635,6.1261056740851645,-1.887968029343991,0.700254281519042,0.012614025129841916,0.713782058883714
0.895095887,-0.156822993,0.9097052650181064,6.109743212615491,-1.8878341414874131,0.7002543034868511,0.012613996640925251,0.7137820378357019
0.892539423,-0.17147215,0.9098366346333003,6.093380751300765,-1.8877002355937036,0.700254299533735,0.012613968717845267,0.7137820422073561
0.88974321,-0.186079634,0.9099680227326922,6.077018288969337,-1.8875663086660959,0.700254465367553,0.012613949078066572,0.7137818798634907
0.886707928,-0.20064152,0.9100994297430024,6.060655827127567,-1.887432363703813,0.7002545221211818,0.012613980814905239,0.713781823624584
0.883434321,-0.215153895,0.9102308560008364,6.044293366262601,-1.887298398706235,0.7002545904126583,0.01261398173782146,0.7137817566110233
0.8799231959999999,-0.22961286,0.9103623012908508,6.0279309046032585,-1.8871644146737585,0.7002547171080653,0.012613994798672805,0.7137816320858379
0.876175424,-0.24401452699999998,0.9104937650736169,6.011568442715198,-1.8870304106073694,0.7002548496824319,0.01261397652333235,0.7137815023468342
0.914281874,0.020947527,0.9155133600569823,0.0,-1.8966826389120193,0.7002558787519756,0.01251247866662689,0.7137822792357035
0.9146336079999999,0.005986348000000001,0.9156445020644841,0.0,-1.8965489634356738,0.7002556704222991,0.012512431989620088,0.713782484435645
0.91474052,-0.008980733000000001,0.9157756634360218,6.273367829684924,-1.896415268923821,0.7002555568415383,0.012512589471349044,0.7137825931032984
0.91460251,-0.02394971,0.9159068431482956,6.257005367955894,-1.8962815543783347,0.7002554945248209,0.012512567033213965,0.7137826546323733
0.914219546,-0.038916575,0.9160380426263802,6.240642906352882,-1.8961478217966072,0.700255364501072,0.012512576345362717,0.7137827820287292
0.913591658,-0.05387731900000001,0.9161692596740042,6.224280445349646,-1.8960140691826586,0.7002552705580383,0.012512468664166776,0.7137828760790058
0.9127189459999999,-0.06882793599999999,0.9163004966556803,6.207917982886875,-1.895880297532159,0.7002552420060075,0.012512450131602416,0.7137829044147891
0.911601572,-0.08376441700000001,0.916431752063739,6.191555521679373,-1.89574650684787,0.7002551875085489,0.012512496615288976,0.7137829570645544
0.910239765,-0.09868276,0.9165630261276455,6.175193059756769,-1.8956126961293702,0.7002551944308709,0.012512463180798954,0.7137829508595259
0.90863382,-0.113578964,0.916694319339337,6.15883059816717,-1.8954788673757614,0.7002551753798936,0.012512455790745365,0.713782969678991
0.906784096,-0.12844903400000002,0.9168256308450055,6.142468136447258,-1.8953450185886045,0.7002551670399506,0.012512421435365998,0.7137829784631142
0.90469102,-0.143288981,0.916956962433018,6.1261056743591995,-1.8952111507646243,0.700255223978512,0.012512502998416128,0.7137829211738806
0.90235508,-0.158094821,0.91708831134717,6.109743213049436,-1.8950772639088713,0.7002552368104364,0.012512660557804228,0.7137829058231396
0.8997768340000001,-0.17286258100000002,0.9172196800701282,6.093380751231285,-1.8949433570167946,0.7002552888057,0.012512548650543623,0.7137828567750235
0.896956902,-0.187588295,0.9173510677617132,6.077018289312937,-1.8948094320899376,0.7002553005771122,0.01251240728454063,0.7137828477048214
0.893895969,-0.202268007,0.9174824736251135,6.060655827792916,-1.8946754871297558,0.7002554026379509,0.012512592042115436,0.7137827443394448
0.890594787,-0.216897774,0.9176138994726195,6.044293365770242,-1.8945415231329314,0.7002555427939884,0.012512537671144214,0.7137826077926844
0.8870541690000001,-0.231473663,0.9177453431652134,6.027930903862247,-1.8944075401033829,0.7002556230320026,0.012512568665204211,0.7137825285319477
0.8832749959999999,-0.245991755,0.9178768062335497,6.011568442861779,-1.8942735380383058,0.7002556812763026,0.01251249449684617,0.7137824726915953
0.921649699,0.021116335,0.9228964004179976,0.0,-1.9039257663444196,0.7002566539962216,0.012412481686922355,0.7137832646065526
0.92200321,0.0060345830000000005,0.9230275437047208,0.0,-1.9037920898657288,0.7002565420345773,0.01241270709026997,0.7137833705267077
0.922109926,-0.009053084,0.9231587063774795,6.27336783001245,-1.9036583943514906,0.7002564303872083,0.012412552156071064,0.7137834827525344
0.921969747,-0.024142627000000003,0.9232898873446097,6.257005368924388,-1.9035246788037037,0.7002563184273762,0.012412673023020768,0.7137835904887144
0.92158264,-0.039230008,0.923421086516597,6.240642906145457,-1.903390945222535,0.700256237571096,0.012412549008824814,0.713783671969229
0.92094864,-0.054311183,0.9235523055041372,6.224280445272641,-1.9032571916050307,0.7002561896182874,0.012412716323654328,0.7137837161036568
0.9200678440000001,-0.069382115,0.9236835420827906,6.207917982660052,-1.9031234199552693,0.7002561132889591,0.012412532132014221,0.7137837941894678
0.91894042,-0.08443876300000001,0.923814798595996,6.191555521028907,-1.9029896282689545,0.7002561610064972,0.012412539374598764,0.7137837472503256
0.917566597,-0.09947709099999999,0.9239460724155917,6.17519306016036,-1.9028558175509023,0.7002560698438243,0.012412667826275646,0.7137838344515205
0.915946675,-0.114493069,0.9240773661231099,6.158830597903053,-1.9027219887963849,0.7002560525976025,0.012412543296667156,0.7137838535364415
0.9140810159999999,-0.129482668,0.9242086779361354,6.142468135800178,-1.9025881400086648,0.7002560385073858,0.012412577280473376,0.7137838667686451
0.91197005,-0.144441866,0.9243400082236858,6.126105674459437,-1.9024542721870674,0.7002560390526952,0.012412716202678599,0.7137838638178242
0.909614273,-0.15936665,0.9244713578469749,6.109743212409827,-1.9023203853300152,0.700256116418731,0.012412591866869842,0.7137837900802337
0.907014245,-0.17425301199999998,0.9246027255087881,6.093380751162915,-1.9021864794398842,0.7002562099123915,0.012412652254542451,0.7137836973083237
0.9041705940000001,-0.189096956,0.9247341127907341,6.077018289651053,-1.9020525555137793,0.700256229943636,0.012412603180473094,0.7137836785100998
0.9010840109999999,-0.203894495,0.9248655187050941,6.060655827630813,-1.9019186115535058,0.7002562745404104,0.012412698999580552,0.7137836330922216
0.8977552529999999,-0.218641652,0.9249969427096086,6.044293366337257,-1.9017846485600596,0.700256355533457,0.012412572085102795,0.7137835558411477
0.894185143,-0.233334465,0.9251283857565139,6.027930904453315,-1.9016506665316952,0.700256482245217,0.012412582986530415,0.7137834313411573
0.8903745679999999,-0.24796898399999998,0.9252598476617716,6.011568441963741,-1.9015166654687508,0.7002566148010755,0.01241256744643624,0.7137833015675877
0.929017524,0.021285142000000003,0.9302794407579396,0.0,-1.91116889477686,0.7002575552009758,0.012314308284202772,0.7137840809344476
0.929372812,0.006082818,0.9304105853449575,0.0,-1.9110352162957835,0.7002573927255109,0.012314328174156447,0.7137842399877489
0.9294793309999999,-0.009125435,0.9305417483189867,6.27336783032422,-1.9109015197809918,0.7002573299158273,0.012314216079220258,0.7137843035410003
0.929336983,-0.024335545,0.930672930567445,6.257005368774072,-1.9107678032308557,0.700257218702929,0.012314247127569927,0.7137844121106313
0.928945735,-0.03954344,0.930804131363378,6.240642907061603,-1.9106340686467105,0.7002571373446441,0.01231422718610894,0.7137844922710872
0.9283056209999999,-0.054745047000000005,0.9309353503378381,6.224280445133549,-1.9105003150292306,0.7002570424220714,0.012314319186624895,0.7137845838075121
0.927416743,-0.069936293,0.9310665884300394,6.207917983589843,-1.9103665413766926,0.7002569645456085,0.01231431816982865,0.7137846602256054
0.9262792670000001,-0.085113108,0.9311978440409484,6.191555521360929,-1.9102327496920308,0.7002569108459115,0.012314271405051088,0.7137847137143692
0.924893429,-0.10027142300000001,0.9313291188113202,6.175193059488913,-1.9100989389722367,0.700256915900667,0.012314453979052932,0.713784705605608
0.92325953,-0.115407174,0.9314604129068826,6.15883059764312,-1.9099651102170085,0.7002568988652342,0.012314213178486652,0.7137847264725129
0.921377936,-0.130516301,0.9315917248870121,6.14246813622733,-1.9098312614289825,0.7002569807790812,0.012314299338262065,0.713784644624675
0.9192490809999999,-0.145594751,0.9317230550020401,6.126105674726168,-1.9096973936077009,0.7002569461108691,0.012314278233912457,0.7137846789999468
0.916873466,-0.160638478,0.9318544041760385,6.109743212838529,-1.9095635077514734,0.7002569685359846,0.012314337314162028,0.7137846559805738
0.914251657,-0.175643443,0.9319857719313193,6.093380751298282,-1.9094296028611732,0.7002570122138053,0.012314317235420829,0.713784613476937
0.911384286,-0.190605618,0.9321171580226321,6.077018288932566,-1.9092956779372474,0.700257080269369,0.012314400940755033,0.71378454526705
0.908272052,-0.20552098300000002,0.9322485628079024,6.0606558272342825,-1.9091617349790444,0.7002571757275198,0.012314301761660035,0.7137844533290426
0.904915719,-0.22038553100000002,0.9323799861813917,6.044293365852099,-1.9090277729867555,0.7002572168993696,0.012314321836594344,0.7137844125911228
0.901316116,-0.235195268,0.9325114276308761,6.027930903725215,-1.9088937919613196,0.7002573463018503,0.012314354518314552,0.7137842850771429
0.8974741390000001,-0.249946212,0.9326428878565358,6.011568441825968,-1.9087597919014538,0.7002575117430634,0.012314395103449258,0.7137841220709871
0.936385349,0.02145395,0.9376624811189549,0.0,-1.91841202220926,0.700258335161714,0.012217564357100264,0.7137849782376515
0.936742414,0.006131052,0.9377936269786492,0.0,-1.9182783427258505,0.7002582727138634,0.012217616544073938,0.7137850386088084
0.936848737,-0.009197786,0.9379247912604445,6.273367830641566,-1.918144645208661,0.7002581119783757,0.012217541992141178,0.713785197574278
0.93670422,-0.024528462999999997,0.9380559747899359,6.257005368654056,-1.9180109276561765,0.7002580015369182,0.012217482523246241,0.7137853069406203
0.93630883,-0.039856873,0.9381871762526882,6.240642906897248,-1.9178771920708082,0.7002579684853629,0.012217565454311064,0.7137853379463057
0.9356626020000001,-0.055178911,0.9383183951697073,6.224280444996644,-1.9177434374534317,0.7002578736703303,0.012217464346213779,0.713785432695048
0.9347656409999999,-0.070490472,0.9384496338571496,6.207917983361059,-1.9176096637998035,0.7002578453508502,0.012217414024448947,0.7137854613391478
0.933618115,-0.08578745300000001,0.938580890483536,6.191555521785327,-1.9174758721132812,0.7002577934567261,0.012217672473745415,0.7137855078260146
0.932220261,-0.10106575400000001,0.9387121651010981,6.175193059888266,-1.917342061393767,0.7002577044738516,0.012217555179428677,0.7137855971301532
0.9305723840000001,-0.11632127800000001,0.9388434585743449,6.158830598313088,-1.917208231639677,0.700257729230613,0.012217553339757584,0.7137855728740782
0.928674855,-0.131549934,0.9389747708477751,6.142468136498236,-1.9170743828511139,0.7002577204974276,0.01221756555501652,0.7137855812326666
0.926528111,-0.146747636,0.9391061007945402,6.126105674821948,-1.9169405160301425,0.7002577285192759,0.012217618800232024,0.7137855724514726
0.924132658,-0.161910306,0.9392374495201069,6.109743213076555,-1.9168066301747364,0.7002577424974779,0.012217643895994078,0.713785558308633
0.921489068,-0.17703387399999998,0.939368817369979,6.093380751230459,-1.9166727252842628,0.7002578435636605,0.012217542785354696,0.713785460888536
0.918597978,-0.192114279,0.9395002030516529,6.077018289268358,-1.9165388013610891,0.7002579027153494,0.012217606368323223,0.713785401769558
0.915460093,-0.20714747,0.9396316066918452,6.06065582788312,-1.9164048594049856,0.7002579684884254,0.012217649026486454,0.7137853365128265
0.912076185,-0.22212941,0.9397630296550067,6.044293365374559,-1.91627089841345,0.700258085965693,0.012217643541592002,0.7137852213558045
0.90844709,-0.23705607,0.9398944702221768,6.0279309043080795,-1.9161369183896322,0.7002582245165004,0.0122176047390969,0.7137850860948537
0.904573711,-0.25192344,0.9400259290164686,6.011568441976076,-1.9160029193323906,0.7002582959995663,0.012217647327772746,0.7137850152374718
0.943753174,0.021622758,0.9450455214818022,0.0,-1.9256551506416586,0.7002591980397583,0.012122326074669633,0.7137857555115918
0.9441120159999999,0.0061792869999999995,0.9451766686207178,0.0,-1.9255214701559038,0.7002590362122296,0.012122406450324636,0.7137859129073458
0.944218143,-0.009270138,0.9453078342117193,6.273367829894981,-1.9253877706363127,0.7002589231077424,0.012122376456067296,0.7137860243777837
0.944071456,-0.024721381,0.9454390180127712,6.257005368508195,-1.925254052083329,0.7002588618463025,0.01212222783232029,0.7137860870023334
0.9436719240000001,-0.040170306,0.9455702201429051,6.240642906690431,-1.925120315496736,0.7002587809297077,0.012122299464535868,0.7137861651689054
0.9430195840000001,-0.055612775,0.9457014410016721,6.224280444924195,-1.924986560875802,0.7002587335456862,0.012122348944404887,0.713786210814598
0.9421145390000001,-0.071044651,0.94583267928426,6.207917983135846,-1.9248527862229143,0.7002586583053129,0.012122363059344088,0.7137862843893127
0.940956963,-0.086461799,0.945963937017625,6.191555521149255,-1.9247189945343637,0.700258606075392,0.012122228840825505,0.7137863379088168
0.939547094,-0.101860086,0.9460952124909994,6.175193059343461,-1.9245851828132803,0.7002586139336067,0.012122280949526757,0.7137863293145681
0.9378852390000001,-0.11723538300000001,0.9462265053581178,6.158830598054011,-1.9244513530603007,0.7002585904822122,0.012122276293333865,0.7137863524005859
0.935971775,-0.132583568,0.9463578179389049,6.142468135865893,-1.9243175042711742,0.700258581291521,0.012122211248328177,0.7137863625217542
0.933807142,-0.14790052199999998,0.9464891477293289,6.126105674037016,-1.9241836374504895,0.7002586376728323,0.012122348586853243,0.713786304876556
0.931391851,-0.163182135,0.9466204960199118,6.109743212451692,-1.9240497515958803,0.7002586594479099,0.012122328397943444,0.7137862838570301
0.928726479,-0.178424305,0.9467518628086389,6.093380751163693,-1.9239158477073521,0.7002586555225034,0.01212227973535414,0.7137862885344841
0.92581167,-0.19362294,0.946883248080674,6.077018289598919,-1.923781924784931,0.7002587212347806,0.012122452444332394,0.7137862211344267
0.922648134,-0.208773958,0.9470146507946535,6.060655827490802,-1.9236479828305237,0.7002587695560188,0.012122299736541432,0.7137861763224251
0.919236651,-0.223873288,0.9471460728901638,6.044293365931406,-1.9235140228405798,0.70025890822038,0.012122195007846604,0.7137860420645624
0.915578063,-0.238916873,0.9472775120965391,6.027930903592452,-1.9233800438192565,0.7002589300332952,0.0121221991299376,0.7137860205950229
0.911673283,-0.253900668,0.9474089701764016,6.0115684421238464,-1.9232460467633272,0.7002590590460781,0.012122354456397425,0.7137858913892421
0.951120999,0.021791565,0.9524285618199121,0.0,-1.9328982780741009,0.7002599407699804,0.012028458363099915,0.7137866148522475
0.951481618,0.006227521999999999,0.9525597102609545,0.0,-1.9327645965859588,0.7002598287188571,0.012028562764965795,0.7137867230205719
0.9515875490000001,-0.009342489,0.9526908771531769,6.273367830210734,-1.932630896063982,0.7002597177517722,0.01202845773086555,0.7137868336547157
0.951438692,-0.024914298999999997,0.9528220612356064,6.2570053683645925,-1.9324971765104813,0.7002596547279434,0.012028563351933865,0.7137868937042694
0.9510350190000001,-0.040483739,0.9529532650340475,6.2406429065314954,-1.932363439920832,0.7002595245455152,0.012028502558239625,0.7137870224440171
0.950376565,-0.056046639,0.953084485833541,6.22428044479103,-1.9322296833000034,0.7002594780826997,0.01202859152424657,0.7137870665270476
0.949463438,-0.07159883,0.953215725708537,6.207917982993092,-1.9320959086441982,0.7002594004187883,0.012028564869109887,0.713787143168262
0.94829581,-0.087136144,0.9533469824625773,6.191555521472637,-1.9319621159574398,0.7002593960634537,0.01202849640269846,0.7137871485948297
0.946873925,-0.102654417,0.9534782577847726,6.1751930596245925,-1.9318283042366333,0.7002594009367517,0.012028592356991802,0.7137871421968954
0.9451980940000001,-0.11814948800000001,0.9536095521418907,6.158830597798943,-1.9316944744809244,0.7002593868755697,0.012028599510182916,0.7137871558710447
0.943268694,-0.133617201,0.9537408639014998,6.142468136135404,-1.931560626693304,0.7002593190561828,0.012028587480872903,0.7137872226078207
0.941086172,-0.149053407,0.9538721935218286,6.126105674136645,-1.9314267598729307,0.700259334719101,0.012028442646221507,0.7137872096824575
0.9386510440000001,-0.164453963,0.9540035423489754,6.109743212870123,-1.9312928740173387,0.7002594043160295,0.012028597235492107,0.7137871387994505
0.93596389,-0.179814736,0.9541349082472989,6.09338075109796,-1.9311589701304415,0.7002594477834485,0.012028600430590399,0.7137870961019828
0.9330253609999999,-0.195131602,0.9542662923355829,6.0770182886827415,-1.9310250482101907,0.7002595164224845,0.012028617742201791,0.7137870284720508
0.929836175,-0.21040044600000002,0.9543976948992935,6.060655827104549,-1.9308911072560608,0.7002596217848516,0.012028511468839504,0.7137869268973626
0.926397116,-0.22561716699999998,0.9545291153921797,6.044293365212463,-1.9307571482690542,0.7002596912087652,0.012028580754869908,0.713786857621537
0.9227090370000001,-0.240777675,0.9546605546878398,6.027930904167334,-1.9306231702475694,0.7002597819529965,0.01202863095746238,0.7137867677510078
0.918772855,-0.255877896,0.9547920113363345,6.011568442269334,-1.9304891741942636,0.7002599012488477,0.012028585159001959,0.7137866514877025
0.958488824,0.021960373,0.9598116021827595,0.0,-1.940141406506499,0.7002607637845855,0.01193624718824178,0.7137873553845642
0.95885122,0.0062757559999999995,0.9599427518946463,0.0,-1.9400077230160258,0.7002606043411153,0.011936274679646006,0.713787511346751
0.958956954,-0.00941484,0.9600739190946843,6.273367830511398,-1.9398740214934838,0.7002605891631319,0.011936207482599383,0.7137875273607939
0.9588059290000001,-0.025107217,0.9602051054599294,6.257005368250489,-1.9397403019358006,0.7002604288928539,0.011936223443111765,0.713787684326868
0.958398113,-0.040797172,0.9603363089242641,6.240642906330666,-1.93960656334676,0.7002603477694956,0.01193626573842585,0.7137877632055392
0.9577335459999999,-0.056480503,0.9604675306672419,6.224280444659912,-1.9394728067242029,0.7002602520048004,0.011936276033983112,0.7137878569831614
0.9568123359999999,-0.072153009,0.960598771137479,6.207917982774164,-1.939339032067307,0.7002602721400026,0.01193631040348597,0.7137878366548153
0.955634658,-0.087810489,0.960730028905165,6.191555521886399,-1.9392052383786906,0.7002602225389541,0.011936196954684746,0.7137878872129685
0.9542007570000001,-0.10344874800000001,0.9608613040745508,6.175193060013704,-1.9390714266581635,0.7002601814649999,0.011936220784357956,0.7137879271100014
0.952510948,-0.11906359300000001,0.9609925979352192,6.158830597418579,-1.9389375969033644,0.7002601096066178,0.011936122176211829,0.7137879992554667
0.950565613,-0.134650834,0.9611239098622627,6.142468136400777,-1.938803748115435,0.7002601969625727,0.011936273662780938,0.7137879110218853
0.9483652029999999,-0.150206292,0.9612552403001831,6.126105674397665,-1.9386698812935643,0.7002602059560453,0.011936198892620533,0.7137879034491917
0.9459102359999999,-0.16572579099999998,0.9613865876930436,6.109743213102427,-1.9385359964406013,0.7002602208593083,0.011936098309876098,0.7137878905103464
0.943201301,-0.181205167,0.9615179536877906,6.0933807510332345,-1.9384020935535298,0.7002602814113299,0.011936116009734526,0.7137878308099175
0.940239053,-0.196640263,0.9616493373646039,6.077018289012723,-1.9382681716340322,0.7002602924120445,0.011936150315141867,0.7137878194440224
0.937024216,-0.212026933,0.9617807387832364,6.06065582773945,-1.938134231682002,0.7002603377001576,0.011936165157524114,0.713787774765997
0.933557582,-0.227361045,0.961912158627337,6.044293365762011,-1.938000272696184,0.7002604278804249,0.011936208262967419,0.713787685573958
0.92984001,-0.24263847800000002,0.9620435965622021,6.027930903463762,-1.937866295677194,0.7002605434877787,0.011936271987146524,0.7137875710918828
0.925872427,-0.257855124,0.9621750524944355,6.011568442412589,-1.9377323006252019,0.7002606760541117,0.011936258926302077,0.7137874412562067
0.965856649,0.02212918,0.9671946425208694,0.0,-1.9473845339389415,0.7002614736057355,0.011845338641521368,0.7137881734352228
0.966220822,0.006323991,0.9673257935348829,0.0,-1.9472508494460807,0.7002614092570171,0.01184538989967141,0.7137882357138571
0.96632636,-0.009487192,0.9674569620459591,6.273367829782887,-1.947117146921135,0.7002612490091276,0.011845252855357685,0.7137883951991438
0.966173165,-0.025300135,0.9675881486827644,6.2570053681110425,-1.9469834263629526,0.7002611870668277,0.011845181588185738,0.7137884571502261
0.965761208,-0.041110605,0.9677193538135744,6.2406429061768955,-1.9468496867708578,0.70026110438785,0.011845319613482045,0.7137885359717983
0.965090528,-0.056914367,0.9678505764992069,6.224280444591686,-1.9467159301465735,0.7002610591614065,0.011845257915078641,0.7137885813650081
0.9641612340000001,-0.072707187,0.9679818164893933,6.20791798358988,-1.9465821544905553,0.7002609814022126,0.011845237996321391,0.7137886579810727
0.962973505,-0.088484835,0.9681130744434507,6.191555521169478,-1.9464483608015977,0.7002609311236284,0.0118453110718905,0.7137887060940928
0.961527589,-0.10424308,0.9682443504702791,6.175193059368956,-1.946314548079498,0.7002608896448842,0.011845277517334633,0.7137887473435628
0.9598238029999999,-0.119977697,0.9683756445949577,6.158830598198068,-1.946180718324215,0.7002609634832033,0.011845275587918582,0.7137886749366524
0.957862533,-0.135684468,0.9685069569552245,6.142468135783628,-1.946046870535494,0.7002609048445764,0.011845366636778381,0.7137887309530009
0.955644233,-0.15135917699999998,0.9686382860926829,6.1261056744930285,-1.9459130037160055,0.7002609575219838,0.011845137973326219,0.7137886830685867
0.9531694279999999,-0.16699762,0.9687696332096856,6.109743212313306,-1.9457791188635478,0.7002609365230588,0.011845322784432418,0.7137887006026232
0.9504387120000001,-0.182595598,0.9689009991264506,6.093380750969496,-1.945645215976619,0.700260979590917,0.0118453738151861,0.7137886575041298
0.947452745,-0.19814892399999998,0.9690323823936247,6.077018289337679,-1.9455112950578741,0.7002610399601322,0.011845291040838481,0.7137885996526646
0.944212257,-0.213653421,0.9691637828860447,6.060655827357185,-1.9453773551075404,0.7002611431106708,0.011845356263924982,0.7137884973746197
0.9407180479999999,-0.229104924,0.9692952021009518,6.044293365299695,-1.9452433981228787,0.7002612234826979,0.011845297247748016,0.7137884195051275
0.936970984,-0.24449928,0.9694266391535027,6.027930904030873,-1.9451094221055063,0.70026131538422,0.011845210094896074,0.713788330791538
0.932971999,-0.259832352,0.9695580936543684,6.011568442553664,-1.9449754280561384,0.7002613843338418,0.011845304382938376,0.7137882615838728
0.973224474,0.022297987999999998,0.9745776828837169,0.0,-1.95462766237134,0.7002622608193564,0.011755805532955238,0.7137888813286706
0.9735904240000001,0.006372225,0.9747088351704067,0.0,-1.9544939768761458,0.7002621007166635,0.01175577482427383,0.7137890389030688
0.973695766,-0.009559543,0.9748400049874165,6.27336783009232,-1.9543602723488043,0.7002619905915733,0.011755563138812349,0.7137891504275031
0.973540402,-0.025493052999999998,0.9749711929052556,6.257005368000585,-1.954226550788274,0.7002618778502033,0.01175573815090527,0.7137892581499347
0.973124302,-0.041424037000000004,0.9751023976630937,6.2406429070075475,-1.9540928111968618,0.7002618455420745,0.011755641604105077,0.7137892914358434
0.9724475090000001,-0.057348231,0.9752336213310759,6.22428044446406,-1.9539590525707748,0.7002618020670394,0.011755613913719301,0.7137893345429966
0.971510132,-0.073261366,0.9753648619165034,6.207917983369749,-1.9538252769136664,0.7002617217049922,0.011755661983764862,0.713789412590355
0.970312353,-0.08915918,0.9754961208860383,6.191555521579275,-1.9536914832228478,0.7002616673770916,0.011755681011090246,0.7137894655752642
0.968854421,-0.105037411,0.9756273967600572,6.1751930597541165,-1.9535576705010285,0.7002616747436526,0.011755698748984598,0.7137894580561822
0.9671366570000001,-0.12089180199999999,0.9757586903882866,6.158830597820438,-1.9534238407466546,0.7002616116120962,0.011755705814700252,0.7137895198748915
0.9651594520000001,-0.136718101,0.9758900029159874,6.142468136047649,-1.9532899919576254,0.7002616938739856,0.011755846877619392,0.7137894368487996
0.962923263,-0.152512062,0.9760213318851827,6.12610567458695,-1.9531561261384467,0.7002616534452792,0.011755801021663747,0.7137894772665277
0.9604286209999999,-0.16826944800000002,0.9761526795387491,6.109743212723296,-1.953022241285006,0.7002617250487784,0.01175570116799869,0.7137894086645988
0.9576761229999999,-0.183986029,0.9762840445651101,6.09338075090672,-1.9528883383997087,0.7002617699655495,0.011755690254672168,0.7137893647788204
0.9546664359999999,-0.199657585,0.9764154264438244,6.077018289447834,-1.9527544184835088,0.7002618369553298,0.011755713815032461,0.7137892986705853
0.9514002979999999,-0.215279909,0.9765468269906847,6.060655826980697,-1.9526204795330773,0.7002618930553648,0.011755811686248823,0.7137892420218408
0.947878514,-0.230848802,0.9766782453361091,6.044293365840282,-1.9524865225500083,0.7002619748001139,0.011755680162724448,0.7137891639923911
0.944101957,-0.24636008199999998,0.9768096807772059,6.027930904330641,-1.9523525485355915,0.7002620412450173,0.011755742024412362,0.7137890977878669
0.9400715709999999,-0.26180958,0.9769411348143012,6.011568442692608,-1.9522185554870748,0.7002621729444384,0.011755834887780401,0.7137889670548465
0.9805922990000001,0.022466796,0.9819607232447324,0.0,-1.9618707898037402,0.7002629378221874,0.011667506609224509,0.7137896659395985
0.980960026,0.00642046,0.9820918768106431,0.0,-1.961737103306201,0.7002628733901878,0.011667613651960064,0.7137897274008544
0.9810651709999999,-0.009631894,0.982223046930756,6.273367830387097,-1.961603398778304,0.700262760588501,0.011667550791808964,0.7137898390923568
0.9809076379999999,-0.02568597,0.9823542361019139,6.257005368883875,-1.961469675215474,0.700262650285971,0.011667526355788398,0.7137899477039481
0.980487397,-0.04173747,0.9824854425524041,6.240642906851004,-1.9613359346209598,0.7002625681452208,0.011667637383048029,0.7137900264731623
0.97980449,-0.057782094000000006,0.9826166661059061,6.224280445355425,-1.9612021759950822,0.7002625224793098,0.011667535134811184,0.7137900729449747
0.97885903,-0.073815545,0.9827479073436135,6.2079179831529245,-1.961068399336777,0.7002624473839854,0.011667535202015264,0.7137901466160071
0.9776511999999998,-0.089833525,0.9828791663309905,6.191555521889718,-1.9609346046459242,0.7002623941761994,0.011667622293012173,0.7137901973918138
0.9761812529999999,-0.10583174199999999,0.9830104430498354,6.175193060133495,-1.9608007929225586,0.7002624019793974,0.011667575246979839,0.7137901905055162
0.9744495120000001,-0.12180590699999999,0.9831417371720592,6.158830597574779,-1.9606669621672785,0.7002624265764693,0.011667579167048305,0.713790166310531
0.9724563709999999,-0.13775173400000001,0.9832730488785822,6.1424681363077065,-1.960533114379755,0.700262362964263,0.01166754849758344,0.7137902292184752
0.9702022929999999,-0.153664947,0.9834043776758504,6.126105674679462,-1.9603992475608896,0.7002624264493967,0.011667554922796294,0.7137901668314903
0.967687813,-0.16954127600000002,0.9835357248828175,6.109743212951474,-1.9602653637082694,0.7002624473649541,0.011667639546149333,0.7137901449290721
0.9649135329999999,-0.18537646,0.9836670890235624,6.09338075065287,-1.9601314618245953,0.7002624435782514,0.01166757016522996,0.7137901497781093
0.961880128,-0.201166247,0.9837984716775546,6.07701828876859,-1.9599975419069755,0.7002625123718369,0.011667570676554972,0.713790082279931
0.9585883390000001,-0.216906396,0.9839298708746278,6.060655827602244,-1.9598636039590183,0.7002626068166513,0.011667586766531814,0.7137899893619926
0.95503898,-0.23259268100000002,0.9840612888097241,6.044293365384313,-1.9597296479767028,0.7002626381542181,0.011667509322684181,0.7137899598842086
0.951232931,-0.248220885,0.9841927236191657,6.027930903898504,-1.9595956739634433,0.7002627776513507,0.011667615593427104,0.7137898212936206
0.9471711429999999,-0.263786808,0.9843241759724021,6.01156844282947,-1.959461681918013,0.700262885141937,0.011667517646542443,0.7137897174411091
0.9879601240000001,0.022635602999999997,0.9893437635846744,0.0,-1.9691139182361808,0.7002636431417548,0.01158063350726796,0.7137903887146475
0.988329627,0.006468695,0.989474917450903,0.0,-1.968980229738088,0.700263531757478,0.011580659350748574,0.7137904975688211
0.988434577,-0.009704246,0.989606089882031,6.2733678296758075,-1.9688465242059556,0.700263418868463,0.011580742803440557,0.7137906069645161
0.988274874,-0.025878888,0.9897372793265813,6.257005368742824,-1.9687128006426244,0.700263405519215,0.01158074131965169,0.713790620084853
0.9878504909999999,-0.042050903,0.9898684864444529,6.240642906653782,-1.968579059046886,0.7002632770681724,0.01158061798506762,0.7137907481025711
0.987161471,-0.058215958,0.989999710939607,6.224280445224008,-1.9684452994192811,0.7002631805578137,0.011580659560840137,0.7137908421093613
0.986207928,-0.074369724,0.9901309527725556,6.207917982939331,-1.9683115227598857,0.7002632004885238,0.011580719667173618,0.7137908215811969
0.984990047,-0.09050787099999999,0.9902622118692765,6.191555521188797,-1.9681777270688312,0.7002631496029639,0.011580762001815419,0.7137908708155312
0.983508084,-0.106626074,0.990393488453223,6.175193059393313,-1.9680439153457128,0.7002631095378546,0.01158054519073706,0.7137909136389031
0.9817623659999999,-0.12272001099999999,0.9905247828413535,6.158830598210323,-1.9679100845899455,0.7002631341592696,0.011580663828973665,0.7137908875593169
0.97975329,-0.138785367,0.990656094839345,6.142468136563891,-1.9677762358018864,0.7002631255259887,0.011580656654198402,0.7137908961453843
0.977481323,-0.154817832,0.9907874234683504,6.1261056747705975,-1.9676423699833308,0.7002631339200144,0.011580653170496507,0.7137908879669626
0.974947005,-0.170813105,0.9909187703994595,6.109743212181104,-1.967508486131216,0.7002631477705141,0.011580675779496915,0.7137908740121448
0.972150944,-0.18676689100000002,0.9910501344622225,6.093380750593386,-1.9673745842476853,0.7002632004836279,0.011580636413380923,0.7137908229367252
0.96909382,-0.20267490800000001,0.9911815167065756,6.077018289088106,-1.9672406653308172,0.7002632675357343,0.01158065288204072,0.7137907568881808
0.96577638,-0.21853288399999998,0.9913129149792678,6.060655827229536,-1.9671067283845551,0.7002632652168881,0.011580671573139543,0.7137907588598338
0.962199446,-0.23433655899999997,0.9914443320467133,6.044293365916223,-1.966972773403831,0.7002634523362035,0.011580654154589332,0.7137905755692869
0.958363904,-0.250081687,0.991575765242869,6.027930904194796,-1.9668388003935289,0.7002634840546965,0.011580584795497265,0.7137905455771826
0.954270715,-0.265764037,0.991707217400624,6.011568441991803,-1.9667048093484585,0.7002635558355115,0.011580592365729109,0.7137904750338605
0.9953279490000001,0.022804411,0.9967268039456897,0.0,-1.9763570456685808,0.7002643858475123,0.01149504309750628,0.7137910435819387
0.9956992290000001,0.006516929,0.9968579590845947,0.0,-1.976223356168155,0.7002642240339725,0.01149498771644784,0.7137912032208696
0.995803983,-0.009776597,0.9969891328234884,6.273367829979163,-1.976089649633625,0.7002641108452528,0.011495109627322187,0.7137913123012659
0.99564211,-0.026071806,0.9971203225494164,6.257005368603862,-1.975955925069777,0.7002640490048332,0.01149502241085046,0.7137913743742852
0.995213585,-0.042364335999999995,0.9972515303346697,6.240642906459477,-1.975822182472814,0.7002640160105554,0.011495101098503087,0.7137914054760701
0.994518452,-0.058649822000000004,0.997382755773308,6.224280445094537,-1.975688422843481,0.7002639222222939,0.011494961553446642,0.7137914997341547
0.993556826,-0.074923903,0.9975139981996657,6.207917982728897,-1.9755546451829966,0.7002638432768803,0.011495087072431982,0.7137915751620287
0.992328894,-0.091182216,0.997645257316061,6.191555521497537,-1.9754208494919057,0.7002638874741747,0.011495084360263759,0.7137915318460337
0.990834916,-0.107420405,0.9977765347411689,6.1751930597697475,-1.9752870367672448,0.700263798036696,0.01149491042528756,0.7137916223895712
0.98907522,-0.123634116,0.9979078286346821,6.1588305978409785,-1.9751532070123852,0.7002637340479638,0.011495027171725559,0.7137916832854835
0.9870502090000001,-0.139819001,0.9980391409421931,6.142468135823097,-1.9750193582237594,0.7002638170230542,0.011495081592304097,0.7137916010065465
0.984760353,-0.15597071699999998,0.9981704692608502,6.126105674860384,-1.9748854924057726,0.7002638260253741,0.011495003010117105,0.7137915934403418
0.982206197,-0.172084933,0.9983018157435282,6.109743212409916,-1.9747516085544785,0.7002638477062155,0.01149499352354018,0.7137915723231678
0.979388355,-0.188157322,0.9984331799027142,6.093380750534782,-1.9746177076707727,0.7002638918330769,0.011494896626895684,0.7137915305930225
0.9763075109999999,-0.20418356899999998,0.9985645607567752,6.077018289197665,-1.974483788756452,0.7002639521523051,0.011494999148514934,0.7137914697659322
0.9729644209999999,-0.22015937100000002,0.9986959588613786,6.060655827840061,-1.9743498518104978,0.700264016057025,0.01149506557143871,0.7137914060026184
0.969359911,-0.236080438,0.9988273745468972,6.044293365229256,-1.9742158978323072,0.7002640367077378,0.011495082743776192,0.7137913854667188
0.965494878,-0.25194249,0.9989588080848286,6.027930903770045,-1.9740819258213802,0.7002642129169224,0.011495053299472906,0.7137912130710812
0.961370287,-0.267741265,0.999090258560557,6.011568442131819,-1.9739479367793948,0.7002642970101339,0.011494955137827903,0.7137911321523142
1.002695774,0.022973217999999997,1.0041098442837995,0.0,-1.9836001731010229,0.7002650120380404,0.011410606657091652,0.7137917840456561
1.003068831,0.006565164,1.0042410007248312,0.0,-1.9834664825982098,0.7002649496435794,0.011410794256092833,0.7137918422587358
1.003173388,-0.009848948,1.004372174764996,6.273367830268276,-1.9833327750631264,0.700264886417339,0.011410625610812707,0.7137919069827572
1.003009347,-0.026264724,1.0045033667719074,6.257005368493029,-1.983199049495098,0.7002646763135614,0.011410777774682208,0.7137921106723165
1.00257668,-0.042677769000000004,1.0046345752258121,6.240642906310407,-1.9830653068969097,0.7002646442865247,0.011410737739823354,0.7137921427323926
1.001875433,-0.059083685999999996,1.004765800607009,6.224280444966966,-1.9829315462676806,0.7002645986584313,0.011410628598833182,0.713792189240486
1.000905724,-0.075478081,1.0048970435515798,6.2079179835149985,-1.9827977676062454,0.7002645692960492,0.011410704724211178,0.7137922168294606
0.9996677420000001,-0.09185656099999999,1.0050283037604806,6.191555521892892,-1.9826639729131545,0.70026451909852,0.011410662434474719,0.7137922667516965
0.998161748,-0.10821473599999999,1.0051595810309468,6.175193060140657,-1.9825301591887752,0.7002645266388388,0.011410638904352635,0.7137922597304327
0.996388075,-0.124548221,1.005290875418455,6.158830597600579,-1.9823963284330088,0.7002645020426664,0.011410762581084427,0.7137922818833605
0.994347128,-0.140852634,1.005422186904788,6.142468136079077,-1.9822624806458888,0.7002644934928042,0.011410745860704138,0.7137922905384794
0.9920393829999999,-0.157123603,1.0055535152097843,6.126105673965498,-1.9821286148279271,0.7002645026782012,0.011410642831972795,0.7137922831741828
0.98946539,-0.17335676100000003,1.0056848620744234,6.109743212807165,-1.981994731975935,0.7002645260764141,0.011410587773736979,0.7137922610995674
0.986625766,-0.18954775199999999,1.0058162251545395,6.093380751454515,-1.9818608310942063,0.7002645692385356,0.011410627245262582,0.7137922181244609
0.983521203,-0.20569223,1.0059476057857963,6.077018289509347,-1.9817269121802938,0.7002646366581158,0.01141059791608644,0.7137921524514503
0.9801524620000001,-0.22178585899999997,1.0060790029660192,6.060655827471075,-1.981592976236035,0.700264729461125,0.011410798178005268,0.7137920582058046
0.976520377,-0.237824316,1.0062104177838866,6.044293365754504,-1.981459023259435,0.700264772898832,0.011410765170954342,0.7137920161189537
0.972625851,-0.253803292,1.0063418497085317,6.027930904062934,-1.9813250522514654,0.7002648543991489,0.011410641704733358,0.7137919381368952
0.968469859,-0.269718493,1.0064732997186578,6.011568442269781,-1.9811910632103331,0.7002649728417039,0.011410698215117695,0.7137918210355533
1.010063599,0.023142026,1.011492884646647,0.0,-1.9908433015334215,0.7002656245007928,0.011327610717838998,0.7137925051287243
1.010438433,0.006613399,1.0116240423668998,0.0,-1.990709610028263,0.7002655625425908,0.01132750642100006,0.7137925675679112
1.010542794,-0.009921299,1.0117552177064535,6.2733678305628855,-1.990575900490796,0.700265450532894,0.011327481245943453,0.7137926778544216
1.010376583,-0.026457642000000003,1.0118864099965745,6.257005368357914,-1.990442174922248,0.70026543662079,0.011327548781041395,0.7137926904311274
1.009939774,-0.042991201,1.0120176190734993,6.240642907109806,-1.9903084303229157,0.7002653063668078,0.011327491466267886,0.7137928191261681
1.009232414,-0.05951755,1.0121488454407102,6.224280444841256,-1.99017466969188,0.7002652603252986,0.011327529451940576,0.7137928636923024
1.0082546209999999,-0.07603226,1.0122800879833544,6.207917983229067,-1.9900408910311809,0.7002652325577048,0.011327660606369201,0.713792888852285
1.007006589,-0.092530907,1.0124113492987663,6.191555521207272,-1.9899070953360616,0.7002651815425363,0.011327465478188083,0.713792941997215
1.005488579,-0.109009068,1.0125426264343347,6.175193059416603,-1.9897732816119291,0.7002651396954856,0.011327588419419943,0.713792981100166
1.003700929,-0.125462325,1.0126739210877496,6.1588305982220435,-1.9896394508556758,0.7002651641759354,0.011327605991432762,0.7137929568048099
1.001644047,-0.14188626699999998,1.0128052328673829,6.142468136331328,-1.9895056030680187,0.7002651500517427,0.011327533511128337,0.7137929718115503
0.999318413,-0.15827648800000002,1.0129365610022838,6.126105674059842,-1.9893717372503683,0.700265164728028,0.011327495831808518,0.7137929580113606
0.996724582,-0.17462858899999997,1.0130679074184918,6.109743213028085,-1.989237854399198,0.7002651854604328,0.011327606988711594,0.7137929359078687
0.993863176,-0.190938183,1.0131992696111596,6.09338075120407,-1.989103953519095,0.7002652304218753,0.011327588990558747,0.713792892084153
0.990734894,-0.20720089100000003,1.013330649835996,6.077018289614243,-1.9889700356059286,0.7002652503382012,0.011327553196444386,0.7137928731133129
0.987340503,-0.22341234699999998,1.013462047070659,6.060655827107462,-1.9888361006615713,0.7002653555195244,0.011327464386303686,0.713792771334714
0.9836808429999999,-0.23956819399999998,1.0135934610190436,6.044293366272104,-1.9887021476865647,0.7002654254848846,0.011327464126069825,0.7137927026994224
0.979756825,-0.255664095,1.0137248925504914,6.027930903645326,-1.9885681776793172,0.7002655027009224,0.011327513882443359,0.7137926261571127
0.97556943,-0.271695721,1.0138563399152538,6.01156844214081,-1.9884341906430345,0.700265632635174,0.011327543492407303,0.7137924982153337
1.017431424,0.023310833,1.0188759249847565,0.0,-1.9980864289658635,0.7002663721116772,0.01124561329873407,0.7137930682425303
1.017808035,0.006661633,1.0190070840005916,0.0,-1.9979527364583298,0.7002662099662926,0.011245740308517667,0.7137932253141364
1.017912199,-0.009993651,1.0191382596596104,6.273367829861278,-1.9978190269202776,0.7002661458204484,0.01124564749328319,0.713793289706643
1.017743819,-0.02665056,1.0192694532194098,6.257005368224756,-1.9976852993494008,0.7002660349897057,0.011245628741398271,0.713793398732439
1.017302868,-0.043304634,1.019400662965548,6.2406429069164195,-1.9975515547488418,0.7002660031799154,0.011245559259452226,0.7137934310340556
1.016589395,-0.059951414,1.019531890274411,6.2242804447173645,-1.9974177931160795,0.7002659077066212,0.011245630069814036,0.7137935235823833
1.0156035190000001,-0.076586439,1.019663133412297,6.207917983021105,-1.9972840144542896,0.7002658782625928,0.011245717368955048,0.7137935510930155
1.014345436,-0.09320525199999999,1.0197943947455508,6.191555521509176,-1.9971502177591363,0.7002658251234821,0.011245584343792425,0.7137936053208206
1.01281541,-0.10980339900000001,1.0199256717299399,6.175193059678902,-1.9970164040352811,0.7002658304106084,0.01124574618479948,0.7137935975841251
1.0110137829999999,-0.12637643,1.0200569668810777,6.158830597860629,-1.9968825732781157,0.700265817934705,0.011245561844616541,0.7137936127278232
1.008940965,-0.1429199,1.0201882778398637,6.142468136442294,-1.996748725491962,0.7002658034101545,0.011245639669178966,0.7137936257510025
1.006597443,-0.159429373,1.0203196067947837,6.1261056741528215,-1.9966148596728095,0.7002658117630371,0.011245640475307949,0.713793617543723
1.0039837740000002,-0.175900417,1.0204509527625607,6.109743213245809,-1.996480976822461,0.7002658260084811,0.011245612352866877,0.7137936040113199
1.001100587,-0.19232861399999998,1.0205823150516515,6.093380751142322,-1.996347076942183,0.7002658768549491,0.011245622862671611,0.7137935539629084
0.997948585,-0.20870955300000002,1.020713694092737,6.077018288757558,-1.9962131600311868,0.700265945804876,0.011245586400940517,0.7137934868941447
0.994528544,-0.225038834,1.020845090954602,6.060655827705632,-1.9960792250875126,0.7002659925011422,0.011245625295517894,0.7137934404700725
0.9908413090000001,-0.24131207300000002,1.0209765044926589,6.044293365829489,-1.9959452731132594,0.7002661298905252,0.011245679260365574,0.713793304834193
0.9868877979999999,-0.257524897,1.0211079341741944,6.027930903934884,-1.9958113041094026,0.7002661634906961,0.011245638983597556,0.7137932725053329
0.9826690020000001,-0.273672949,1.0212393810751867,6.0115684422767135,-1.9956773180739709,0.7002662833989763,0.011245509758713707,0.7137931569053118
1.024799249,0.023479641000000002,1.026258965345772,0.0,-2.005329556398264,0.7002669544953685,0.011164896119538668,0.713793764007799
1.025177637,0.006709868000000001,1.0263901256408283,0.0,-2.005195862888385,0.7002668429523513,0.011164942877934595,0.7137938727056148
1.025281605,-0.010066002,1.0265213026010676,6.273367830154578,-2.0050621523479473,0.7002667323162052,0.01116477916380047,0.7137939838058373
1.025111055,-0.026843477999999997,1.0266524964422452,6.257005368093511,-2.004928423776553,0.7002667186229476,0.011164781425973868,0.7137939972042072
1.024665962,-0.043618067,1.0267837068575971,6.240642906725812,-2.0047946791747675,0.7002666382122503,0.011164802677400791,0.71379407575861
1.023946375,-0.060385278,1.026914934109848,6.224280444537859,-2.0046609165421074,0.7002665903433342,0.01116491016283035,0.7137941210390969
1.022952417,-0.077140618,1.027046178839407,6.207917982816131,-2.004527136877401,0.7002664629605718,0.01116494508891543,0.7137942454614296
1.021684283,-0.093879597,1.027177440192335,6.191555521806744,-2.0043933401822107,0.7002664621746216,0.0111648733275691,0.7137942473549493
1.020142242,-0.11059773,1.027308718019718,6.175193060042472,-2.0042595264568113,0.7002664687292197,0.01116497524253762,0.7137942393304547
1.018326637,-0.127290535,1.0274400126744065,6.158830597504405,-2.0041256957005555,0.7002664457599438,0.011164892221079095,0.7137942631630122
1.0162378840000001,-0.143953534,1.0275713239427116,6.142468135723649,-2.003991847913835,0.7002664370349668,0.011164898678489773,0.7137942716216291
1.013876473,-0.160582258,1.0277026525872834,6.1261056742444655,-2.003857982095251,0.7002664454953922,0.011164886215060628,0.7137942635164936
1.011242966,-0.177172246,1.0278339982810345,6.109743212500977,-2.003724100245406,0.7002665639926913,0.01116490138212223,0.713794147027697
1.008337997,-0.193719045,1.0279653595101037,6.093380750897714,-2.0035902003670696,0.700266520691808,0.011164836447334158,0.7137941905236371
1.005162277,-0.210218214,1.028096739121758,6.077018289065689,-2.0034562834550282,0.7002666288748121,0.011164811304881072,0.7137940847841434
1.001716584,-0.226665322,1.0282281340839015,6.060655827130668,-2.0033223495148365,0.7002666360868819,0.011164880556633545,0.713794076625548
0.998001774,-0.24305595100000002,1.0283595467580486,6.044293366108758,-2.0031883985421675,0.7002666570256718,0.011164859503098026,0.7137940564128887
0.994018772,-0.25938569899999997,1.0284909767654953,6.027930904466068,-2.0030544305377154,0.7002667836408092,0.011164881904418774,0.7137939318468718
0.9897685740000001,-0.275650177,1.0286224222332878,6.011568442410669,-2.002920444504909,0.7002669148998661,0.011165040046329964,0.7137938006016779
1.032167074,0.023648449,1.0336420057086195,0.0,-2.012572684830662,0.7002675763506134,0.011085325373318656,0.7137943941173853
1.0325472390000001,0.006758101999999999,1.03377316727452,0.0,-2.012438989318452,0.7002674626956571,0.011085402341767725,0.7137945044231623
1.032651011,-0.010138353000000001,1.0339043455425252,6.273367830443692,-2.0123052777756163,0.700267449097505,0.01108527278218995,0.7137945197756969
1.0324782909999999,-0.027036396,1.0340355396669123,6.2570053679641395,-2.0121715492037033,0.7002672892407624,0.011085297905535899,0.7137946762128028
1.0320290559999998,-0.0439315,1.0341667507478136,6.240642906537924,-2.012037802600696,0.7002672063323611,0.011085410090698595,0.7137947558077121
1.031303356,-0.06081914099999999,1.0342979788846782,6.224280445384187,-2.011904039966415,0.7002671640623376,0.011085232866201736,0.7137948000289673
1.030301315,-0.077694796,1.0344292241931532,6.207917983579182,-2.0117702603006475,0.700267181606635,0.011085226772810942,0.7137947829117942
1.02902313,-0.094553943,1.0345604857324529,6.191555521136408,-2.0116364636051163,0.7002671311889004,0.01108531995728865,0.7137948309268652
1.027469073,-0.11139206199999999,1.0346917634231056,6.175193059334608,-2.011502648879965,0.7002670416736518,0.011085251460833535,0.713794919809382
1.025639491,-0.128204639,1.034823058343701,6.158830598113262,-2.0113688181232225,0.7002670713046553,0.011085280194006458,0.7137948902937182
1.023534803,-0.144987167,1.0349543699053063,6.142468135973039,-2.0112349703359644,0.7002671050184612,0.011085333841128718,0.7137948563857084
1.021155503,-0.161735143,1.0350856983797834,6.126105674334803,-2.0111011045176928,0.7002670651331878,0.011085359118741053,0.7137948951225136
1.0185021570000001,-0.17844407399999998,1.0352170426401082,6.109743212552459,-2.0109672226704727,0.7002670868927148,0.011085340147218984,0.7137948740700029
1.015575408,-0.195109476,1.0353484049505957,6.093380750839028,-2.0108333237901577,0.7002671795510771,0.011085321146237656,0.7137947834627713
1.012375968,-0.211726875,1.0354797831719578,6.077018289171503,-2.010699406880663,0.7002671418870684,0.011085378148304674,0.7137948195277304
1.008904625,-0.22829180899999998,1.0356111779678445,6.060655827720148,-2.0105654739407774,0.700267245531295,0.011085386775371082,0.7137947177137509
1.00516224,-0.24479983,1.0357425902316635,6.044293365673613,-2.010431523968862,0.7002673368240743,0.011085296716886208,0.7137946295497167
1.001149745,-0.261246502,1.0358740186398576,6.027930903810482,-2.0102975559673393,0.7002674178452989,0.011085231307181734,0.7137945510797516
0.996868146,-0.277627405,1.0360054633932205,6.011568442542715,-2.0101635719358453,0.700267486981573,0.011085305483743877,0.7137944821017075
1.0395349,0.023817256000000002,1.0410250470464655,0.0,-2.019815812261273,0.7002681812755177,0.011006888712273837,0.7137950144782144
1.039916841,0.006806336999999999,1.0411562089147566,0.0,-2.0196821157485068,0.700268120371658,0.011006885913173685,0.713795074271068
1.040020416,-0.010210705,1.0412873874938502,6.273367829757843,-2.0195484032051,0.7002679586432347,0.011006790199044816,0.7137952344105074
1.039845527,-0.027229312999999998,1.0414185828635707,6.257005368797623,-2.0194146736309038,0.7002678957497643,0.011006834065397904,0.7137952954356409
1.03939215,-0.044244933,1.0415497946398626,6.240642906352699,-2.0192809270266223,0.700267814222206,0.011006931757590625,0.713795373911696
1.038660337,-0.061253005,1.0416810237183793,6.224280445259082,-2.0191471633906146,0.7002678172164674,0.011006787690497356,0.7137953731957224
1.037650212,-0.078248975,1.0418122686249283,6.207917983300896,-2.019013383725583,0.7002677404821113,0.011006734854247592,0.7137954492905704
1.036361976,-0.09522828800000001,1.0419435301834339,6.19155552134448,-2.018879586030015,0.7002676850697758,0.01100689247172437,0.713795501222257
1.034795904,-0.11218639300000001,1.0420748087187108,6.175193059591916,-2.0187457713033172,0.7002676926498527,0.0110067603442428,0.7137954958232616
1.032952345,-0.129118744,1.0422061041370296,6.158830597760294,-2.0186119405456626,0.7002676733043843,0.011006784712437094,0.7137955144263367
1.030831722,-0.14602079999999998,1.042337415867901,6.142468136218898,-2.0184780927580945,0.7002676578458309,0.011006882404302734,0.7137955280854964
1.0284345320000001,-0.16288802800000002,1.0424687431864286,6.126105674273625,-2.0183442279419412,0.700267769386416,0.011006879506456867,0.713795418703499
1.0257613490000002,-0.17971590199999998,1.0426000879841766,6.109743212768927,-2.018210345093736,0.7002677427380242,0.011006920846586285,0.7137954442093825
1.022812818,-0.196499907,1.042731449409048,6.093380750600027,-2.0180764472150448,0.700267787575694,0.011006725195772043,0.7137954032384263
1.019589659,-0.213235536,1.0428628272239895,6.077018289275821,-2.017942531306296,0.7002678060368042,0.01100685977297572,0.7137953830519912
1.016092666,-0.229918297,1.0429942220724846,6.060655827365062,-2.0178085983663143,0.7002679009455989,0.011006791846076908,0.7137952909893022
1.012322706,-0.246543708,1.0431256334668209,6.044293366177141,-2.0176746483959915,0.7002679811263481,0.011006731369262142,0.7137952132606337
1.008280718,-0.263107304,1.043257060263561,6.027930904092728,-2.0175406823974247,0.7002680712568143,0.011006850697745842,0.7137951229981743
1.003967718,-0.27960463399999996,1.0433885048214424,6.01156844174854,-2.017406699366291,0.700268131034809,0.011006824588578146,0.7137950647556286
1.046902725,0.023986063999999998,1.048408087407481,0.0,-2.027058939693673,0.7002687776903702,0.01092934896017348,0.7137956208350833
1.047286443,0.006854572,1.0485392505568252,0.0,-2.0269252431785603,0.700268664802164,0.010929469755394036,0.7137957297343969
1.047389822,-0.010283056,1.0486704304371397,6.2733678300456805,-2.0267915296327677,0.7002685525200596,0.0109295150509519,0.7137958391950823
1.0472127629999999,-0.027422231000000002,1.048801626088238,6.2570053686651175,-2.0266577990580545,0.7002685391664087,0.010929474687533046,0.7137958529137013
1.046755245,-0.044558365999999995,1.048932839531005,6.240642906210672,-2.026524051450718,0.7002684577549098,0.010929457739785728,0.7137959330418426
1.0460173179999999,-0.061686869000000005,1.049064068553912,6.224280445135738,-2.0263902878148126,0.7002683629255103,0.010929447448732057,0.713796026231648
1.04499911,-0.078803154,1.0491953140520383,6.2079179830982785,-2.026256506148694,0.7002683362490176,0.010929552631862889,0.7137960507920313
1.043700823,-0.095902633,1.0493265756302181,6.1915555216369285,-2.02612270845309,0.7002683327437755,0.01092945792118057,0.7137960556810342
1.042122735,-0.112980724,1.0494578540161479,6.175193059845605,-2.025988894726667,0.7002683399517866,0.010929476565404819,0.7137960483241519
1.040265199,-0.130032848,1.049589149806324,6.158830598358792,-2.0258550629683287,0.7002682661422682,0.010929608547146568,0.7137961187139555
1.03812864,-0.147054433,1.049720460840382,6.142468136327535,-2.0257212151820374,0.700268306177469,0.010929523336341278,0.7137960807422373
1.035713562,-0.164040913,1.0498517889789283,6.126105674362488,-2.025587350364382,0.7002682675091644,0.010929389709491501,0.7137961207237621
1.033020541,-0.18098773,1.0499831333300769,6.1097432129823535,-2.0254534685169974,0.7002682891787745,0.010929382695038485,0.7137960995722363
1.030050229,-0.197890337,1.050114494659041,6.093380751480528,-2.0253195696384796,0.7002683337101836,0.010929419457482985,0.7137960553218863
1.0268033509999999,-0.214744197,1.0502458722530104,6.077018289573816,-2.025185654730138,0.7002684497134902,0.010929467083940474,0.7137959407877897
1.023280707,-0.23154478399999998,1.0503772659564277,6.060655827944615,-2.0250517227922553,0.700268457194476,0.01092950398020845,0.7137959328836326
1.0194831709999999,-0.248287587,1.0505086759688367,6.044293365522116,-2.024917773824466,0.7002685384937616,0.010929419222661246,0.7137958544228643
1.015411692,-0.264968107,1.0506401031073525,6.027930903689575,-2.0247838088252745,0.7002685582676397,0.010929428054400895,0.713795834888496
1.01106729,-0.281581862,1.0507715459795435,6.011568441883382,-2.0246498257972294,0.7002686884775028,0.010929449934216356,0.7137957068112232
1.05427055,0.024154871,1.0557911277455907,0.0,-2.034302067126115,0.70026935960754,0.01085319982464033,0.7137962118479002
1.054656045,0.006902806,1.055922292190517,0.0,-2.034168369608627,0.700269246236782,0.010853243697428287,0.713796322403116
1.0547592270000001,-0.010355406999999999,1.0560534723786472,6.273367830320188,-2.034034655062269,0.7002691834381889,0.010853114128095812,0.7137963859816995
1.054579999,-0.027615149,1.0561846693110732,6.257005368534464,-2.0339009234852066,0.7002690718046343,0.010853198631441852,0.7137964942148025
1.054118339,-0.044871798,1.056315883380524,6.240642906977264,-2.033767175876723,0.7002690389440452,0.010853264463238609,0.7137965254516684
1.053374298,-0.062120733,1.056447112389349,6.2242804449583256,-2.0336334112408405,0.7002689445960705,0.0108531901131485,0.7137966191420866
1.052348007,-0.079357333,1.0565783584838135,6.2079179828272375,-2.0334996295736296,0.7002689637221338,0.010853249772951011,0.7137965994713723
1.05103967,-0.09657697900000001,1.0567096211703362,6.19155552098182,-2.033365831875995,0.7002689134074183,0.010853216054905907,0.7137966493452175
1.0494495670000001,-0.113775056,1.0568409004137085,6.1751930592560464,-2.0332320171479994,0.7002688728275178,0.010853169196008303,0.7137966898685373
1.047578052,-0.130946953,1.056972194607376,6.1588305978915505,-2.033098185392587,0.7002689024134336,0.010853194428154854,0.7137966604596786
1.0454255590000001,-0.148088066,1.0571035068029768,6.142468136567487,-2.0329643376041675,0.7002688405845382,0.010853163777590713,0.7137967215828352
1.042992592,-0.165193798,1.0572348347714282,6.126105674450111,-2.032830472786824,0.7002688968511084,0.010853167983118275,0.7137966663186809
1.040279733,-0.18225955800000002,1.0573661786759776,6.1097432131928,-2.032696591940258,0.7002689108287896,0.010853333088423364,0.7137966500954824
1.037287639,-0.199280768,1.0574975391174934,6.093380751240386,-2.032562693063367,0.7002689634633104,0.010853110708540035,0.7137966018397464
1.034017042,-0.21625285800000002,1.057628916305042,6.077018289673871,-2.0324287791557714,0.7002689827799226,0.010853134962552118,0.7137965825204384
1.030468747,-0.23317127199999998,1.057760309085727,6.060655827384026,-2.032294847219579,0.7002690293015003,0.010853195656030214,0.7137965359576821
1.026643637,-0.250031465,1.0578917192058261,6.0442933660196765,-2.0321608992515943,0.7002690702403125,0.010853260999805556,0.7137964948011712
1.022542665,-0.266828909,1.0580231447292239,6.027930903968728,-2.032026934255362,0.700269247380413,0.010853207204113619,0.7137963218360366
1.018166862,-0.28355909,1.0581545871394762,6.011568442016343,-2.0318929532281658,0.7002693200478647,0.010853097886394885,0.713796252207848
1.061638375,0.024323678999999997,1.0631741681084381,0.0,-2.0415451955585135,0.7002699281298164,0.010777899561423472,0.7137967950601246
1.062025647,0.006951041,1.0633053338307537,0.0,-2.0414114960386818,0.7002698174793739,0.010777969967243346,0.7137969025505712
1.062128633,-0.010427758,1.0634365153201044,6.2733678306001295,-2.041277780489938,0.7002697533415012,0.010777975605727663,0.7137969653878304
1.061947235,-0.027808067000000002,1.0635677125357408,6.257005368405623,-2.041144048912357,0.7002696907536836,0.01077797807256702,0.7137970267522887
1.061481433,-0.045185231,1.0636989272725728,6.240642906792846,-2.041010300302649,0.7002696088115034,0.01077803171150004,0.7137971063316311
1.060731279,-0.062554597,1.0638301572230502,6.2242804448387785,-2.0408765346650406,0.7002696125628595,0.010777885198083672,0.7137971048636436
1.059696905,-0.07991151099999999,1.0639614038375595,6.207917983569045,-2.0407427529968762,0.7002694853313275,0.010777895873190526,0.7137972295227437
1.058378517,-0.097251324,1.0640926666171207,6.191555521272727,-2.0406089542990697,0.700269484654348,0.0107779187318898,0.7137972298417407
1.056776398,-0.114569387,1.0642239457093134,6.175193059508548,-2.0404751395713516,0.7002694428250681,0.010777919164893943,0.7137972708717397
1.054890906,-0.131861058,1.0643552404007048,6.1588305975474595,-2.0403413078150265,0.7002694681314774,0.01077795069177352,0.7137972455688963
1.052722477,-0.14912170000000002,1.0644865519157107,6.14246813574097,-2.040207460027854,0.7002694590808122,0.010777853111381233,0.7137972559214388
1.050271621,-0.166346683,1.0646178795762413,6.126105674389406,-2.0400735952110747,0.7002694672253078,0.010778031153763391,0.7137972452429556
1.047538925,-0.183531387,1.0647492241926193,6.109743212474143,-2.039939714363205,0.7002695366226629,0.010778036523464209,0.7137971770797221
1.044525049,-0.200671199,1.064880583575946,6.093380751003573,-2.0398058164882538,0.7002695411190415,0.010777958506901178,0.71379717384657
1.041230733,-0.21776152,1.065011960559951,6.0770182888523845,-2.0396719025810315,0.7002696012353484,0.010777979010779388,0.7137971145599634
1.037656788,-0.234797759,1.0651433529696703,6.060655827955418,-2.03953797164552,0.7002696572833478,0.010777861963095004,0.7137970613415043
1.033804102,-0.251775344,1.0652747617078417,6.044293365374816,-2.0394040246800684,0.700269726273514,0.01077796190339589,0.7137969921497473
1.029673639,-0.268689711,1.0654061873205245,6.027930904481284,-2.0392700606836742,0.7002697581967048,0.010778041732340347,0.7137969596261562
1.025266434,-0.285536318,1.065537628297577,6.011568442147462,-2.0391360796591043,0.700269888449557,0.01077805864795411,0.7137968315862899
1.0690062009999999,0.024492487,1.0705572094691893,0.0,-2.048788322989082,0.7002704870637936,0.010703842920049545,0.7137973610865902
1.069395249,0.006999275,1.0706883754644452,0.0,-2.048654622468749,0.7002703740947335,0.010703834407164896,0.7137974720424598
1.0694980379999999,-0.01050011,1.0708195572714292,6.273367829932106,-2.0485209059194216,0.7002703107634737,0.01070377382826704,0.713797535081946
1.069314471,-0.028000985,1.0709507557585758,6.257005368278557,-2.04838717333951,0.7002701996185363,0.010703793817783842,0.7137976438207972
1.068844527,-0.045498664,1.0710819711627897,6.240642906610969,-2.048253423728577,0.700270119111142,0.010703832594388249,0.7137977222209794
1.06808826,-0.062988461,1.071213202056751,6.224280444720878,-2.04811965808924,0.7002700721540048,0.010703819324144707,0.7137977684871962
1.067045802,-0.08046569,1.0713444482693344,6.207917983298495,-2.0479858764218126,0.7002700443788702,0.010703688167016116,0.7137977977027097
1.0657173629999999,-0.097925669,1.0714757110699333,6.191555521474129,-2.0478520777239666,0.700269988813672,0.01070386938026625,0.7137978494974541
1.064103229,-0.115363718,1.0716069910067514,6.175193059757571,-2.0477182629947013,0.7002700450342646,0.010703804936244617,0.7137977953087246
1.06220376,-0.132775162,1.0717382860718312,6.1588305981350615,-2.047584431237692,0.7002699773587203,0.010703718234019628,0.7137978630018336
1.060019396,-0.150155333,1.0718695978801374,6.142468135981656,-2.047450583449982,0.7002700180883862,0.010703690231941131,0.7137978234639762
1.057550651,-0.16749956800000002,1.072000925370573,6.126105674475637,-2.047316718633514,0.7002700242743503,0.010703815123884184,0.7137978155224313
1.054798116,-0.184803215,1.072132268553525,6.109743212524038,-2.0471828377882706,0.7002699982651286,0.010703772839114412,0.7137978416728123
1.05176246,-0.20206163,1.0722636290164376,6.093380750946178,-2.0470489399113414,0.7002700426978206,0.010703822904858,0.7137977973314388
1.0484444240000002,-0.219270181,1.072395004611983,6.077018288956027,-2.0469150270066643,0.7002700631392288,0.010703716849995874,0.7137977788677796
1.044844829,-0.236424247,1.0725263970743102,6.0606558276084845,-2.0467810960710566,0.7002701573105312,0.010703764795043686,0.7137976857622167
1.040964568,-0.253519222,1.0726578049448308,6.044293365866546,-2.0466471501071966,0.7002702477008846,0.010703795318380975,0.7137975966271698
1.036804612,-0.27055051399999996,1.0727892291948868,6.027930903848138,-2.0465131861132986,0.7002703267011996,0.010703712075093305,0.7137975203722754
1.032366006,-0.287513546,1.0729206694575102,6.011568442276778,-2.0463792070900406,0.7002703977081743,0.01070382282032375,0.7137974490502655
1.0763740259999999,0.024661294,1.0779402498072992,0.0,-2.0560314504215245,0.70027098400589,0.01063059998908234,0.7137979681277432
1.0767648509999999,0.00704751,1.0780714171046817,0.0,-2.0558977488988037,0.7002709713338837,0.010630614862072067,0.713797980338102
1.0768674440000001,-0.010572461000000002,1.0782026002147191,6.273367830210871,-2.0557640323470894,0.7002708093725039,0.010630585268383858,0.7137981396708947
1.076681707,-0.028193903,1.0783337989832433,6.257005368153231,-2.05563029876666,0.7002707954052706,0.01063062724287845,0.7137981527483052
1.076207621,-0.045812097,1.0784650150548385,6.24064290643158,-2.0554965481545033,0.7002707136874117,0.010630651320638252,0.713798232558909
1.07544524,-0.063422325,1.0785962458940201,6.224280444549945,-2.055362782515267,0.7002706678025664,0.010630564579729428,0.7137982788660002
1.0743947,-0.08101986900000001,1.0787274936982767,6.207917983101438,-2.0552289998449216,0.7002706409799099,0.010630689778330035,0.7137983033157357
1.07305621,-0.098600014,1.0788587565167183,6.1915555217576905,-2.0550952001470417,0.7002706378649566,0.010630531464560663,0.7137983087294254
1.07143006,-0.116158049,1.0789900363023561,6.175193060003188,-2.0549613854180526,0.7002705472043064,0.010630605139086221,0.7137983965746618
1.069516614,-0.133689267,1.07912133186516,6.158830597794011,-2.054827553660132,0.7002705768246869,0.010630626150897661,0.7137983672027138
1.0673163140000002,-0.151188966,1.0792526428526183,6.142468136088944,-2.054693705873926,0.7002705621332433,0.010630716075294588,0.7137983802764739
1.06482968,-0.168652453,1.079383970175386,6.126105674415587,-2.054559841057765,0.7002705731337142,0.010630512717608117,0.7137983725130931
1.062057308,-0.186075043,1.0795153138994253,6.109743212733303,-2.054425961211532,0.7002705937980602,0.010630640678016945,0.7137983503346637
1.05899987,-0.20345206100000002,1.079646673476722,6.093380750714612,-2.054292064336227,0.7002706372707368,0.010630619933874793,0.7137983079948129
1.055658115,-0.220778842,1.0797780486621826,6.077018289058252,-2.0541581504322997,0.7002707060415684,0.010630608075819496,0.7137982407038995
1.052032869,-0.238050735,1.0799094402036096,6.060655827061684,-2.0540242204983805,0.7002707149044399,0.010630461518535948,0.7137982341916569
1.0481250340000001,-0.255263101,1.080040848416614,6.044293365450892,-2.053890274533893,0.7002708308494722,0.01063062051161269,0.7137981180760623
1.043935586,-0.272411316,1.0801722717861872,6.027930904354515,-2.053756312541611,0.7002709221259463,0.010630594323502676,0.7137980289193897
1.039465578,-0.289490774,1.0803037106156108,6.011568442404328,-2.0536223335209787,0.7002709944393316,0.010630529980128011,0.7137979589346634
1.0837418509999999,0.024830102000000003,1.0853232901683147,0.0,-2.0632745778539245,0.7002716169156649,0.010558450937453076,0.7137984180818291
1.0841344529999999,0.007095745,1.0854544587467505,0.0,-2.0631408763288577,0.7002714562848209,0.01055848789564839,0.7137985751219273
1.084236849,-0.010644812,1.0855856421562264,6.2733678304767935,-2.063007157776591,0.7002714423833966,0.010558391978177014,0.7137985901787093
1.084048943,-0.028386821,1.0857168422060786,6.257005368029608,-2.0628734231938126,0.7002713316753401,0.010558351985010483,0.713798699380299
1.083570715,-0.04612553,1.0858480589468875,6.240642906254629,-2.0627396725804297,0.7002712493330062,0.010558460591867984,0.7137987785556378
1.082802221,-0.063856188,1.0859792906688501,6.224280445355938,-2.062605905939574,0.7002712053974259,0.010558505128740112,0.7137988209997843
1.081743597,-0.081574048,1.0861105381300518,6.20791798283774,-2.0624721232698575,0.7002711262171737,0.01055838549302611,0.7137989004490771
1.080395057,-0.09927436,1.0862418020568358,6.191555521119562,-2.062338323569947,0.7002710749976103,0.010558481977453146,0.7137989492707473
1.078756891,-0.116952381,1.086373081705744,6.175193059329245,-2.0622045078412072,0.7002711313872475,0.010558500471198216,0.7137988936762399
1.076829467,-0.134603371,1.0865043765421778,6.158830598257662,-2.062070676084617,0.7002711083821388,0.010558415021701259,0.7137989175093223
1.0746132320000001,-0.15222259900000001,1.0866356878250993,6.142468136194774,-2.061936828297869,0.7002710922978242,0.01055844656186107,0.7137989328222709
1.07210871,-0.169805338,1.086767015969718,6.1261056745004705,-2.0618029644802047,0.7002711061940747,0.010558503729302598,0.7137989183437622
1.0693164990000001,-0.18734687100000003,1.086898358258499,6.109743212780761,-2.0616690836365996,0.7002711777229301,0.01055838833134024,0.7137988498774603
1.06623728,-0.20484249100000002,1.0870297177465078,6.093380751390683,-2.0615351877614594,0.7002711738027027,0.010558309688490712,0.7137988548866597
1.062871806,-0.222287503,1.0871610927142146,6.07701828915909,-2.061401274857932,0.7002712326570291,0.010558394601876851,0.7137987958916968
1.05922091,-0.239677222,1.0872924840893847,6.06065582762363,-2.0612673459243203,0.7002713356678417,0.010558469574738223,0.7137986937240894
1.055285499,-0.25700697899999997,1.0874238906820042,6.04429336571757,-2.061133399962801,0.7002713296684943,0.01055847790101689,0.71379869948658
1.0510665590000001,-0.274272119,1.0875553136623817,6.027930903730821,-2.0609994389712343,0.7002713994659151,0.010558369121204714,0.7137986326209577
1.046565151,-0.291468002,1.0876867527388807,6.011568442777102,-2.06086546095015,0.7002714336024848,0.010558401802763061,0.7137985986478905
1.091109677,0.024998909,1.0927063315061605,0.0,-2.070517705284535,0.7002720948110553,0.010487180208518724,0.7137989999153895
1.091504055,0.007143979,1.0928375003804423,0.0,-2.070384002758924,0.7002719813515434,0.010487240855729643,0.7137991103337252
1.091606255,-0.010717164,1.0929686851075011,6.273367829832124,-2.0702502832042424,0.7002718696323058,0.010487173397632358,0.7137992209268674
1.091416179,-0.028579737999999997,1.0930998854045693,6.2570053688232665,-2.070116548621011,0.7002718077552477,0.010487152881137232,0.7137992819327047
1.090933809,-0.046438962,1.0932311027964066,6.240642906995054,-2.0699827970064337,0.7002718225627124,0.010487247376494117,0.7137992660175277
1.0901592009999999,-0.064290052,1.0933623345061194,6.224280445183026,-2.0698490303656003,0.7002717278171249,0.01048722104220801,0.7137993593544549
1.089092494,-0.082128226,1.0934935824866305,6.2079179834906055,-2.0697152466949307,0.7002716980110468,0.010487357695210678,0.7137993865879249
1.087733903,-0.099948705,1.093624846509649,6.1915555213179205,-2.069581446994844,0.7002716456882364,0.010487213978729254,0.713799440030639
1.0860837220000001,-0.11774671199999999,1.0937561270031815,6.175193059574438,-2.069447631264557,0.7002716071871751,0.010487266272245641,0.7137994770337298
1.0841423209999999,-0.135517476,1.093887422337338,6.158830597920386,-2.069313799507055,0.7002715894135778,0.010487187057791574,0.7137994956343106
1.081910151,-0.153256232,1.094018733789526,6.142468136427531,-2.0691799517199976,0.7002716248114434,0.010487166232004665,0.7137994612132761
1.079387739,-0.17095822300000002,1.0941500607763632,6.126105674441063,-2.0690460879044537,0.700271633852646,0.010487072480809592,0.7137994537208111
1.076575691,-0.18861869899999997,1.0942814036043995,6.109743212985473,-2.0689122070598605,0.7002716544847339,0.010487206930597327,0.7137994315044026
1.07347469,-0.20623292199999999,1.0944127622049604,6.093380751159242,-2.0687783111863465,0.7002716981877781,0.010487154046735465,0.7137993894065796
1.070085497,-0.223796164,1.0945441367644142,6.077018289258568,-2.0686443982835674,0.7002717171218343,0.010487232225185847,0.7137993696827512
1.06640895,-0.24130371,1.094675527218684,6.060655827084098,-2.0685104703516437,0.7002717733635038,0.010487328994156126,0.713799313085199
1.062445965,-0.258750857,1.0948069339189934,6.044293366197047,-2.068376525389929,0.7002718907727095,0.010487289612735668,0.7137991984796516
1.058197532,-0.27613292100000003,1.0949383552842529,6.02793090400029,-2.068242564401321,0.7002719332214913,0.010487216090490931,0.7137991579155208
1.053664723,-0.29344523100000003,1.0950697941671024,6.011568442018805,-2.068108588380596,0.7002720417156951,0.010487246241222664,0.7137990510343987
1.098477502,0.025167717000000003,1.100089371867176,0.0,-2.0777608327169355,0.7002725586305214,0.010416956961742673,0.713799573155322
1.098873657,0.007192214000000001,1.100220542020679,0.0,-2.077627129188979,0.7002724962680735,0.01041704046079694,0.713799633117389
1.09897566,-0.010789515,1.1003517270508405,6.27336783009702,-2.0774934096337416,0.7002724326298434,0.010416911179805892,0.7137996974363002
1.098783415,-0.028772656,1.1004829286274043,6.257005368696809,-2.0773596730481634,0.7002723698567159,0.01041700764061994,0.7137997576120871
1.098296902,-0.046752395,1.100614145689362,6.24064290677801,-2.07722592143419,0.700272288467878,0.010416986824900738,0.7137998377622756
1.0975161820000001,-0.06472391599999999,1.1007453793398205,6.224280445065979,-2.0770921537898004,0.7002722433606312,0.010416901022894812,0.7137998832668355
1.096441392,-0.082682405,1.1008766279155726,6.207917983296223,-2.076958370118039,0.7002722160872201,0.01041698296428388,0.7137999088275477
1.09507275,-0.10062305,1.101007891958265,6.191555521596827,-2.076824570417917,0.7002722117277574,0.010416990719837522,0.7137999129912093
1.093410552,-0.11854104300000001,1.1011391713046135,6.175193059718345,-2.07669075368973,0.7002721663035344,0.01041698858248812,0.7137999575857562
1.091455174,-0.136431581,1.1012704671383906,6.158830597474865,-2.0765569219313122,0.700272195890433,0.010416907027537042,0.7137999297497657
1.089207069,-0.154289865,1.101401778762007,6.142468136529675,-2.076423074143941,0.7002721379382315,0.01041691311540888,0.7137999865148251
1.086666768,-0.172111108,1.1015331055811761,6.126105674382452,-2.0762892103287043,0.700272146252163,0.010416903683050677,0.7137999784961101
1.083834882,-0.189890527,1.1016644479653048,6.1097432130306055,-2.0761553304849256,0.7002722094351427,0.01041688278547559,0.7137999168155301
1.0807121000000002,-0.207623353,1.1017958066634126,6.093380750930901,-2.076021434611233,0.7002722702574384,0.0104168723136608,0.7137998572987347
1.077299188,-0.225304825,1.101927180816446,6.077018289356714,-2.0758875227092,0.7002722816616364,0.010416828182382407,0.7137998467546939
1.0735969909999998,-0.242930197,1.102058571102627,6.06065582763837,-2.0757535947775847,0.7002723258379877,0.010416965995297336,0.7137998014043632
1.06960643,-0.260494736,1.1021899764210092,6.044293365572584,-2.0756196508184033,0.7002723206743566,0.01041686125990483,0.7137998079986033
1.065328506,-0.277993724,1.1023213981280444,6.027930903616646,-2.075485690829171,0.7002724377068349,0.010417015911231774,0.7137996909271062
1.060764295,-0.29542245899999997,1.1024528353252032,6.011568442145521,-2.0753517148115335,0.7002725199645803,0.0104168740827132,0.7137996122980186
1.105845327,0.025336525,1.1074724122281911,0.0,-2.085003960149335,0.7002731133323674,0.010347576129364367,0.7138000381143448
1.106243259,0.007240449,1.1076035836609157,0.0,-2.084870255619034,0.7002730002581278,0.010347585639387254,0.7138001489078827
1.106345066,-0.010861866000000001,1.1077347699922984,6.27336783036726,-2.084736535061412,0.7002729365329606,0.01034768021568608,0.7138002100543669
1.1061506509999999,-0.028965573999999997,1.1078659718520714,6.2570053685720355,-2.0846027984753137,0.7002728246533594,0.010347697149797327,0.7138003195682259
1.105659996,-0.047065828,1.1079971895814107,6.240642906602287,-2.0844690458601165,0.7002727945723669,0.010347567751028113,0.7138003509549752
1.104873162,-0.06515778,1.1081284231752575,6.224280444897301,-2.0843352772158283,0.7002727464225366,0.010347605604606864,0.7138003976435494
1.103790289,-0.083236584,1.1082596723473477,6.207917983036496,-2.0842014935429756,0.7002727173553174,0.010347641878372687,0.7138004256340538
1.102411596,-0.101297395,1.1083909364092466,6.191555521789368,-2.084067692842816,0.7002727161891728,0.010347613215813041,0.7138004271936059
1.100737383,-0.11933537400000001,1.108522216602051,6.175193059957683,-2.0839338771130795,0.7002726258379313,0.0103476462528262,0.7138005153536069
1.098768028,-0.137345685,1.1086535128095172,6.158830598043397,-2.083800045353978,0.7002726561877183,0.010347568061807214,0.7138004867125015
1.096503987,-0.155323499,1.1087848238765727,6.14246813573641,-2.083666197567626,0.7002726902608567,0.010347715829526186,0.7138004511429885
1.093945797,-0.173263993,1.108916150387821,6.126105674324621,-2.083532333752953,0.7002726990326327,0.010347643565344893,0.7138004435850376
1.0910940740000001,-0.191162356,1.109047493483779,6.109743212341715,-2.0833984539078707,0.7002726232300892,0.010347685862634067,0.7138005173378189
1.08794951,-0.20901378399999998,1.1091788511218648,6.093380750705599,-2.08326455803612,0.7002727156211255,0.01034769922224975,0.7138004265040896
1.084512879,-0.226813486,1.109310224868478,6.077018289453555,-2.083130647134834,0.7002727852334812,0.01034757220685142,0.7138003600522815
1.080785031,-0.244556685,1.1094416142319268,6.060655827105916,-2.082996719204908,0.7002727926825518,0.010347617825853049,0.7138003520830667
1.0767668959999999,-0.262238614,1.1095730196579985,6.044293366046648,-2.0828627762455314,0.7002728737478628,0.010347561214196964,0.7138002733747225
1.0724594790000002,-0.279854526,1.109704439751748,6.0279309038832904,-2.082728817259256,0.7002730006169013,0.010347654745957086,0.7138001475541034
1.067863867,-0.29739968699999997,1.1098358764851364,6.011568442270551,-2.0825948422424707,0.7002730719573308,0.010347722765441988,0.7138000765795789
